Date,Rice,Chicken Meat,Beef,Chicken Egg,Shallot,Garlic,Red Chili,Bird's Eye Chili,Cooking Oil,Sugar
3/27/2017,14650,57500,122500,19500,26750,35000,21350,37750,13900,15100
3/28/2017,12550,44825,124075,19175,28125,36075,21875,43025,13725,14900
3/29/2017,10450,32150,125650,18850,29500,37150,22400,48300,13550,14700
3/30/2017,11750,30300,114700,20450,33850,38600,31250,57900,13800,16150
3/31/2017,11700,27500,117100,19650,26550,32000,23800,47600,13700,14550
4/1/2017,11666.666666666666,28016.666666666668,116116.66666666667,19616.666666666668,28583.333333333332,33900,25533.333333333332,48483.333333333336,13700,14500
4/2/2017,11633.333333333334,28533.333333333332,115133.33333333333,19583.333333333332,30616.666666666668,35800,27266.666666666668,49366.666666666664,13700,14450
4/3/2017,11600,29050,114150,19550,32650,37700,29000,50250,13700,14400
4/4/2017,11100,30000,117550,19550,32500,37900,26500,48900,13550,14600
4/5/2017,11350,30550,116750,19900,32450,38100,27200,47650,14000,14850
4/6/2017,11200,30050,117650,19650,31400,37450,25900,46300,13450,14450
4/7/2017,11300,29950,118100,19800,31100,37150,26850,46900,13550,14450
4/8/2017,11350,29816.666666666668,117266.66666666667,19816.666666666668,31733.333333333332,37750,28066.666666666668,47466.666666666664,13750,14616.666666666666
4/9/2017,11400,29683.333333333332,116433.33333333333,19833.333333333332,32366.666666666668,38350,29283.333333333332,48033.333333333336,13950,14783.333333333334
4/10/2017,11450,29550,115600,19850,33000,38950,30500,48600,14150,14950
4/11/2017,11350,29550,115450,20400,32750,38750,31650,49550,13950,14850
4/12/2017,11550,30100,116600,20550,32950,39300,31700,48200,13950,14850
4/13/2017,11550,30000,116650,20650,32700,39650,31450,48900,13950,14850
4/14/2017,11500,35500,121300,18300,30650,40850,25650,44550,13350,14450
4/15/2017,11450,33500,119466.66666666667,18900,31216.666666666668,40666.666666666664,26550,44583.333333333336,13533.333333333334,14533.333333333334
4/16/2017,11400,31500,117633.33333333333,19500,31783.333333333332,40483.333333333336,27450,44616.666666666664,13716.666666666666,14616.666666666666
4/17/2017,11350,29500,115800,20100,32350,40300,28350,44650,13900,14700
4/18/2017,11200,29000,114100,19850,31700,40100,28850,44350,13850,14750
4/19/2017,11350,29800,114550,20150,31850,40550,29700,43550,13850,14750
4/20/2017,11350,29800,115800,20300,31650,41000,29550,43700,13850,14700
4/21/2017,11350,29700,115500,20100,31550,41050,29200,43550,13850,14700
4/22/2017,10750,29966.666666666668,115366.66666666667,19533.333333333332,31250,44083.333333333336,27050,43933.333333333336,13666.666666666666,14633.333333333334
4/23/2017,10150,30233.333333333332,115233.33333333333,18966.666666666668,30950,47116.666666666664,24900,44316.666666666664,13483.333333333334,14566.666666666666
4/24/2017,9550,30500,115100,18400,30650,50150,22750,44700,13300,14500
4/25/2017,11300,29900,115450,21300,31650,44900,29500,42850,13800,14650
4/26/2017,11300,29650,116050,20800,31900,46050,30000,43600,13800,14600
4/27/2017,11300,29700,115900,20400,31650,46500,30550,43850,13800,14600
4/28/2017,11950,29850,115150,20500,31100,47150,31250,43500,13900,14650
4/29/2017,11166.666666666666,30233.333333333332,115133.33333333333,20266.666666666668,31200,50150,29350,43733.333333333336,13766.666666666666,14600
4/30/2017,10383.333333333334,30616.666666666668,115116.66666666667,20033.333333333332,31300,53150,27450,43966.666666666664,13633.333333333334,14550
5/1/2017,9600,31000,115100,19800,31400,56150,25550,44200,13500,14500
5/2/2017,11300,29650,116450,20400,31500,49800,31600,43600,13800,14600
5/3/2017,11450,30150,117000,20650,31400,50200,32500,44050,13900,14700
5/4/2017,11300,29750,116450,20450,30850,51050,30850,43950,13800,14600
5/5/2017,11500,30150,117150,20650,31050,50900,32250,44150,13900,14700
5/6/2017,11450,30133.333333333332,117016.66666666667,20683.333333333332,31266.666666666668,51366.666666666664,32166.666666666668,43650,13866.666666666666,14683.333333333334
5/7/2017,11400,30116.666666666668,116883.33333333333,20716.666666666668,31483.333333333332,51833.333333333336,32083.333333333332,43150,13833.333333333334,14666.666666666666
5/8/2017,11350,30100,116750,20750,31700,52300,32000,42650,13800,14650
5/9/2017,11350,30200,116750,20900,31750,52550,32900,42800,13800,14650
5/10/2017,11350,30250,116750,21050,31900,52300,33200,42900,13800,14650
5/11/2017,9700,31750,115100,21850,31500,56650,33000,45800,13250,14600
5/12/2017,11350,30450,116750,21300,31450,52000,33750,42900,13800,14650
5/13/2017,11333.333333333334,30633.333333333332,116616.66666666667,21400,31266.666666666668,51916.666666666664,33500,42266.666666666664,13800,14650
5/14/2017,11316.666666666666,30816.666666666668,116483.33333333333,21500,31083.333333333332,51833.333333333336,33250,41633.333333333336,13800,14650
5/15/2017,11300,31000,116350,21600,30900,51750,33000,41000,13800,14650
5/16/2017,11350,31400,116650,21600,31050,53550,33150,41750,13800,14650
5/17/2017,11350,31600,116700,21700,31050,53400,33800,41800,13800,14650
5/18/2017,11300,31700,116400,21900,30700,53200,33600,40950,13800,14650
5/19/2017,11300,31900,116450,22000,30300,54050,33350,40900,13800,14650
5/20/2017,11316.666666666666,31866.666666666668,116466.66666666667,22000,30283.333333333332,54283.333333333336,32933.333333333336,40666.666666666664,13800,14650
5/21/2017,11333.333333333334,31833.333333333332,116483.33333333333,22000,30266.666666666668,54516.666666666664,32516.666666666668,40433.333333333336,13800,14650
5/22/2017,11350,31800,116500,22000,30250,54750,32100,40200,13800,14650
5/23/2017,11550,31900,116750,22050,30350,55250,31900,40700,13950,14800
5/24/2017,11450,32300,116900,21950,30350,54900,33400,41400,13950,14750
5/25/2017,9800,32900,115100,22150,29900,53900,27300,40850,13350,14650
5/26/2017,11350,32250,119900,22050,30650,56600,33350,40650,13950,14750
5/27/2017,11350,32183.333333333332,119250,22133.333333333332,30416.666666666668,56283.333333333336,33700,42266.666666666664,13916.666666666666,14716.666666666666
5/28/2017,11350,32116.666666666668,118600,22216.666666666668,30183.333333333332,55966.666666666664,34050,43883.333333333336,13883.333333333334,14683.333333333334
5/29/2017,11350,32050,117950,22300,29950,55650,34400,45500,13850,14650
5/30/2017,11350,32100,117550,22350,30200,54250,32900,42900,13850,14650
5/31/2017,11300,32100,117350,22300,30300,52800,32300,41750,13850,14700
6/1/2017,9800,33150,115100,21250,30400,54400,23350,34550,13250,14650
6/2/2017,11350,32000,117150,22300,30250,50800,30150,39250,13950,14800
6/3/2017,11350,31800,117283.33333333333,22150,30633.333333333332,50266.666666666664,30083.333333333332,38800,13916.666666666666,14766.666666666666
6/4/2017,11350,31600,117416.66666666667,22000,31016.666666666668,49733.333333333336,30016.666666666668,38350,13883.333333333334,14733.333333333334
6/5/2017,11350,31400,117550,21850,31400,49200,29950,37900,13850,14700
6/6/2017,11350,31250,117350,21800,31600,49300,29600,36700,13850,14650
6/7/2017,11350,31150,117350,21650,31550,48900,29150,36150,13850,14650
6/8/2017,10500,31050,117400,21800,31450,48550,26850,35500,13950,14750
6/9/2017,11350,31000,117400,22400,31000,48800,25950,34600,13950,14750
6/10/2017,11333.333333333334,30233.333333333332,117466.66666666667,22100,31250,47883.333333333336,26433.333333333332,34933.333333333336,13900,14716.666666666666
6/11/2017,11316.666666666666,29466.666666666668,117533.33333333333,21800,31500,46966.666666666664,26916.666666666668,35266.666666666664,13850,14683.333333333334
6/12/2017,11300,28700,117600,21500,31750,46050,27400,35600,13800,14650
6/13/2017,11400,30950,117600,21550,31150,43450,27100,34800,13800,14700
6/14/2017,11200,31100,117950,21450,31450,42400,25850,34150,13800,14650
6/15/2017,11300,31100,117950,20950,31000,41900,24850,32950,13650,14600
6/16/2017,11200,30950,117400,20950,30850,40200,25100,33550,13750,14550
6/17/2017,11200,31216.666666666668,117816.66666666667,21000,31300,39683.333333333336,25833.333333333332,33783.333333333336,13733.333333333334,14550
6/18/2017,11200,31483.333333333332,118233.33333333333,21050,31750,39166.666666666664,26566.666666666668,34016.666666666664,13716.666666666666,14550
6/19/2017,11200,31750,118650,21100,32200,38650,27300,34250,13700,14550
6/20/2017,11200,32350,118700,21150,32250,38300,27950,34500,13700,14550
6/21/2017,11200,32700,119800,21250,32750,37150,29850,35550,13700,14550
6/22/2017,11250,34500,121700,21300,33000,37200,31150,37200,13750,14650
6/23/2017,11650,39000,127200,20500,40250,49900,29000,35850,13450,14500
6/24/2017,11364.285714285714,38771.42857142857,127600,20328.571428571428,39821.42857142857,52150,28721.428571428572,34792.857142857145,13328.57142857143,14450
6/25/2017,11078.57142857143,38542.857142857145,128000,20157.14285714286,39392.857142857145,54400,28442.85714285714,33735.71428571428,13207.142857142857,14400
6/26/2017,10792.857142857143,38314.28571428572,128400,19985.714285714286,38964.28571428572,56650,28164.285714285714,32678.571428571428,13085.714285714286,14350
6/27/2017,10507.142857142857,38085.71428571428,128800,19814.285714285714,38535.71428571428,58900,27885.714285714286,31621.428571428572,12964.285714285714,14300
6/28/2017,10221.42857142857,37857.142857142855,129200,19642.85714285714,38107.142857142855,61150,27607.14285714286,30564.285714285714,12842.857142857143,14250
6/29/2017,9935.714285714286,37628.57142857143,129600,19471.428571428572,37678.57142857143,63400,27328.571428571428,29507.142857142855,12721.42857142857,14200
6/30/2017,9650,37400,130000,19300,37250,65650,27050,28450,12600,14150
7/1/2017,10216.666666666666,36316.666666666664,125816.66666666667,20016.666666666668,37483.333333333336,55983.333333333336,27483.333333333332,31900,13033.333333333334,14383.333333333334
7/2/2017,10783.333333333334,35233.333333333336,121633.33333333333,20733.333333333332,37716.666666666664,46316.66666666667,27916.666666666668,35350,13466.666666666666,14616.666666666666
7/3/2017,11350,34150,117450,21450,37950,36650,28350,38800,13900,14850
7/4/2017,11200,33300,117500,21250,38150,35150,29700,38300,13900,14850
7/5/2017,11250,33100,116050,21950,37250,35550,28750,37900,13950,14850
7/6/2017,11150,32600,116050,21900,37100,34750,29050,38950,13850,14850
7/7/2017,11100,32500,116000,21900,37200,35750,28850,39900,13850,14900
7/8/2017,11133.333333333334,32350,116050,21750,37166.666666666664,35866.666666666664,29066.666666666668,40066.666666666664,13850,14900
7/9/2017,11166.666666666666,32200,116100,21600,37133.333333333336,35983.333333333336,29283.333333333332,40233.333333333336,13850,14900
7/10/2017,11200,32050,116150,21450,37100,36100,29500,40400,13850,14900
7/11/2017,11100,31950,116200,21400,37300,35450,29150,42300,13850,14950
7/12/2017,11150,32150,116350,21550,37400,34650,29400,41300,13850,14950
7/13/2017,11150,32050,116250,21500,37850,35400,29750,41800,13900,14850
7/14/2017,11150,31800,115500,21700,37150,35300,28950,40850,13800,14900
7/15/2017,11133.333333333334,31883.333333333332,115416.66666666667,21716.666666666668,36883.333333333336,35150,28950,41283.333333333336,13816.666666666666,14883.333333333334
7/16/2017,11116.666666666666,31966.666666666668,115333.33333333333,21733.333333333332,36616.666666666664,35000,28950,41716.666666666664,13833.333333333334,14866.666666666666
7/17/2017,11100,32050,115250,21750,36350,34850,28950,42150,13850,14850
7/18/2017,11250,32350,115000,22100,36850,34750,31400,44200,14000,14900
7/19/2017,11200,32150,115400,22300,36450,34900,31400,43650,13900,14950
7/20/2017,11200,32150,115350,22300,36400,34800,31650,43500,13950,14950
7/21/2017,11200,32150,115300,22300,36100,34550,31700,42700,13900,14900
7/22/2017,11216.666666666666,32133.333333333332,115216.66666666667,22400,35883.333333333336,34400,31983.333333333332,42783.333333333336,13916.666666666666,14916.666666666666
7/23/2017,11233.333333333334,32116.666666666668,115133.33333333333,22500,35666.666666666664,34250,32266.666666666668,42866.666666666664,13933.333333333334,14933.333333333334
7/24/2017,11250,32100,115050,22600,35450,34100,32550,42950,13950,14950
7/25/2017,11200,32150,115300,22700,35400,34250,32650,43300,13950,14900
7/26/2017,11250,32400,115400,22750,35100,34050,32650,43250,14000,14950
7/27/2017,11250,32650,115500,22850,34750,34200,32450,42100,13950,14900
7/28/2017,11250,33000,115500,22750,34500,33900,32450,41950,14000,14900
7/29/2017,11233.333333333334,33200,115483.33333333333,22800,34166.666666666664,33750,32200,41833.333333333336,13983.333333333334,14916.666666666666
7/30/2017,11216.666666666666,33400,115466.66666666667,22850,33833.333333333336,33600,31950,41716.666666666664,13966.666666666666,14933.333333333334
7/31/2017,11200,33600,115450,22900,33500,33450,31700,41600,13950,14950
8/1/2017,11200,34100,115150,22850,33200,33350,32000,41050,13950,14900
8/2/2017,11200,34150,115150,22800,32950,33150,32200,40600,13950,14900
8/3/2017,11200,34250,115250,22800,32650,33150,32400,40350,13950,14900
8/4/2017,11300,34300,115000,22750,32150,33000,32250,40500,13950,14900
8/5/2017,11266.666666666666,34316.666666666664,115100,22733.333333333332,31850,32800,32266.666666666668,40166.666666666664,13950,14900
8/6/2017,11233.333333333334,34333.333333333336,115200,22716.666666666668,31550,32600,32283.333333333332,39833.333333333336,13950,14900
8/7/2017,11200,34350,115300,22700,31250,32400,32300,39500,13950,14900
8/8/2017,11200,34350,115000,22600,31100,31750,32200,39050,13950,14900
8/9/2017,11200,34300,115100,22700,30850,31650,31950,38050,13950,14850
8/10/2017,11200,34450,115050,22600,30550,31550,31800,37750,13950,14900
8/11/2017,11250,34500,115100,22700,30450,31550,32300,37500,13950,14900
8/12/2017,11216.666666666666,34433.333333333336,115016.66666666667,22616.666666666668,30233.333333333332,31433.333333333332,31933.333333333332,36750,13933.333333333334,14900
8/13/2017,11183.333333333334,34366.666666666664,114933.33333333333,22533.333333333332,30016.666666666668,31316.666666666668,31566.666666666668,36000,13916.666666666666,14900
8/14/2017,11150,34300,114850,22450,29800,31200,31200,35250,13900,14900
8/15/2017,11200,34450,114600,22400,29800,30900,31800,36050,13950,14850
8/16/2017,11250,34150,114950,22600,30100,31050,31700,35700,14000,14850
8/17/2017,11350,33400,115250,23950,34400,34850,40200,40700,14600,16000
8/18/2017,11250,34000,114450,22600,29950,30750,31600,35550,14000,14900
8/19/2017,11233.333333333334,33883.333333333336,114583.33333333333,22450,29550,30350,31700,35400,14000,14883.333333333334
8/20/2017,11216.666666666666,33766.666666666664,114716.66666666667,22300,29150,29950,31800,35250,14000,14866.666666666666
8/21/2017,11200,33650,114850,22150,28750,29550,31900,35100,14000,14850
8/22/2017,11200,33500,114800,22150,28700,29450,32050,35050,13950,14850
8/23/2017,11250,33400,115150,22300,28950,29650,31650,34900,14000,14850
8/24/2017,11250,33450,115200,22350,28850,29600,31600,33850,14000,14850
8/25/2017,11250,33150,115050,22250,28750,29250,31200,34050,14000,14850
8/26/2017,11250,32866.666666666664,115100,22250,28666.666666666668,29216.666666666668,31416.666666666668,33916.666666666664,14000,14850
8/27/2017,11250,32583.333333333332,115150,22250,28583.333333333332,29183.333333333332,31633.333333333332,33783.333333333336,14000,14850
8/28/2017,11250,32300,115200,22250,28500,29150,31850,33650,14000,14850
8/29/2017,11250,32800,114950,22400,28450,29200,32450,34300,14000,14850
8/30/2017,11250,33000,115950,22450,28400,29200,33800,34300,14000,14900
8/31/2017,11250,33750,118250,22500,28500,29200,35000,35000,14000,14900
9/1/2017,11250,33475,117612.5,22475,28450,29137.5,35087.5,34975,13987.5,14887.5
9/2/2017,11250,33200,116975,22450,28400,29075,35175,34950,13975,14875
9/3/2017,11250,32925,116337.5,22425,28350,29012.5,35262.5,34925,13962.5,14862.5
9/4/2017,11250,32650,115700,22400,28300,28950,35350,34900,13950,14850
9/5/2017,11300,32500,115700,22400,28000,28700,34100,34650,13950,14800
9/6/2017,11200,32450,115400,22350,28200,28850,33200,34350,13950,14800
9/7/2017,11300,32300,115050,22400,28050,28800,33050,34850,14000,14800
9/8/2017,11300,32100,114950,22400,27750,28450,32650,34350,14000,14850
9/9/2017,11300,31950,115133.33333333333,22366.666666666668,27750,28350,32750,33950,13983.333333333334,14850
9/10/2017,11300,31800,115316.66666666667,22333.333333333332,27750,28250,32850,33550,13966.666666666666,14850
9/11/2017,11300,31650,115500,22300,27750,28150,32950,33150,13950,14850
9/12/2017,11250,31600,115000,22250,27750,28250,32000,32600,13950,14800
9/13/2017,11300,31650,115300,22450,27650,27950,32550,33100,13950,14800
9/14/2017,11300,31400,115300,22250,27850,28050,32650,33000,14000,14800
9/15/2017,11300,31450,115300,22250,27750,27900,32500,33000,14000,14800
9/16/2017,11283.333333333334,31533.333333333332,115033.33333333333,22283.333333333332,27600,27866.666666666668,32466.666666666668,33183.333333333336,14000,14783.333333333334
9/17/2017,11266.666666666666,31616.666666666668,114766.66666666667,22316.666666666668,27450,27833.333333333332,32433.333333333332,33366.666666666664,14000,14766.666666666666
9/18/2017,11250,31700,114500,22350,27300,27800,32400,33550,14000,14750
9/19/2017,11250,31600,115000,22250,27200,27600,32100,32700,14000,14750
9/20/2017,11350,31550,115200,22300,26950,27450,32350,32350,14000,14750
9/21/2017,10300,30100,113550,21350,25100,25250,22750,30750,13650,14750
9/22/2017,11350,31700,115200,22400,26900,27300,31700,32150,14000,14750
9/23/2017,11350,31683.333333333332,115200,22400,26733.333333333332,27166.666666666668,31516.666666666668,31966.666666666668,14000,14750
9/24/2017,11350,31666.666666666668,115200,22400,26566.666666666668,27033.333333333332,31333.333333333332,31783.333333333332,14000,14750
9/25/2017,11350,31650,115200,22400,26400,26900,31150,31600,14000,14750
9/26/2017,11350,31500,115300,22450,26300,26850,31050,31350,14000,14700
9/27/2017,11300,31500,114950,22350,26100,26700,30650,30900,13950,14700
9/28/2017,11400,31200,115200,22350,26000,26450,30800,31050,13950,14700
9/29/2017,11350,30500,115300,22250,26000,26600,31050,31200,14000,14700
9/30/2017,11366.666666666666,30400,115200,22266.666666666668,25766.666666666668,26500,31583.333333333332,31416.666666666668,14000,14700
10/1/2017,11383.333333333334,30300,115100,22283.333333333332,25533.333333333332,26400,32116.666666666668,31633.333333333332,14000,14700
10/2/2017,11400,30200,115000,22300,25300,26300,32650,31850,14000,14700
10/3/2017,11350,30050,115250,22300,25250,26100,33200,31950,14000,14650
10/4/2017,11350,30000,115000,22250,25000,25950,33650,32000,14000,14650
10/5/2017,11350,30050,115200,22200,24950,25950,33600,31800,14000,14700
10/6/2017,11400,30000,114750,22200,24700,25850,33750,32200,14000,14650
10/7/2017,11383.333333333334,30066.666666666668,114650,22166.666666666668,24500,25616.666666666668,33816.666666666664,31866.666666666668,13966.666666666666,14633.333333333334
10/8/2017,11366.666666666666,30133.333333333332,114550,22133.333333333332,24300,25383.333333333332,33883.333333333336,31533.333333333332,13933.333333333334,14616.666666666666
10/9/2017,11350,30200,114450,22100,24100,25150,33950,31200,13900,14600
10/10/2017,11400,30100,114700,22100,23900,25050,34500,31150,14000,14600
10/11/2017,11350,30350,114500,22100,23750,24950,34050,30800,14000,14600
10/12/2017,11350,30150,114700,22150,23500,24700,34050,30500,14000,14650
10/13/2017,11400,30350,114700,22150,23600,24800,33400,30500,13950,14600
10/14/2017,11400,30366.666666666668,114700,22116.666666666668,23566.666666666668,24733.333333333332,33166.666666666664,30433.333333333332,13950,14600
10/15/2017,11400,30383.333333333332,114700,22083.333333333332,23533.333333333332,24666.666666666668,32933.333333333336,30366.666666666668,13950,14600
10/16/2017,11400,30400,114700,22050,23500,24600,32700,30300,13950,14600
10/17/2017,11400,30350,114600,22050,23350,24450,32650,30150,13950,14550
10/18/2017,11400,30400,114550,22000,23150,24300,32450,29850,13950,14550
10/19/2017,11400,30400,114600,22050,23200,24250,32300,29950,13950,14550
10/20/2017,11400,30300,114600,22050,23200,24350,32050,29850,13950,14550
10/21/2017,11383.333333333334,30200,114633.33333333333,21900,23083.333333333332,24183.333333333332,31516.666666666668,29650,13933.333333333334,14550
10/22/2017,11366.666666666666,30100,114666.66666666667,21750,22966.666666666668,24016.666666666668,30983.333333333332,29450,13916.666666666666,14550
10/23/2017,11350,30000,114700,21600,22850,23850,30450,29250,13900,14550
10/24/2017,11300,30000,112900,21600,23150,23850,30350,29050,13850,14450
10/25/2017,11300,29950,114250,21500,23250,23850,30300,29300,13850,14450
10/26/2017,11400,30250,114350,21900,23600,24050,30900,29950,13950,14550
10/27/2017,11350,30100,114250,21650,23350,23700,29600,29250,13900,14450
10/28/2017,11366.666666666666,30233.333333333332,114083.33333333333,21850,23466.666666666668,23783.333333333332,29950,29300,13900,14483.333333333334
10/29/2017,11383.333333333334,30366.666666666668,113916.66666666667,22050,23583.333333333332,23866.666666666668,30300,29350,13900,14516.666666666666
10/30/2017,11400,30500,113750,22250,23700,23950,30650,29400,13900,14550
10/31/2017,11350,30150,113850,21900,23800,23550,30500,29050,13850,14500
11/1/2017,11400,30350,113850,22250,24500,24100,31250,30000,13900,14500
11/2/2017,11400,30550,113600,22100,24400,23700,30850,29350,13950,14450
11/3/2017,11400,30300,113750,22050,24400,23650,30900,29200,13950,14450
11/4/2017,11400,30350,113766.66666666667,22033.333333333332,24616.666666666668,23650,31466.666666666668,29533.333333333332,13950,14450
11/5/2017,11400,30400,113783.33333333333,22016.666666666668,24833.333333333332,23650,32033.333333333332,29866.666666666668,13950,14450
11/6/2017,11400,30450,113800,22000,25050,23650,32600,30200,13950,14450
11/7/2017,11400,30550,113800,22000,25300,23550,32750,30500,13950,14450
11/8/2017,11350,30250,113950,21700,25050,23300,32850,30000,13850,14400
11/9/2017,11350,30200,113950,21700,25150,23350,33050,30100,13900,14400
11/10/2017,11350,30500,113550,21950,25650,23850,32750,30550,13900,14400
11/11/2017,11366.666666666666,30583.333333333332,113616.66666666667,21966.666666666668,25766.666666666668,23966.666666666668,33316.666666666664,30850,13900,14416.666666666666
11/12/2017,11383.333333333334,30666.666666666668,113683.33333333333,21983.333333333332,25883.333333333332,24083.333333333332,33883.333333333336,31150,13900,14433.333333333334
11/13/2017,11400,30750,113750,22000,26000,24200,34450,31450,13900,14450
11/14/2017,11300,30400,113550,21700,25700,24050,34150,30550,13850,14350
11/15/2017,11400,30900,113750,22050,26050,24500,34550,31650,13900,14400
11/16/2017,11400,30850,113900,22100,26150,24500,34650,31800,13900,14450
11/17/2017,11400,30950,113750,22150,26250,24650,34850,31750,13900,14400
11/18/2017,11400,30966.666666666668,113800,22216.666666666668,26300,24716.666666666668,35200,31833.333333333332,13900,14416.666666666666
11/19/2017,11400,30983.333333333332,113850,22283.333333333332,26350,24783.333333333332,35550,31916.666666666668,13900,14433.333333333334
11/20/2017,11400,31000,113900,22350,26400,24850,35900,32000,13900,14450
11/21/2017,11450,31100,113900,22500,26600,24950,35850,31700,13900,14450
11/22/2017,11400,30850,114000,22350,26200,24600,36000,30900,13850,14350
11/23/2017,11400,30900,114000,22500,26100,24600,35900,30800,13850,14350
11/24/2017,11400,30900,114150,22650,26000,24650,35800,30900,13850,14350
11/25/2017,11416.666666666666,30966.666666666668,114133.33333333333,22833.333333333332,26066.666666666668,24650,36266.666666666664,31066.666666666668,13866.666666666666,14366.666666666666
11/26/2017,11433.333333333334,31033.333333333332,114116.66666666667,23016.666666666668,26133.333333333332,24650,36733.333333333336,31233.333333333332,13883.333333333334,14383.333333333334
11/27/2017,11450,31100,114100,23200,26200,24650,37200,31400,13900,14400
11/28/2017,11450,31200,113750,23300,26450,24700,36600,31500,13900,14400
11/29/2017,11450,31000,114150,23500,26450,24800,36800,31550,13900,14400
11/30/2017,11450,31300,114150,23550,26350,24750,37000,31600,13900,14400
12/1/2017,10700,29350,112600,25100,28050,27300,39900,33300,14000,14800
12/2/2017,10966.666666666666,30100,113150,24633.333333333332,27500,26383.333333333332,39266.666666666664,33316.666666666664,13966.666666666666,14666.666666666666
12/3/2017,11233.333333333334,30850,113700,24166.666666666668,26950,25466.666666666668,38633.333333333336,33333.333333333336,13933.333333333334,14533.333333333334
12/4/2017,11500,31600,114250,23700,26400,24550,38000,33350,13900,14400
12/5/2017,11500,31850,114250,23800,26400,24650,38000,33650,13900,14400
12/6/2017,11500,31900,114250,23900,26350,24650,37700,33050,13900,14400
12/7/2017,11500,31850,114100,24000,26450,24650,37400,32800,13900,14400
12/8/2017,11500,31850,114200,24050,26600,24700,37100,32650,13900,14400
12/9/2017,11500,32000,114216.66666666667,24133.333333333332,26550,24666.666666666668,36700,32583.333333333332,13900,14400
12/10/2017,11500,32150,114233.33333333333,24216.666666666668,26500,24633.333333333332,36300,32516.666666666668,13900,14400
12/11/2017,11500,32300,114250,24300,26450,24600,35900,32450,13900,14400
12/12/2017,11500,32600,114250,24550,26400,24650,35450,32650,13850,14400
12/13/2017,11550,32600,114250,24800,26400,24650,35250,32500,13900,14400
12/14/2017,11550,32800,114250,24900,26450,24600,35000,32650,13900,14400
12/15/2017,11550,32900,114250,25050,26500,24600,34950,32850,13900,14400
12/16/2017,11550,33016.666666666664,114233.33333333333,25116.666666666668,26450,24583.333333333332,35233.333333333336,33566.666666666664,13900,14400
12/17/2017,11550,33133.333333333336,114216.66666666667,25183.333333333332,26400,24566.666666666668,35516.666666666664,34283.333333333336,13900,14400
12/18/2017,11550,33250,114200,25250,26350,24550,35800,35000,13900,14400
12/19/2017,11600,33800,114100,25550,26350,24550,35050,35250,13950,14400
12/20/2017,11600,34000,114250,25700,26400,24550,35150,36350,13950,14400
12/21/2017,11600,34150,114350,26000,26500,24550,35450,37700,13950,14400
12/22/2017,11600,34150,114900,26150,26600,24600,35950,39750,13900,14300
12/23/2017,11316.666666666666,34400,115216.66666666667,25833.333333333332,25066.666666666668,24116.666666666668,35666.666666666664,37983.333333333336,13616.666666666666,14050
12/24/2017,11033.333333333334,34650,115533.33333333333,25516.666666666668,23533.333333333332,23633.333333333332,35383.333333333336,36216.666666666664,13333.333333333334,13800
12/25/2017,10750,34900,115850,25200,22000,23150,35100,34450,13050,13550
12/26/2017,11250,33250,116900,26150,25350,23900,36850,37450,13500,14300
12/27/2017,11600,34650,114150,26700,26550,24400,37400,42750,13950,14350
12/28/2017,11650,34700,114050,26900,26550,24350,37600,43400,13900,14300
12/29/2017,11700,34850,114250,26900,26500,24300,37500,43000,13950,14350
12/30/2017,11483.333333333334,35116.666666666664,114783.33333333333,26333.333333333332,24966.666666666668,23666.666666666668,37366.666666666664,42566.666666666664,13633.333333333334,14083.333333333334
12/31/2017,11266.666666666666,35383.333333333336,115316.66666666667,25766.666666666668,23433.333333333332,23033.333333333332,37233.333333333336,42133.333333333336,13316.666666666666,13816.666666666666
1/1/2018,11050,35650,115850,25200,21900,22400,37100,41700,13000,13550
1/2/2018,11750,34800,114200,26650,26300,24100,38700,44350,13800,14250
1/3/2018,11750,34750,113650,26450,26300,24150,38950,45000,13850,14250
1/4/2018,11750,34400,114250,26200,26300,24250,38600,45550,13850,14250
1/5/2018,11800,34550,114250,26100,26350,24150,38450,45500,13800,14250
1/6/2018,11800,34600,114216.66666666667,26066.666666666668,26416.666666666668,24183.333333333332,38466.666666666664,45216.666666666664,13800,14250
1/7/2018,11800,34650,114183.33333333333,26033.333333333332,26483.333333333332,24216.666666666668,38483.333333333336,44933.333333333336,13800,14250
1/8/2018,11800,34700,114150,26000,26550,24250,38500,44650,13800,14250
1/9/2018,11850,34950,114150,25900,26400,24200,38800,44650,13800,14200
1/10/2018,11850,35150,113550,25800,26400,24200,38750,44250,13800,14200
1/11/2018,11900,35150,113900,25750,26300,24250,39000,44250,13800,14250
1/12/2018,11950,35100,113500,25700,26250,24300,39150,44200,13800,14200
1/13/2018,11950,34966.666666666664,113600,25583.333333333332,26216.666666666668,24266.666666666668,39483.333333333336,44216.666666666664,13800,14200
1/14/2018,11950,34833.333333333336,113700,25466.666666666668,26183.333333333332,24233.333333333332,39816.666666666664,44233.333333333336,13800,14200
1/15/2018,11950,34700,113800,25350,26150,24200,40150,44250,13800,14200
1/16/2018,12000,34600,114150,25200,26000,24150,39750,43800,13800,14200
1/17/2018,12000,34400,114150,25100,25800,24200,39700,43600,13800,14150
1/18/2018,12050,34250,114150,25000,25700,24100,39550,43400,13800,14150
1/19/2018,12050,34600,114150,24850,25850,24150,39700,43150,13800,14150
1/20/2018,12050,34366.666666666664,114133.33333333333,24816.666666666668,25750,24166.666666666668,39800,43083.333333333336,13800,14150
1/21/2018,12050,34133.333333333336,114116.66666666667,24783.333333333332,25650,24183.333333333332,39900,43016.666666666664,13800,14150
1/22/2018,12050,33900,114100,24750,25550,24200,40000,42950,13800,14150
1/23/2018,12050,33750,114150,24800,25400,24100,40150,43000,13800,14150
1/24/2018,12100,33600,114150,24600,25200,24150,40200,42050,13800,14150
1/25/2018,12100,33350,114400,24550,25200,24100,40300,41850,13800,14150
1/26/2018,12100,33000,114200,24450,25150,24100,40500,41500,13800,14150
1/27/2018,12100,32783.333333333336,114183.33333333333,24366.666666666668,25133.333333333332,24033.333333333332,40566.666666666664,41483.333333333336,13800,14150
1/28/2018,12100,32566.666666666668,114166.66666666667,24283.333333333332,25116.666666666668,23966.666666666668,40633.333333333336,41466.666666666664,13800,14150
1/29/2018,12100,32350,114150,24200,25100,23900,40700,41450,13800,14150
1/30/2018,12100,32300,114100,24150,25100,23950,40700,41200,13800,14150
1/31/2018,12100,32100,114150,24000,25050,23950,40450,41150,13800,14100
2/1/2018,12100,32300,113750,23900,24950,24000,40200,40600,13750,14100
2/2/2018,12100,32400,114000,23850,25050,24050,39800,40300,13750,14100
2/3/2018,12100,32383.333333333332,114000,23800,25083.333333333332,24150,39566.666666666664,40283.333333333336,13733.333333333334,14083.333333333334
2/4/2018,12100,32366.666666666668,114000,23750,25116.666666666668,24250,39333.333333333336,40266.666666666664,13716.666666666666,14066.666666666666
2/5/2018,12100,32350,114000,23700,25150,24350,39100,40250,13700,14050
2/6/2018,12100,32500,114000,23550,25050,24500,39050,40300,13750,14100
2/7/2018,12100,32500,114000,23550,25050,25000,39150,40550,13750,14100
2/8/2018,12100,32400,113950,23550,25200,25500,39300,40550,13750,14100
2/9/2018,12100,32500,113950,23400,25450,26150,39900,40650,13750,14100
2/10/2018,12100,32483.333333333332,113966.66666666667,23416.666666666668,25500,26816.666666666668,40216.666666666664,40966.666666666664,13750,14100
2/11/2018,12100,32466.666666666668,113983.33333333333,23433.333333333332,25550,27483.333333333332,40533.333333333336,41283.333333333336,13750,14100
2/12/2018,12100,32450,114000,23450,25600,28150,40850,41600,13750,14100
2/13/2018,12100,32500,113700,23500,25700,28600,41100,42250,13750,14100
2/14/2018,12100,32400,113700,23350,25750,29050,41350,42600,13750,14100
2/15/2018,12100,32350,113750,23450,25750,29400,41400,43000,13750,14100
2/16/2018,12350,28950,116100,21450,23650,31850,39500,48000,13100,13250
2/17/2018,12250,29933.333333333332,115350,22083.333333333332,24416.666666666668,31316.666666666668,40333.333333333336,46733.333333333336,13316.666666666666,13533.333333333334
2/18/2018,12150,30916.666666666668,114600,22716.666666666668,25183.333333333332,30783.333333333332,41166.666666666664,45466.666666666664,13533.333333333334,13816.666666666666
2/19/2018,12050,31900,113850,23350,25950,30250,42000,44200,13750,14100
2/20/2018,12050,31850,113800,23300,26000,30400,41800,44400,13750,14100
2/21/2018,12050,31700,113650,23200,26150,30600,41500,45300,13750,14100
2/22/2018,12050,31550,113650,23200,26250,30800,41050,45400,13750,14100
2/23/2018,12050,31450,113600,23150,26250,31000,40850,45200,13750,14100
2/24/2018,12050,31416.666666666668,113633.33333333333,23150,26300,31066.666666666668,40650,45250,13750,14100
2/25/2018,12050,31383.333333333332,113666.66666666667,23150,26350,31133.333333333332,40450,45300,13750,14100
2/26/2018,12050,31350,113700,23150,26400,31200,40250,45350,13750,14100
2/27/2018,12000,31300,113850,23100,26450,31250,40350,45800,13750,14100
2/28/2018,12000,31150,113850,23050,26450,31250,40200,45850,13750,14100
3/1/2018,12000,31100,113950,23100,26400,31300,40250,45850,13750,14100
3/2/2018,12000,31150,114050,23050,26500,31350,40550,45550,13750,14050
3/3/2018,12000,31116.666666666668,114050,23050,26566.666666666668,31416.666666666668,40966.666666666664,46000,13750,14050
3/4/2018,12000,31083.333333333332,114050,23050,26633.333333333332,31483.333333333332,41383.333333333336,46450,13750,14050
3/5/2018,12000,31050,114050,23050,26700,31550,41800,46900,13750,14050
3/6/2018,11950,31150,114050,23000,26700,31450,41800,47700,13750,14050
3/7/2018,12000,31200,114050,22950,26750,31600,41850,47550,13750,14050
3/8/2018,11950,31300,114050,22900,26900,31600,42050,47400,13750,14050
3/9/2018,11950,31400,114000,22850,27050,31700,42450,48200,13750,14000
3/10/2018,11950,31483.333333333332,114050,22816.666666666668,27166.666666666668,31750,43050,48800,13750,14000
3/11/2018,11950,31566.666666666668,114100,22783.333333333332,27283.333333333332,31800,43650,49400,13750,14000
3/12/2018,11950,31650,114150,22750,27400,31850,44250,50000,13750,14000
3/13/2018,11950,31800,114150,22700,27400,31900,44700,49700,13750,14000
3/14/2018,11950,31800,114150,22650,27700,32050,44550,49350,13750,14000
3/15/2018,11950,31900,114050,22650,27750,32200,44850,48900,13750,14000
3/16/2018,11900,31800,114200,22500,27550,32400,45800,48850,13650,14000
3/17/2018,11916.666666666666,31883.333333333332,114116.66666666667,22516.666666666668,27766.666666666668,32783.333333333336,45400,48383.333333333336,13683.333333333334,14000
3/18/2018,11933.333333333334,31966.666666666668,114033.33333333333,22533.333333333332,27983.333333333332,33166.666666666664,45000,47916.666666666664,13716.666666666666,14000
3/19/2018,11950,32050,113950,22550,28200,33550,44600,47450,13750,14000
3/20/2018,11950,32000,113950,22550,28400,33750,44350,46950,13750,14000
3/21/2018,11950,32000,114150,22500,28400,34200,44300,46750,13700,14000
3/22/2018,11950,32150,113850,22550,28650,34450,44250,46250,13750,14000
3/23/2018,11950,32200,114000,22500,28700,34900,43700,46000,13750,14000
3/24/2018,11933.333333333334,32266.666666666668,114016.66666666667,22500,29050,35166.666666666664,43750,45700,13733.333333333334,14000
3/25/2018,11916.666666666666,32333.333333333332,114033.33333333333,22500,29400,35433.333333333336,43800,45400,13716.666666666666,14000
3/26/2018,11900,32400,114050,22500,29750,35700,43850,45100,13700,14000
3/27/2018,11900,32400,114050,22450,30000,35700,43800,45150,13750,14000
3/28/2018,11850,32600,113800,22500,30800,36050,43300,44400,13750,14050
3/29/2018,11900,32500,113950,22400,31100,35750,43200,45050,13700,14000
3/30/2018,12150,29050,115450,21450,28950,40650,43100,45650,12950,13200
3/31/2018,12066.666666666666,30250,115000,21866.666666666668,30350,38933.333333333336,43200,45300,13200,13466.666666666666
4/1/2018,11983.333333333334,31450,114550,22283.333333333332,31750,37216.666666666664,43300,44950,13450,13733.333333333334
4/2/2018,11900,32650,114100,22700,33150,35500,43400,44600,13700,14000
4/3/2018,11900,32650,114050,22500,33700,35600,43700,44750,13700,14000
4/4/2018,11900,32750,114200,22550,33750,35250,43700,44800,13700,13950
4/5/2018,11850,32650,114200,22450,34400,35350,44050,44600,13700,14000
4/6/2018,11850,32650,114150,22400,34950,35100,44000,44500,13700,14000
4/7/2018,11850,32750,114133.33333333333,22533.333333333332,35233.333333333336,35116.666666666664,44100,44566.666666666664,13716.666666666666,14016.666666666666
4/8/2018,11850,32850,114116.66666666667,22666.666666666668,35516.666666666664,35133.333333333336,44200,44633.333333333336,13733.333333333334,14033.333333333334
4/9/2018,11850,32950,114100,22800,35800,35150,44300,44700,13750,14050
4/10/2018,11850,32900,114250,22900,36150,35050,44400,44950,13700,14000
4/11/2018,11850,32750,114250,23000,36700,35350,44450,44650,13700,14000
4/12/2018,11850,32800,114250,23100,37050,35450,44550,44500,13700,14000
4/13/2018,11900,33150,114300,23300,37600,35800,44250,44600,13700,14000
4/14/2018,11866.666666666666,33183.333333333336,114266.66666666667,23283.333333333332,37583.333333333336,35583.333333333336,44016.666666666664,43900,13700,14000
4/15/2018,11833.333333333334,33216.666666666664,114233.33333333333,23266.666666666668,37566.666666666664,35366.666666666664,43783.333333333336,43200,13700,14000
4/16/2018,11800,33250,114200,23250,37550,35150,43550,42500,13700,14000
4/17/2018,11800,33350,114200,23450,37550,34950,43100,42000,13700,14000
4/18/2018,11800,33500,114200,23550,37550,34750,42300,41450,13700,14000
4/19/2018,11800,33550,114200,23600,37800,34750,41900,40900,13700,14000
4/20/2018,11800,33550,114350,23600,37900,34800,41350,40500,13700,13950
4/21/2018,11800,33700,114300,23633.333333333332,37816.666666666664,34700,40816.666666666664,39833.333333333336,13700,13966.666666666666
4/22/2018,11800,33850,114250,23666.666666666668,37733.333333333336,34600,40283.333333333336,39166.666666666664,13700,13983.333333333334
4/23/2018,11800,34000,114200,23700,37650,34500,39750,38500,13700,14000
4/24/2018,11750,34100,114200,23750,37750,34500,39650,38100,13700,14000
4/25/2018,11750,34000,114200,23750,37550,34250,39550,37700,13700,13950
4/26/2018,11750,34050,114200,23800,37500,34000,39200,37300,13750,13950
4/27/2018,11750,34050,114200,23750,37400,33650,39350,36700,13750,13950
4/28/2018,11750,34133.333333333336,114233.33333333333,23800,37300,33300,39433.333333333336,36433.333333333336,13733.333333333334,13950
4/29/2018,11750,34216.666666666664,114266.66666666667,23850,37200,32950,39516.666666666664,36166.666666666664,13716.666666666666,13950
4/30/2018,11750,34300,114300,23900,37100,32600,39600,35900,13700,13950
5/1/2018,10700,36650,108150,31850,45500,34350,41450,39600,13750,15350
5/2/2018,11750,34450,114200,24050,36750,32000,39550,35500,13750,14000
5/3/2018,11750,34400,114200,24150,36600,31500,39450,35300,13750,13950
5/4/2018,11750,34550,114200,24250,36550,31050,39300,35050,13700,13950
5/5/2018,11750,34633.333333333336,114133.33333333333,24383.333333333332,36600,30750,39366.666666666664,34900,13700,13950
5/6/2018,11750,34716.666666666664,114066.66666666667,24516.666666666668,36650,30450,39433.333333333336,34750,13700,13950
5/7/2018,11750,34800,114000,24650,36700,30150,39500,34600,13700,13950
5/8/2018,11750,35050,114450,24750,36850,29950,39200,34400,13700,13950
5/9/2018,11750,35350,114500,24900,36800,30050,39000,34600,13700,13950
5/10/2018,10800,37200,108150,33050,46350,33950,41850,31150,13750,15450
5/11/2018,11700,35750,114550,25250,36600,30000,39450,34700,13700,13950
5/12/2018,11716.666666666666,36033.333333333336,114716.66666666667,25366.666666666668,36533.333333333336,29800,39900,34766.666666666664,13700,13950
5/13/2018,11733.333333333334,36316.666666666664,114883.33333333333,25483.333333333332,36466.666666666664,29600,40350,34833.333333333336,13700,13950
5/14/2018,11750,36600,115050,25600,36400,29400,40800,34900,13700,13950
5/15/2018,11700,36750,115950,25500,35850,28800,40800,34750,13650,13950
5/16/2018,11750,37050,116800,25750,36200,29300,40450,35050,13650,13900
5/17/2018,11750,37000,116500,25800,36250,29300,41000,35200,13700,13950
5/18/2018,11700,37000,116000,25850,36450,29450,41550,36700,13700,13950
5/19/2018,11700,36866.666666666664,115900,25816.666666666668,36416.666666666664,29300,41083.333333333336,36816.666666666664,13700,13950
5/20/2018,11700,36733.333333333336,115800,25783.333333333332,36383.333333333336,29150,40616.666666666664,36933.333333333336,13700,13950
5/21/2018,11700,36600,115700,25750,36350,29000,40150,37050,13700,13950
5/22/2018,11700,36500,115300,25700,36250,28700,40050,36300,13700,13950
5/23/2018,11700,36100,115150,25650,36250,28600,39400,35650,13700,13950
5/24/2018,11700,35900,115250,25600,36050,28400,38050,35000,13700,13900
5/25/2018,11700,35700,115350,25700,36300,28600,38250,35250,13700,13950
5/26/2018,11700,35650,115283.33333333333,25700,36216.666666666664,28550,37750,35233.333333333336,13700,13950
5/27/2018,11700,35600,115216.66666666667,25700,36133.333333333336,28500,37250,35216.666666666664,13700,13950
5/28/2018,11700,35550,115150,25700,36050,28450,36750,35200,13700,13950
5/29/2018,10850,38200,113150,31200,47900,34000,48950,33050,13750,15350
5/30/2018,11700,35250,115650,25700,36300,28800,35850,35700,13700,14000
5/31/2018,11700,35100,115450,25500,36050,28500,34950,35400,13700,13950
6/1/2018,11700,35100,115525,25437.5,36000,28462.5,34837.5,35625,13700,13937.5
6/2/2018,11700,35100,115600,25375,35950,28425,34725,35850,13700,13925
6/3/2018,11700,35100,115675,25312.5,35900,28387.5,34612.5,36075,13700,13912.5
6/4/2018,11700,35100,115750,25250,35850,28350,34500,36300,13700,13900
6/5/2018,11700,35100,116000,25200,35700,28100,34350,36500,13700,13900
6/6/2018,11700,35350,115850,25250,35700,28200,35300,37350,13700,13950
6/7/2018,11700,35400,115750,25150,35700,28200,35300,37950,13700,13900
6/8/2018,11700,35550,115950,25150,35650,28350,35750,38700,13700,13900
6/9/2018,11700,36016.666666666664,116900,25150,35733.333333333336,28483.333333333332,38333.333333333336,40016.666666666664,13700,13900
6/10/2018,11700,36483.333333333336,117850,25150,35816.666666666664,28616.666666666668,40916.666666666664,41333.333333333336,13700,13900
6/11/2018,11700,36950,118800,25150,35900,28750,43500,42650,13700,13900
6/12/2018,11700,38050,120200,25300,36150,29000,46200,43800,13700,13900
6/13/2018,11650,38850,122250,24950,35950,28900,47850,45400,13600,13900
6/14/2018,11660,38980,121500,25020,35990,29050,47600,45690,13620,13900
6/15/2018,11670,39110,120750,25090,36030,29200,47350,45980,13640,13900
6/16/2018,11680,39240,120000,25160,36070,29350,47100,46270,13660,13900
6/17/2018,11690,39370,119250,25230,36110,29500,46850,46560,13680,13900
6/18/2018,11700,39500,118500,25300,36150,29650,46600,46850,13700,13900
6/19/2018,11700,39300,118100,25300,35850,29650,44800,46950,13700,13900
6/20/2018,11700,39150,117400,25350,35750,29450,43000,45600,13750,13950
6/21/2018,11700,38850,117500,25100,35650,29300,40850,44550,13700,13900
6/22/2018,11700,38700,117000,25100,35400,29100,38850,42750,13700,13900
6/23/2018,11700,38516.666666666664,116783.33333333333,25066.666666666668,35150,29083.333333333332,38083.333333333336,41950,13700,13900
6/24/2018,11700,38333.333333333336,116566.66666666667,25033.333333333332,34900,29066.666666666668,37316.666666666664,41150,13700,13900
6/25/2018,11700,38150,116350,25000,34650,29050,36550,40350,13700,13900
6/26/2018,11700,37850,116250,25000,34450,29150,35850,40350,13700,13900
6/27/2018,11700,38350,116125,25000,34275,29100,35375,40250,13700,13900
6/28/2018,11700,38850,116000,25000,34100,29050,34900,40150,13700,13900
6/29/2018,11700,37400,115950,25100,34000,29050,34500,41450,13650,13900
6/30/2018,11700,37283.333333333336,115866.66666666667,25233.333333333332,33766.666666666664,29016.666666666668,34816.666666666664,42533.333333333336,13650,13900
7/1/2018,11700,37166.666666666664,115783.33333333333,25366.666666666668,33533.333333333336,28983.333333333332,35133.333333333336,43616.666666666664,13650,13900
7/2/2018,11700,37050,115700,25500,33300,28950,35450,44700,13650,13900
7/3/2018,11700,37050,115450,25600,33050,28900,35450,45250,13650,13850
7/4/2018,11700,37100,115400,25700,32950,28850,35550,45650,13650,13850
7/5/2018,11700,37050,115400,25850,32750,28750,35550,47000,13650,13850
7/6/2018,11650,37000,115150,25900,32350,28600,34850,47250,13600,13800
7/7/2018,11650,37283.333333333336,115283.33333333333,26150,32266.666666666668,28650,36000,47783.333333333336,13616.666666666666,13816.666666666666
7/8/2018,11650,37566.666666666664,115416.66666666667,26400,32183.333333333332,28700,37150,48316.666666666664,13633.333333333334,13833.333333333334
7/9/2018,11650,37850,115550,26650,32100,28750,38300,48850,13650,13850
7/10/2018,11700,38100,115500,26750,31850,28750,38450,49100,13600,13850
7/11/2018,11650,38250,115100,26900,31750,28950,38400,48800,13600,13800
7/12/2018,11700,38450,115300,27050,31300,28950,39250,49650,13600,13850
7/13/2018,11700,38500,115250,27200,31250,28850,39250,49900,13600,13850
7/14/2018,11700,38683.333333333336,115283.33333333333,27200,31066.666666666668,28733.333333333332,39416.666666666664,50350,13600,13850
7/15/2018,11700,38866.666666666664,115316.66666666667,27200,30883.333333333332,28616.666666666668,39583.333333333336,50800,13600,13850
7/16/2018,11700,39050,115350,27200,30700,28500,39750,51250,13600,13850
7/17/2018,11700,39100,115400,27150,30250,28350,39800,51100,13600,13800
7/18/2018,11700,39050,115200,27350,29850,28200,39700,51400,13600,13850
7/19/2018,11700,39500,115500,27350,29500,28100,39350,51400,13600,13800
7/20/2018,11700,39700,115650,27200,29100,28000,39900,51750,13600,13800
7/21/2018,11700,40200,115633.33333333333,27183.333333333332,28933.333333333332,27883.333333333332,39750,51366.666666666664,13600,13800
7/22/2018,11700,40700,115616.66666666667,27166.666666666668,28766.666666666668,27766.666666666668,39600,50983.333333333336,13600,13800
7/23/2018,11700,41200,115600,27150,28600,27650,39450,50600,13600,13800
7/24/2018,11700,41300,115600,27050,28700,27700,39100,49650,13600,13800
7/25/2018,11700,41150,115500,26950,28400,27400,37900,48900,13600,13800
7/26/2018,11700,41300,115550,26900,28250,27300,37300,47950,13600,13800
7/27/2018,11700,40850,115650,26800,28050,27350,36800,47350,13550,13800
7/28/2018,11683.333333333334,40533.333333333336,115533.33333333333,26650,27983.333333333332,27250,36450,46633.333333333336,13550,13783.333333333334
7/29/2018,11666.666666666666,40216.666666666664,115416.66666666667,26500,27916.666666666668,27150,36100,45916.666666666664,13550,13766.666666666666
7/30/2018,11650,39900,115300,26350,27850,27050,35750,45200,13550,13750
7/31/2018,11700,39750,115500,26400,27700,26950,36500,45050,13550,13800
8/1/2018,11700,39200,115500,26250,27700,27000,36450,44700,13600,13800
8/2/2018,11700,39050,115500,26100,27750,27000,36400,44250,13550,13750
8/3/2018,11700,38850,115500,26000,27800,26950,36800,44150,13550,13750
8/4/2018,11683.333333333334,38666.666666666664,115450,25900,27733.333333333332,26966.666666666668,36916.666666666664,43500,13550,13766.666666666666
8/5/2018,11666.666666666666,38483.333333333336,115400,25800,27666.666666666668,26983.333333333332,37033.333333333336,42850,13550,13783.333333333334
8/6/2018,11650,38300,115350,25700,27600,27000,37150,42200,13550,13800
8/7/2018,11650,37850,115600,25500,27550,26800,37200,41950,13500,13750
8/8/2018,11650,37700,115350,25400,27500,26550,36950,41800,13550,13750
8/9/2018,11650,37700,115700,25300,27500,26750,37050,41700,13550,13750
8/10/2018,11650,37550,115700,25200,27350,26550,36850,41600,13550,13750
8/11/2018,11650,37400,115733.33333333333,25133.333333333332,27283.333333333332,26600,36500,41566.666666666664,13550,13750
8/12/2018,11650,37250,115766.66666666667,25066.666666666668,27216.666666666668,26650,36150,41533.333333333336,13550,13750
8/13/2018,11650,37100,115800,25000,27150,26700,35800,41500,13550,13750
8/14/2018,11600,36950,115500,25050,27000,26450,35700,41400,13550,13750
8/15/2018,11600,36800,115500,25100,27050,26500,35350,41050,13550,13750
8/16/2018,11650,36550,115900,25000,26900,26500,34800,40850,13500,13700
8/17/2018,11100,34600,113950,24450,24250,26650,33950,32950,13350,14050
8/18/2018,11283.333333333334,35583.333333333336,114866.66666666667,24700,25233.333333333332,26700,35150,35850,13416.666666666666,13933.333333333334
8/19/2018,11466.666666666666,36566.666666666664,115783.33333333333,24950,26216.666666666668,26750,36350,38750,13483.333333333334,13816.666666666666
8/20/2018,11650,37550,116700,25200,27200,26800,37550,41650,13550,13700
8/21/2018,11650,38400,119150,25200,27350,27000,38850,42550,13550,13700
8/22/2018,11250,36700,125350,22700,23250,24700,27000,40250,12500,13100
8/23/2018,11600,38050,117350,25250,26900,27050,38200,42150,13500,13750
8/24/2018,11700,37850,117100,25050,26850,26750,37900,42150,13500,13700
8/25/2018,11700,37600,116866.66666666667,25000,26733.333333333332,26716.666666666668,37366.666666666664,41400,13500,13700
8/26/2018,11700,37350,116633.33333333333,24950,26616.666666666668,26683.333333333332,36833.333333333336,40650,13500,13700
8/27/2018,11700,37100,116400,24900,26500,26650,36300,39900,13500,13700
8/28/2018,11650,37000,116200,24950,26250,26650,35400,39350,13500,13700
8/29/2018,11650,36900,116000,24950,26100,26500,34900,38850,13500,13700
8/30/2018,11650,36650,115700,24950,26050,26600,33650,38500,13500,13700
8/31/2018,11650,36450,115650,24950,25800,26500,33250,37750,13500,13650
9/1/2018,11666.666666666666,36250,115666.66666666667,24900,25683.333333333332,26433.333333333332,32750,37166.666666666664,13483.333333333334,13666.666666666666
9/2/2018,11683.333333333334,36050,115683.33333333333,24850,25566.666666666668,26366.666666666668,32250,36583.333333333336,13466.666666666666,13683.333333333334
9/3/2018,11700,35850,115700,24800,25450,26300,31750,36000,13450,13700
9/4/2018,11700,35600,115650,24800,25250,26300,31000,36200,13500,13650
9/5/2018,11700,35400,115600,24700,25150,26200,31050,35800,13450,13650
9/6/2018,11650,35250,115400,24650,25150,26350,30900,35400,13500,13650
9/7/2018,11700,35000,115600,24550,25000,26050,31000,35650,13450,13600
9/8/2018,11700,34883.333333333336,115533.33333333333,24500,24950,26016.666666666668,30833.333333333332,35483.333333333336,13450,13600
9/9/2018,11700,34766.666666666664,115466.66666666667,24450,24900,25983.333333333332,30666.666666666668,35316.666666666664,13450,13600
9/10/2018,11700,34650,115400,24400,24850,25950,30500,35150,13450,13600
9/11/2018,10600,41350,109100,30850,28250,30700,36500,31550,13350,15000
9/12/2018,11700,34350,115400,24350,24500,25750,30600,35000,13450,13600
9/13/2018,11700,34200,115400,24350,24350,25700,30550,34850,13450,13600
9/14/2018,11700,34100,115400,24250,24200,25550,30400,34600,13450,13550
9/15/2018,11700,34016.666666666664,115433.33333333333,24166.666666666668,24050,25500,30383.333333333332,34566.666666666664,13450,13550
9/16/2018,11700,33933.333333333336,115466.66666666667,24083.333333333332,23900,25450,30366.666666666668,34533.333333333336,13450,13550
9/17/2018,11700,33850,115500,24000,23750,25400,30350,34500,13450,13550
9/18/2018,11700,33750,115350,23900,23600,25400,30250,34650,13450,13550
9/19/2018,11700,33650,115500,23800,23350,25300,30000,34550,13450,13550
9/20/2018,11700,33550,115500,23650,23250,25100,29750,34750,13450,13500
9/21/2018,11650,33550,115500,23650,23050,25150,29700,34800,13450,13550
9/22/2018,11666.666666666666,33416.666666666664,115550,23583.333333333332,22966.666666666668,25100,29783.333333333332,35150,13450,13533.333333333334
9/23/2018,11683.333333333334,33283.333333333336,115600,23516.666666666668,22883.333333333332,25050,29866.666666666668,35500,13450,13516.666666666666
9/24/2018,11700,33150,115650,23450,22800,25000,29950,35850,13450,13500
9/25/2018,11700,33050,115600,23300,22600,24850,30000,35750,13450,13500
9/26/2018,11750,33150,115750,23400,22450,24800,30400,36100,13400,13450
9/27/2018,11700,32950,115600,23200,22300,24650,30100,35600,13450,13500
9/28/2018,11700,33000,115650,23150,22200,24500,30300,35550,13400,13500
9/29/2018,11700,33116.666666666664,115633.33333333333,23150,22116.666666666668,24483.333333333332,30383.333333333332,35800,13400,13500
9/30/2018,11700,33233.333333333336,115616.66666666667,23150,22033.333333333332,24466.666666666668,30466.666666666668,36050,13400,13500
10/1/2018,11700,33350,115600,23150,21950,24450,30550,36300,13400,13500
10/2/2018,11700,33600,115750,23200,21850,24350,31000,36250,13400,13500
10/3/2018,11700,33750,115700,23300,21700,24250,31250,36300,13400,13450
10/4/2018,11700,33800,115750,23350,21500,24100,31300,36150,13350,13450
10/5/2018,11700,33950,115550,23300,21450,24000,31300,36150,13350,13450
10/6/2018,11700,33966.666666666664,115566.66666666667,23316.666666666668,21450,24033.333333333332,31483.333333333332,36350,13366.666666666666,13466.666666666666
10/7/2018,11700,33983.333333333336,115583.33333333333,23333.333333333332,21450,24066.666666666668,31666.666666666668,36550,13383.333333333334,13483.333333333334
10/8/2018,11700,34000,115600,23350,21450,24100,31850,36750,13400,13500
10/9/2018,11700,34200,115700,23250,21450,24050,32550,36450,13400,13450
10/10/2018,11700,34300,115800,23250,21550,24050,32400,36250,13400,13450
10/11/2018,11700,34400,115900,23350,21650,24100,32600,36150,13400,13450
10/12/2018,11700,34400,115900,23350,21700,24050,32650,36150,13400,13450
10/13/2018,11716.666666666666,34500,115733.33333333333,23366.666666666668,21900,24150,32900,36366.666666666664,13400,13450
10/14/2018,11733.333333333334,34600,115566.66666666667,23383.333333333332,22100,24250,33150,36583.333333333336,13400,13450
10/15/2018,11750,34700,115400,23400,22300,24350,33400,36800,13400,13450
10/16/2018,11750,34600,115600,23300,22500,24450,33800,37050,13400,13450
10/17/2018,11750,34650,115700,23200,22650,24600,33650,36600,13350,13400
10/18/2018,11750,34400,115600,23250,22700,24700,33900,36650,13400,13450
10/19/2018,11750,34350,115600,23250,22800,24850,34000,36750,13400,13450
10/20/2018,11750,34300,115600,23233.333333333332,22850,24900,34416.666666666664,36816.666666666664,13400,13433.333333333334
10/21/2018,11750,34250,115600,23216.666666666668,22900,24950,34833.333333333336,36883.333333333336,13400,13416.666666666666
10/22/2018,11750,34200,115600,23200,22950,25000,35250,36950,13400,13400
10/23/2018,11700,34000,115350,23150,23100,25200,35000,37250,13350,13400
10/24/2018,11750,34000,115550,23250,23100,25200,34850,36750,13350,13400
10/25/2018,11750,34100,115550,23150,23300,25400,34850,36450,13350,13400
10/26/2018,11750,34150,115550,23150,23350,25300,34550,36600,13350,13400
10/27/2018,11750,34033.333333333336,115550,23150,23366.666666666668,25333.333333333332,34566.666666666664,36633.333333333336,13350,13400
10/28/2018,11750,33916.666666666664,115550,23150,23383.333333333332,25366.666666666668,34583.333333333336,36666.666666666664,13350,13400
10/29/2018,11750,33800,115550,23150,23400,25400,34600,36700,13350,13400
10/30/2018,11750,33750,115500,23150,23500,25450,34350,36550,13350,13400
10/31/2018,11750,33900,115600,23150,23600,25500,34250,36400,13350,13400
11/1/2018,11750,33700,115600,23150,23600,25400,33800,36300,13350,13400
11/2/2018,11700,33600,115600,23150,23700,25500,33300,35900,13350,13400
11/3/2018,11716.666666666666,33600,115600,23183.333333333332,23683.333333333332,25450,33283.333333333336,36133.333333333336,13350,13383.333333333334
11/4/2018,11733.333333333334,33600,115600,23216.666666666668,23666.666666666668,25400,33266.666666666664,36366.666666666664,13350,13366.666666666666
11/5/2018,11750,33600,115600,23250,23650,25350,33250,36600,13350,13350
11/6/2018,11700,33500,115450,23200,23750,25350,33100,36650,13300,13350
11/7/2018,11750,33550,115650,23200,23850,25250,32950,36800,13350,13400
11/8/2018,11750,33500,115600,23200,24000,25250,32800,36700,13350,13400
11/9/2018,11750,33350,115600,23200,24050,25250,32600,36500,13350,13350
11/10/2018,11750,33433.333333333336,115650,23233.333333333332,24283.333333333332,25200,32766.666666666668,36733.333333333336,13333.333333333334,13350
11/11/2018,11750,33516.666666666664,115700,23266.666666666668,24516.666666666668,25150,32933.333333333336,36966.666666666664,13316.666666666666,13350
11/12/2018,11750,33600,115750,23300,24750,25100,33100,37200,13300,13350
11/13/2018,11750,33650,115750,23400,25000,25100,32900,37450,13300,13350
11/14/2018,11750,33700,115750,23600,25250,25050,32300,37100,13350,13350
11/15/2018,11750,34000,115750,23650,25400,24900,32200,37150,13300,13350
11/16/2018,11800,33950,115900,23800,25800,24850,32700,38000,13300,13350
11/17/2018,11783.333333333334,34016.666666666664,115883.33333333333,23866.666666666668,25800,24716.666666666668,32850,38000,13300,13350
11/18/2018,11766.666666666666,34083.333333333336,115866.66666666667,23933.333333333332,25800,24583.333333333332,33000,38000,13300,13350
11/19/2018,11750,34150,115850,24000,25800,24450,33150,38000,13300,13350
11/20/2018,10750,37400,113450,31350,28700,25900,51300,51700,13350,14750
11/21/2018,11750,34250,115750,24050,26100,24400,32700,37800,13300,13300
11/22/2018,11750,34300,115750,24100,26100,24400,32600,38250,13300,13300
11/23/2018,11750,34450,115750,24200,26100,24300,32400,37500,13300,13300
11/24/2018,11750,34650,115750,24266.666666666668,26250,24300,32416.666666666668,37533.333333333336,13283.333333333334,13300
11/25/2018,11750,34850,115750,24333.333333333332,26400,24300,32433.333333333332,37566.666666666664,13266.666666666666,13300
11/26/2018,11750,35050,115750,24400,26550,24300,32450,37600,13250,13300
11/27/2018,11750,35300,115750,24400,26600,24250,32200,37350,13250,13300
11/28/2018,11800,35350,115750,24450,26800,24250,32150,37400,13250,13300
11/29/2018,11800,35450,115700,24600,26900,24150,32200,37650,13250,13300
11/30/2018,11800,35500,115600,24650,27200,24250,32550,38000,13250,13300
12/1/2018,11800,35550,115616.66666666667,24766.666666666668,27483.333333333332,24200,32566.666666666668,38250,13250,13300
12/2/2018,11800,35600,115633.33333333333,24883.333333333332,27766.666666666668,24150,32583.333333333332,38500,13250,13300
12/3/2018,11800,35650,115650,25000,28050,24100,32600,38750,13250,13300
12/4/2018,11800,35700,115750,25200,28150,24100,32500,38700,13250,13250
12/5/2018,11800,35850,115750,25350,28300,24150,32500,38800,13200,13250
12/6/2018,11800,35850,115750,25450,28550,24150,32500,39050,13200,13250
12/7/2018,11800,35750,115750,25550,28750,24150,33000,39200,13200,13250
12/8/2018,11800,35783.333333333336,115716.66666666667,25600,28950,24150,33083.333333333336,38983.333333333336,13200,13250
12/9/2018,11800,35816.666666666664,115683.33333333333,25650,29150,24150,33166.666666666664,38766.666666666664,13200,13250
12/10/2018,11800,35850,115650,25700,29350,24150,33250,38550,13200,13250
12/11/2018,11800,36000,115600,25800,29500,24050,33500,38700,13200,13250
12/12/2018,11800,36100,115750,26000,29850,24000,33250,38350,13200,13250
12/13/2018,11800,36050,115650,26100,29900,24000,33250,38300,13200,13250
12/14/2018,11800,36150,115650,26150,30000,23900,33450,38450,13200,13250
12/15/2018,11800,36316.666666666664,115600,26183.333333333332,30100,23900,33466.666666666664,38383.333333333336,13200,13233.333333333334
12/16/2018,11800,36483.333333333336,115550,26216.666666666668,30200,23900,33483.333333333336,38316.666666666664,13200,13216.666666666666
12/17/2018,11800,36650,115500,26250,30300,23900,33500,38250,13200,13200
12/18/2018,11800,37100,115650,26300,30500,24050,33600,38350,13300,13150
12/19/2018,11800,37300,115700,26350,30600,24100,33900,38650,13200,13250
12/20/2018,11800,37600,115750,26450,30650,24050,33900,38800,13200,13250
12/21/2018,11850,37850,115800,26450,30750,24000,33900,39200,13200,13250
12/22/2018,11733.333333333334,38300,115833.33333333333,26816.666666666668,31050,24050,35250,40500,13083.333333333334,13266.666666666666
12/23/2018,11616.666666666666,38750,115866.66666666667,27183.333333333332,31350,24100,36600,41800,12966.666666666666,13283.333333333334
12/24/2018,11500,39200,115900,27550,31650,24150,37950,43100,12850,13300
12/25/2018,11000,39750,117200,26750,28000,24250,29150,36800,12100,12550
12/26/2018,11850,39100,116450,27500,31200,24500,34300,41550,13200,13300
12/27/2018,11800,39200,116150,27100,31300,24150,34450,41750,13200,13250
12/28/2018,11850,39550,116000,26800,31450,24200,34650,41650,13200,13250
12/29/2018,11850,39716.666666666664,115900,26850,31716.666666666668,24183.333333333332,34566.666666666664,41650,13200,13233.333333333334
12/30/2018,11850,39883.333333333336,115800,26900,31983.333333333332,24166.666666666668,34483.333333333336,41650,13200,13216.666666666666
12/31/2018,11850,40050,115700,26950,32250,24150,34400,41650,13200,13200
1/1/2019,12400,43250,123000,25950,31750,24650,34850,41350,11850,12900
1/2/2019,11850,39700,115800,26850,32500,24050,34400,41850,13150,13200
1/3/2019,11850,39350,115800,26800,32750,23950,33900,42500,13150,13200
1/4/2019,11850,39150,115800,26750,32850,24000,33600,41800,13150,13200
1/5/2019,11850,38933.333333333336,115700,26666.666666666668,33016.666666666664,24016.666666666668,33400,41283.333333333336,13150,13200
1/6/2019,11850,38716.666666666664,115600,26583.333333333332,33183.333333333336,24033.333333333332,33200,40766.666666666664,13150,13200
1/7/2019,11850,38500,115500,26500,33350,24050,33000,40250,13150,13200
1/8/2019,11900,38100,115450,26350,33700,24050,32750,39600,13150,13200
1/9/2019,11900,37850,115450,26350,33800,24100,32400,39300,13150,13200
1/10/2019,11900,37500,115450,26300,33850,24050,32100,38850,13150,13200
1/11/2019,11900,37150,115400,26300,33650,24150,31700,38550,13150,13200
1/12/2019,11900,36850,115400,26266.666666666668,33600,24133.333333333332,31466.666666666668,38166.666666666664,13150,13200
1/13/2019,11900,36550,115400,26233.333333333332,33550,24116.666666666668,31233.333333333332,37783.333333333336,13150,13200
1/14/2019,11900,36250,115400,26200,33500,24100,31000,37400,13150,13200
1/15/2019,11900,36150,115400,26150,33400,24150,30700,37000,13150,13100
1/16/2019,11900,36050,115400,26050,33400,24050,29800,36450,13150,13100
1/17/2019,11900,35950,115400,26000,33350,24050,29700,36300,13150,13100
1/18/2019,11900,35800,115400,25950,33350,24100,30100,36200,13150,13100
1/19/2019,11900,35600,115416.66666666667,25866.666666666668,33250,24050,29683.333333333332,35683.333333333336,13150,13100
1/20/2019,11900,35400,115433.33333333333,25783.333333333332,33150,24000,29266.666666666668,35166.666666666664,13150,13100
1/21/2019,11900,35200,115450,25700,33050,23950,28850,34650,13150,13100
1/22/2019,11900,35050,115450,25700,33000,23900,28800,34150,13150,13100
1/23/2019,11900,34800,115450,25550,32700,23950,28600,33900,13100,13100
1/24/2019,11900,34550,115450,25450,32600,24000,28750,33800,13100,13100
1/25/2019,11900,34300,115500,25350,32300,24000,28600,33800,13150,13100
1/26/2019,11916.666666666666,34166.666666666664,115616.66666666667,25333.333333333332,32016.666666666668,24000,28533.333333333332,33600,13150,13100
1/27/2019,11933.333333333334,34033.333333333336,115733.33333333333,25316.666666666668,31733.333333333332,24000,28466.666666666668,33400,13150,13100
1/28/2019,11950,33900,115850,25300,31450,24000,28400,33200,13150,13100
1/29/2019,11950,33750,115800,25250,31200,23950,28550,32950,13150,13100
1/30/2019,11950,33600,115800,25450,30750,24050,27750,32600,13150,13100
1/31/2019,11950,33500,115800,25150,30700,23950,27350,32000,13150,13100
2/1/2019,11950,33400,116350,25150,30550,24050,27300,32000,13150,13100
2/2/2019,11950,33333.333333333336,116350,25150,30433.333333333332,24066.666666666668,27300,31933.333333333332,13166.666666666666,13083.333333333334
2/3/2019,11950,33266.666666666664,116350,25150,30316.666666666668,24083.333333333332,27300,31866.666666666668,13183.333333333334,13066.666666666666
2/4/2019,11950,33200,116350,25150,30200,24100,27300,31800,13200,13050
2/5/2019,11100,33850,117350,22350,21400,23200,17800,17050,12050,12300
2/6/2019,11950,33350,116350,25000,29550,23950,27000,31650,13200,13050
2/7/2019,11900,33500,116350,24950,29350,24050,27050,31550,13150,13050
2/8/2019,11950,33650,116400,24850,29200,24050,27050,31600,13150,13050
2/9/2019,11950,33666.666666666664,116366.66666666667,24816.666666666668,29133.333333333332,24350,27250,31650,13150,13050
2/10/2019,11950,33683.333333333336,116333.33333333333,24783.333333333332,29066.666666666668,24650,27450,31700,13150,13050
2/11/2019,11950,33700,116300,24750,29000,24950,27650,31750,13150,13050
2/12/2019,11950,33550,116300,24700,28950,25150,27500,31500,13150,13050
2/13/2019,11950,33600,116350,24650,28950,25200,27450,31550,13150,13050
2/14/2019,11950,33500,116350,24600,28950,25350,27450,31400,13150,13050
2/15/2019,11950,33450,116350,24550,28800,25450,27350,31250,13150,13050
2/16/2019,11950,33416.666666666664,116350,24500,28733.333333333332,25566.666666666668,27383.333333333332,31333.333333333332,13150,13050
2/17/2019,11950,33383.333333333336,116350,24450,28666.666666666668,25683.333333333332,27416.666666666668,31416.666666666668,13150,13050
2/18/2019,11950,33350,116350,24400,28600,25800,27450,31500,13150,13050
2/19/2019,11900,33300,116300,24350,28600,25950,27150,31450,13200,13050
2/20/2019,11900,33150,116250,24300,28450,26000,27050,31300,13200,13050
2/21/2019,11900,33150,116400,24300,28400,25850,27250,31350,13200,13100
2/22/2019,11900,33100,116400,24300,28450,25950,27150,31450,13200,13100
2/23/2019,11900,33033.333333333336,116366.66666666667,24266.666666666668,28533.333333333332,25966.666666666668,27166.666666666668,31533.333333333332,13200,13116.666666666666
2/24/2019,11900,32966.666666666664,116333.33333333333,24233.333333333332,28616.666666666668,25983.333333333332,27183.333333333332,31616.666666666668,13200,13133.333333333334
2/25/2019,11900,32900,116300,24200,28700,26000,27200,31700,13200,13150
2/26/2019,11900,32950,116400,24150,28850,26100,27000,31700,13200,13150
2/27/2019,11900,32700,116100,24050,28800,25950,26950,31550,13200,13100
2/28/2019,11900,32800,116450,24150,29000,26100,27000,31700,13200,13150
3/1/2019,11900,32700,116450,24050,29000,26050,27050,32150,13200,13150
3/2/2019,11883.333333333334,32583.333333333332,116600,24033.333333333332,29266.666666666668,26083.333333333332,26933.333333333332,32550,13183.333333333334,13150
3/3/2019,11866.666666666666,32466.666666666668,116750,24016.666666666668,29533.333333333332,26116.666666666668,26816.666666666668,32950,13166.666666666666,13150
3/4/2019,11850,32350,116900,24000,29800,26150,26700,33350,13150,13150
3/5/2019,11850,32300,116850,23950,30150,26200,26950,33500,13200,13150
3/6/2019,11850,32200,116550,24050,30650,26650,27100,33950,13150,13200
3/7/2019,10900,26500,106150,19500,25000,21500,22400,27250,12450,13250
3/8/2019,11850,32050,116650,24000,30950,26950,27150,33750,13150,13200
3/9/2019,11850,32100,116566.66666666667,23950,31333.333333333332,27366.666666666668,27250,34000,13166.666666666666,13200
3/10/2019,11850,32150,116483.33333333333,23900,31716.666666666668,27783.333333333332,27350,34250,13183.333333333334,13200
3/11/2019,11850,32200,116400,23850,32100,28200,27450,34500,13200,13200
3/12/2019,11850,32200,116400,23800,32550,28600,28550,35150,13200,13200
3/13/2019,11850,32250,116400,23750,32800,29050,28200,35200,13150,13250
3/14/2019,11850,32300,116400,23750,32950,29350,28400,35700,13150,13250
3/15/2019,11850,32400,116400,23800,33050,29950,28500,35700,13150,13250
3/16/2019,11850,32450,116400,23783.333333333332,33250,30266.666666666668,28733.333333333332,35766.666666666664,13150,13250
3/17/2019,11850,32500,116400,23766.666666666668,33450,30583.333333333332,28966.666666666668,35833.333333333336,13150,13250
3/18/2019,11850,32550,116400,23750,33650,30900,29200,35900,13150,13250
3/19/2019,11850,32600,116400,23800,33700,31300,29150,35850,13150,13250
3/20/2019,11800,32450,116550,23500,33650,31300,28650,35250,13100,13200
3/21/2019,11850,32500,116400,23700,33750,31450,29300,35750,13150,13250
3/22/2019,11850,32550,116400,23650,33950,31550,29450,35650,13200,13250
3/23/2019,11833.333333333334,32533.333333333332,116400,23683.333333333332,34600,31766.666666666668,29616.666666666668,35616.666666666664,13183.333333333334,13250
3/24/2019,11816.666666666666,32516.666666666668,116400,23716.666666666668,35250,31983.333333333332,29783.333333333332,35583.333333333336,13166.666666666666,13250
3/25/2019,11800,32500,116400,23750,35900,32200,29950,35550,13150,13250
3/26/2019,11800,32450,116450,23850,36150,32350,29850,35400,13150,13250
3/27/2019,11800,32250,116300,23850,36500,32450,29950,35100,13150,13250
3/28/2019,11800,32300,116350,23850,36850,32800,30150,35000,13150,13250
3/29/2019,11800,32150,116300,23850,37050,33150,30150,35400,13200,13250
3/30/2019,11783.333333333334,32100,116300,23866.666666666668,37233.333333333336,33750,30000,35300,13183.333333333334,13250
3/31/2019,11766.666666666666,32050,116300,23883.333333333332,37416.666666666664,34350,29850,35200,13166.666666666666,13250
4/1/2019,11750,32000,116300,23900,37600,34950,29700,35100,13150,13250
4/2/2019,11750,32050,116400,23850,38000,35650,29700,34750,13150,13250
4/3/2019,11200,31700,101900,26150,40000,34000,37800,41000,13050,14650
4/4/2019,11750,32000,116300,23850,38350,36400,30700,35000,13150,13250
4/5/2019,11750,32000,116250,23900,38550,36650,31050,35100,13150,13300
4/6/2019,11750,32050,116266.66666666667,23900,38700,36833.333333333336,31283.333333333332,35350,13150,13283.333333333334
4/7/2019,11750,32100,116283.33333333333,23900,38850,37016.666666666664,31516.666666666668,35600,13150,13266.666666666666
4/8/2019,11750,32150,116300,23900,39000,37200,31750,35850,13150,13250
4/9/2019,11750,32200,116350,23950,39250,37550,31750,36050,13150,13300
4/10/2019,11750,32300,116350,24050,39400,38000,31800,35900,13150,13300
4/11/2019,11750,32500,116350,24050,39600,38200,31700,35750,13150,13300
4/12/2019,11750,32800,116350,24100,39850,38650,31850,36000,13150,13300
4/13/2019,11733.333333333334,32900,116333.33333333333,24116.666666666668,40166.666666666664,39700,32000,36100,13150,13283.333333333334
4/14/2019,11716.666666666666,33000,116316.66666666667,24133.333333333332,40483.333333333336,40750,32150,36200,13150,13266.666666666666
4/15/2019,11700,33100,116300,24150,40800,41800,32300,36300,13150,13250
4/16/2019,11700,33300,116300,24150,40850,42850,32250,36050,13150,13300
4/17/2019,12600,35100,120650,27250,39750,42600,26100,39300,13450,13450
4/18/2019,11800,33750,116500,24350,41550,44300,33150,39800,13150,13350
4/19/2019,9600,35000,111250,23500,45000,52000,24500,22000,11600,12000
4/20/2019,10300,34733.333333333336,112983.33333333333,23766.666666666668,43800,50300,28133.333333333332,28550,12116.666666666666,12433.333333333334
4/21/2019,11000,34466.666666666664,114716.66666666667,24033.333333333332,42600,48600,31766.666666666668,35100,12633.333333333334,12866.666666666666
4/22/2019,11700,34200,116450,24300,41400,46900,35400,41650,13150,13300
4/23/2019,11700,34500,116500,24400,41550,47300,35850,41350,13150,13300
4/24/2019,11700,34900,116500,24350,41500,47350,35200,40550,13150,13300
4/25/2019,11700,35050,116550,24350,41600,47850,35150,40650,13150,13300
4/26/2019,11700,35250,116550,24400,41500,48000,35350,40350,13150,13300
4/27/2019,11700,35400,116583.33333333333,24566.666666666668,41383.333333333336,48333.333333333336,35316.666666666664,40266.666666666664,13150,13316.666666666666
4/28/2019,11700,35550,116616.66666666667,24733.333333333332,41266.666666666664,48666.666666666664,35283.333333333336,40183.333333333336,13150,13333.333333333334
4/29/2019,11700,35700,116650,24900,41150,49000,35250,40100,13150,13350
4/30/2019,11700,35750,116700,25050,41000,49700,35250,41150,13150,13450
5/1/2019,11550,37850,110000,29500,42000,44700,29900,34650,13350,13950
5/2/2019,11700,35950,117150,25550,40350,53950,36600,41250,13150,13500
5/3/2019,11700,36200,117350,25550,40100,56450,37800,40900,13150,13500
5/4/2019,11700,36350,117416.66666666667,25633.333333333332,39866.666666666664,59000,38733.333333333336,42000,13150,13533.333333333334
5/5/2019,11700,36500,117483.33333333333,25716.666666666668,39633.333333333336,61550,39666.666666666664,43100,13150,13566.666666666666
5/6/2019,11700,36650,117550,25800,39400,64100,40600,44200,13150,13600
5/7/2019,11700,36550,117300,25950,39050,63700,41950,45550,13150,13650
5/8/2019,11700,36250,117350,26000,38800,61350,42300,45800,13150,13650
5/9/2019,11700,36150,117250,25950,38650,59450,42700,45550,13150,13700
5/10/2019,11700,35950,117450,25750,38600,58650,42050,44600,13100,13700
5/11/2019,11700,35766.666666666664,117416.66666666667,25833.333333333332,38233.333333333336,57516.666666666664,41350,43683.333333333336,13116.666666666666,13716.666666666666
5/12/2019,11700,35583.333333333336,117383.33333333333,25916.666666666668,37866.666666666664,56383.333333333336,40650,42766.666666666664,13133.333333333334,13733.333333333334
5/13/2019,11700,35400,117350,26000,37500,55250,39950,41850,13150,13750
5/14/2019,11700,35200,117350,26050,37350,53450,39200,41100,13150,13750
5/15/2019,11700,34850,117600,26050,37300,51750,38350,41100,13150,13800
5/16/2019,11700,34650,117250,26000,36500,50100,37250,39850,13150,13800
5/17/2019,11700,34600,117350,25950,36300,49050,37000,39000,13250,13800
5/18/2019,11700,34466.666666666664,117333.33333333333,25966.666666666668,36016.666666666664,47766.666666666664,36933.333333333336,39450,13216.666666666666,13800
5/19/2019,11700,34333.333333333336,117316.66666666667,25983.333333333332,35733.333333333336,46483.333333333336,36866.666666666664,39900,13183.333333333334,13800
5/20/2019,11700,34200,117300,26000,35450,45200,36800,40350,13150,13800
5/21/2019,11700,34100,117250,25900,35500,44550,36350,40000,13150,13850
5/22/2019,11700,34100,117300,25900,35350,43550,36000,39250,13150,13850
5/23/2019,11700,34150,117400,25900,35200,42500,36250,38850,13150,13850
5/24/2019,11700,34250,117350,25850,35250,41950,36500,38850,13150,13850
5/25/2019,11700,34383.333333333336,117433.33333333333,25816.666666666668,35316.666666666664,41750,37133.333333333336,38933.333333333336,13150,13850
5/26/2019,11700,34516.666666666664,117516.66666666667,25783.333333333332,35383.333333333336,41550,37766.666666666664,39016.666666666664,13150,13850
5/27/2019,11700,34650,117600,25750,35450,41350,38400,39100,13150,13850
5/28/2019,11650,34700,118100,25400,35600,41050,39150,38700,13050,13850
5/29/2019,11700,35200,118300,25650,35950,41550,40500,39550,13200,13900
5/30/2019,11400,35000,115000,23000,25000,37500,30000,21250,12100,13250
5/31/2019,11700,35800,119350,25700,36650,41450,44050,39150,13150,13900
6/1/2019,11700,36316.666666666664,121183.33333333333,25683.333333333332,37166.666666666664,41600,48783.333333333336,40616.666666666664,13150,13900
6/2/2019,11700,36833.333333333336,123016.66666666667,25666.666666666668,37683.333333333336,41750,53516.666666666664,42083.333333333336,13150,13900
6/3/2019,11700,37350,124850,25650,38200,41900,58250,43550,13150,13900
6/4/2019,11700,38500,126350,25700,38900,42400,63600,46000,13150,13900
6/5/2019,12400,39250,128175,31850,46325,54950,51175,54250,14125,14150
6/6/2019,13100,40000,130000,38000,53750,67500,38750,62500,15100,14400
6/7/2019,11500,39250,119000,28650,43350,47550,57250,42100,13450,14300
6/8/2019,11566.666666666666,38550,119366.66666666667,27583.333333333332,41750,45566.666666666664,55583.333333333336,42716.666666666664,13333.333333333334,14166.666666666666
6/9/2019,11633.333333333334,37850,119733.33333333333,26516.666666666668,40150,43583.333333333336,53916.666666666664,43333.333333333336,13216.666666666666,14033.333333333334
6/10/2019,11700,37150,120100,25450,38550,41600,52250,43950,13100,13900
6/11/2019,11700,36650,119350,25350,38700,41500,50800,42700,13150,13900
6/12/2019,11650,36250,119250,25000,38700,41700,48550,41000,13050,13850
6/13/2019,11700,35950,118750,25250,39050,41850,49750,40200,13150,13900
6/14/2019,11700,35650,118550,25150,39100,41950,50500,40200,13150,13900
6/15/2019,11700,35283.333333333336,118516.66666666667,25100,39233.333333333336,41816.666666666664,50383.333333333336,39983.333333333336,13150,13883.333333333334
6/16/2019,11700,34916.666666666664,118483.33333333333,25050,39366.666666666664,41683.333333333336,50266.666666666664,39766.666666666664,13150,13866.666666666666
6/17/2019,11700,34550,118450,25000,39500,41550,50150,39550,13150,13850
6/18/2019,11700,34300,118400,25000,39500,41450,49650,39100,13150,13850
6/19/2019,11700,34200,118400,24900,39400,41350,49650,39550,13150,13850
6/20/2019,11700,34150,118400,24800,39450,41200,49950,40100,13150,13850
6/21/2019,11700,33950,118400,24750,39200,41150,51300,41150,13150,13850
6/22/2019,11700,33733.333333333336,118383.33333333333,24783.333333333332,39200,40966.666666666664,51783.333333333336,41650,13150,13850
6/23/2019,11700,33516.666666666664,118366.66666666667,24816.666666666668,39200,40783.333333333336,52266.666666666664,42150,13150,13850
6/24/2019,11700,33300,118350,24850,39200,40600,52750,42650,13150,13850
6/25/2019,11700,33050,118200,24950,39150,40650,53100,42600,13150,13850
6/26/2019,11700,32850,118300,24900,38850,40500,53800,42550,13150,13850
6/27/2019,11700,32750,118200,24950,38850,40350,53850,42800,13150,13850
6/28/2019,11700,32650,118150,24850,38550,40150,54400,43800,13150,13850
6/29/2019,11700,32616.666666666668,118133.33333333333,24883.333333333332,38166.666666666664,39883.333333333336,54616.666666666664,44566.666666666664,13150,13850
6/30/2019,11700,32583.333333333332,118116.66666666667,24916.666666666668,37783.333333333336,39616.666666666664,54833.333333333336,45333.333333333336,13150,13850
7/1/2019,11700,32550,118100,24950,37400,39350,55050,46100,13150,13850
7/2/2019,11700,32550,117900,24900,37100,39200,55350,47400,13100,13850
7/3/2019,11700,32850,117900,24900,37100,39050,56150,49500,13100,13850
7/4/2019,11750,33450,118200,25000,36900,38850,57850,52400,13150,13850
7/5/2019,11700,33500,117750,24900,36600,38800,57300,52650,13100,13850
7/6/2019,11700,33783.333333333336,117650,24900,36366.666666666664,38650,57650,53266.666666666664,13100,13850
7/7/2019,11700,34066.666666666664,117550,24900,36133.333333333336,38500,58000,53883.333333333336,13100,13850
7/8/2019,11700,34350,117450,24900,35900,38350,58350,54500,13100,13850
7/9/2019,11700,34800,117750,24900,35950,38100,58450,55050,13100,13850
7/10/2019,11700,35300,117750,24950,35650,37900,58150,55800,13100,13850
7/11/2019,11700,35500,117750,24800,35000,37550,58000,56750,13100,13850
7/12/2019,11700,35800,117700,24800,34850,37400,58450,56900,13100,13850
7/13/2019,11700,36050,117650,24783.333333333332,34783.333333333336,37416.666666666664,58966.666666666664,58133.333333333336,13100,13850
7/14/2019,11700,36300,117600,24766.666666666668,34716.666666666664,37433.333333333336,59483.333333333336,59366.666666666664,13100,13850
7/15/2019,11700,36550,117550,24750,34650,37450,60000,60600,13100,13850
7/16/2019,11700,36350,117650,24700,34350,37350,60150,61000,13100,13850
7/17/2019,11700,36500,117750,24700,34250,37150,59650,61250,13100,13850
7/18/2019,11700,36500,117700,24750,33950,36900,59350,62000,13100,13850
7/19/2019,11750,36700,117950,24800,33850,36950,59850,63100,13100,13850
7/20/2019,11733.333333333334,36416.666666666664,117900,24783.333333333332,33700,36850,59616.666666666664,63216.666666666664,13100,13850
7/21/2019,11716.666666666666,36133.333333333336,117850,24766.666666666668,33550,36750,59383.333333333336,63333.333333333336,13100,13850
7/22/2019,11700,35850,117800,24750,33400,36650,59150,63450,13100,13850
7/23/2019,11750,35400,118050,24850,33400,36750,58900,64150,13100,13850
7/24/2019,11700,35100,117950,24900,33000,36300,58750,64850,13100,13850
7/25/2019,11750,34900,117750,25050,32650,36250,58500,65000,13100,13800
7/26/2019,11700,35200,117950,25000,32800,36200,58150,64800,13100,13800
7/27/2019,11700,34950,117883.33333333333,24966.666666666668,32500,36066.666666666664,57983.333333333336,66000,13100,13800
7/28/2019,11700,34700,117816.66666666667,24933.333333333332,32200,35933.333333333336,57816.666666666664,67200,13100,13800
7/29/2019,11700,34450,117750,24900,31900,35800,57650,68400,13100,13800
7/30/2019,11700,34100,117650,24950,31600,35650,57350,69000,13100,13800
7/31/2019,11700,33950,117800,24950,31700,35500,57600,68950,13100,13800
8/1/2019,11700,33850,117750,24950,31450,35250,57300,69000,13100,13800
8/2/2019,11700,33600,117750,24950,31350,35250,57600,68750,13100,13800
8/3/2019,11700,33566.666666666664,117750,24933.333333333332,31166.666666666668,35100,58500,68900,13100,13800
8/4/2019,11700,33533.333333333336,117750,24916.666666666668,30983.333333333332,34950,59400,69050,13100,13800
8/5/2019,11700,33500,117750,24900,30800,34800,60300,69200,13100,13800
8/6/2019,11700,33500,117800,24900,30550,34600,61600,70100,13100,13800
8/7/2019,11700,33600,117850,24900,30650,34800,63950,70700,13100,13800
8/8/2019,11700,33700,118000,24900,30350,34550,66850,71000,13150,13800
8/9/2019,11700,33800,119050,24900,30300,34550,70650,72300,13150,13750
8/10/2019,11700,33916.666666666664,119066.66666666667,24883.333333333332,30183.333333333332,34566.666666666664,71183.33333333333,72566.66666666667,13133.333333333334,13750
8/11/2019,11700,34033.333333333336,119083.33333333333,24866.666666666668,30066.666666666668,34583.333333333336,71716.66666666667,72833.33333333333,13116.666666666666,13750
8/12/2019,11700,34150,119100,24850,29950,34600,72250,73100,13100,13750
8/13/2019,11700,33850,118600,24700,29700,34550,71550,72750,13100,13750
8/14/2019,11750,33700,118800,24800,29500,34400,70750,73400,13150,13750
8/15/2019,11700,33200,118350,24700,29350,34150,69600,72350,13100,13750
8/16/2019,11750,33050,118650,24850,29300,34100,68050,71300,13150,13750
8/17/2019,11733.333333333334,32733.333333333332,118500,24766.666666666668,29000,34016.666666666664,66516.66666666667,69766.66666666667,13150,13766.666666666666
8/18/2019,11716.666666666666,32416.666666666668,118350,24683.333333333332,28700,33933.333333333336,64983.333333333336,68233.33333333333,13150,13783.333333333334
8/19/2019,11700,32100,118200,24600,28400,33850,63450,66700,13150,13800
8/20/2019,11700,31900,118250,25000,28400,34000,62300,65650,13150,13800
8/21/2019,11700,31750,118200,25000,27850,33850,61200,64250,13150,13800
8/22/2019,11700,31650,118400,24900,27550,33650,60300,63700,13150,13750
8/23/2019,11700,31550,118250,24900,27300,33600,58750,62750,13150,13750
8/24/2019,11700,31400,118233.33333333333,24916.666666666668,27016.666666666668,33483.333333333336,57750,62116.666666666664,13150,13750
8/25/2019,11700,31250,118216.66666666667,24933.333333333332,26733.333333333332,33366.666666666664,56750,61483.333333333336,13150,13750
8/26/2019,11700,31100,118200,24950,26450,33250,55750,60850,13150,13750
8/27/2019,11700,30800,118100,24850,26150,33250,55250,60150,13100,13750
8/28/2019,11700,30950,118200,24850,25950,33150,54700,59400,13150,13750
8/29/2019,11700,30800,118200,24850,25750,33100,54400,58600,13150,13750
8/30/2019,11700,30750,118100,24950,25700,33150,53400,57150,13150,13750
8/31/2019,11700,30650,118000,24883.333333333332,25400,33050,53300,57483.333333333336,13150,13750
9/1/2019,11700,30550,117900,24816.666666666668,25100,32950,53200,57816.666666666664,13150,13750
9/2/2019,11700,30450,117800,24750,24800,32850,53100,58150,13150,13750
9/3/2019,11700,30300,118250,24750,24750,32900,52150,59000,13150,13750
9/4/2019,11700,30100,118250,24700,24550,32750,51900,59550,13150,13700
9/5/2019,11700,30100,118250,24650,24300,32600,51350,59700,13150,13700
9/6/2019,11700,30050,118250,24600,24250,32500,50650,60100,13150,13700
9/7/2019,11700,30166.666666666668,118200,24550,24183.333333333332,32533.333333333332,50183.333333333336,60383.333333333336,13150,13700
9/8/2019,11700,30283.333333333332,118150,24500,24116.666666666668,32566.666666666668,49716.666666666664,60666.666666666664,13150,13700
9/9/2019,11700,30400,118100,24450,24050,32600,49250,60950,13150,13700
9/10/2019,11700,30500,118100,24400,24000,32600,49000,61400,13150,13700
9/11/2019,11700,30850,118000,24400,24050,32450,48350,60250,13150,13700
9/12/2019,11700,31050,118000,24350,23900,32400,47550,60350,13150,13700
9/13/2019,11700,31450,118100,24300,23750,32350,47000,60150,13150,13700
9/14/2019,11700,31566.666666666668,118100,24250,23683.333333333332,32283.333333333332,46566.666666666664,59750,13133.333333333334,13700
9/15/2019,11700,31683.333333333332,118100,24200,23616.666666666668,32216.666666666668,46133.333333333336,59350,13116.666666666666,13700
9/16/2019,11700,31800,118100,24150,23550,32150,45700,58950,13100,13700
9/17/2019,11700,31900,118100,24100,23550,32150,45300,58850,13100,13700
9/18/2019,11700,32150,118100,24050,23450,32050,44450,57850,13100,13700
9/19/2019,11700,32050,118100,24000,23300,32000,43450,57750,13100,13700
9/20/2019,11700,31850,118100,23950,23300,31900,43150,57200,13100,13700
9/21/2019,11700,31833.333333333332,118050,23950,23233.333333333332,31883.333333333332,43150,56800,13100,13700
9/22/2019,11700,31816.666666666668,118000,23950,23166.666666666668,31866.666666666668,43150,56400,13100,13700
9/23/2019,11700,31800,117950,23950,23100,31850,43150,56000,13100,13700
9/24/2019,11700,31750,118200,23850,23150,31750,43200,55450,13150,13700
9/25/2019,11700,31600,118100,23750,23150,31800,42950,55100,13150,13700
9/26/2019,11700,31650,118200,23700,23050,31600,42850,54750,13150,13700
9/27/2019,11750,31500,118200,23700,22950,31600,42650,54600,13150,13700
9/28/2019,11733.333333333334,31516.666666666668,118133.33333333333,23700,22900,31616.666666666668,42716.666666666664,54550,13133.333333333334,13700
9/29/2019,11716.666666666666,31533.333333333332,118066.66666666667,23700,22850,31633.333333333332,42783.333333333336,54500,13116.666666666666,13700
9/30/2019,11700,31550,118000,23700,22800,31650,42850,54450,13100,13700
10/1/2019,11700,31750,118000,23650,22800,31450,42750,54200,13100,13700
10/2/2019,11750,32050,117900,23600,22800,31450,42700,54750,13100,13700
10/3/2019,11750,32150,118050,23500,22650,31200,43000,55400,13100,13750
10/4/2019,11750,32300,118050,23450,22450,31250,42950,55600,13100,13750
10/5/2019,11750,32383.333333333332,118033.33333333333,23466.666666666668,22516.666666666668,31333.333333333332,43216.666666666664,55816.666666666664,13083.333333333334,13733.333333333334
10/6/2019,11750,32466.666666666668,118016.66666666667,23483.333333333332,22583.333333333332,31416.666666666668,43483.333333333336,56033.333333333336,13066.666666666666,13716.666666666666
10/7/2019,11750,32550,118000,23500,22650,31500,43750,56250,13050,13700
10/8/2019,11750,32650,118150,23450,22900,31350,44350,56400,13050,13700
10/9/2019,11750,32800,118150,23500,23350,31400,44250,55900,13050,13750
10/10/2019,11750,32900,118150,23450,23600,31350,44450,56450,13050,13700
10/11/2019,11750,33050,118100,23450,23950,31300,44900,57300,13050,13750
10/12/2019,11750,33216.666666666664,118100,23416.666666666668,24350,31266.666666666668,45283.333333333336,56950,13050,13750
10/13/2019,11750,33383.333333333336,118100,23383.333333333332,24750,31233.333333333332,45666.666666666664,56600,13050,13750
10/14/2019,11750,33550,118100,23350,25150,31200,46050,56250,13050,13750
10/15/2019,11750,33550,118200,23350,25500,31150,46200,56500,13150,13750
10/16/2019,11750,33750,118400,23250,25950,31350,45800,54350,13100,13800
10/17/2019,11750,33750,118250,23300,26050,31200,45750,55950,13100,13750
10/18/2019,11750,33850,118250,23350,26400,31300,45550,55950,13100,13750
10/19/2019,11750,33933.333333333336,118183.33333333333,23350,26433.333333333332,31266.666666666668,45433.333333333336,56133.333333333336,13083.333333333334,13750
10/20/2019,11750,34016.666666666664,118116.66666666667,23350,26466.666666666668,31233.333333333332,45316.666666666664,56316.666666666664,13066.666666666666,13750
10/21/2019,11750,34100,118050,23350,26500,31200,45200,56500,13050,13750
10/22/2019,11750,34100,118050,23400,26600,31250,45050,56400,13050,13750
10/23/2019,11750,34050,118050,23400,26550,31300,44850,55400,13050,13800
10/24/2019,11750,34100,118000,23400,26550,31350,44500,54450,13050,13800
10/25/2019,11750,34050,118050,23300,26600,31350,44350,54350,13050,13800
10/26/2019,11750,34066.666666666664,118050,23283.333333333332,26566.666666666668,31283.333333333332,43650,54250,13050,13800
10/27/2019,11750,34083.333333333336,118050,23266.666666666668,26533.333333333332,31216.666666666668,42950,54150,13050,13800
10/28/2019,11750,34100,118050,23250,26500,31150,42250,54050,13050,13800
10/29/2019,11750,34000,118050,23200,26350,31150,42100,54150,13050,13800
10/30/2019,11750,33950,118050,23200,26500,31200,41850,54000,13050,13800
10/31/2019,11750,33950,118250,23150,26550,31200,40950,51600,13050,13850
11/1/2019,11750,33900,118150,23250,26750,31150,41050,53600,13050,13800
11/2/2019,11750,33900,118100,23233.333333333332,26883.333333333332,31200,41033.333333333336,53766.666666666664,13066.666666666666,13800
11/3/2019,11750,33900,118050,23216.666666666668,27016.666666666668,31250,41016.666666666664,53933.333333333336,13083.333333333334,13800
11/4/2019,11750,33900,118000,23200,27150,31300,41000,54100,13100,13800
11/5/2019,11750,33950,117950,23200,27550,31300,41300,53800,13100,13800
11/6/2019,11750,33950,118000,23200,27850,31250,41000,53850,13100,13800
11/7/2019,11750,33950,117900,23150,28000,31350,41200,53700,13350,13800
11/8/2019,11750,33850,118050,23200,28150,31350,41600,53550,13100,13800
11/9/2019,11750,33900,118033.33333333333,23266.666666666668,28383.333333333332,31366.666666666668,41850,53600,13200,13800
11/10/2019,11750,33950,118016.66666666667,23333.333333333332,28616.666666666668,31383.333333333332,42100,53650,13300,13800
11/11/2019,11750,34000,118000,23400,28850,31400,42350,53700,13400,13800
11/12/2019,11750,34000,117950,23500,29050,31400,41900,53100,13100,13800
11/13/2019,11750,34200,117950,23600,29050,31400,42200,53150,13150,13800
11/14/2019,11750,34300,117950,23700,29200,31450,41900,53100,13150,13800
11/15/2019,11800,34650,118250,23850,29600,31500,41600,52800,13150,13800
11/16/2019,11783.333333333334,34683.333333333336,118166.66666666667,23916.666666666668,29750,31500,41000,52133.333333333336,13150,13800
11/17/2019,11766.666666666666,34716.666666666664,118083.33333333333,23983.333333333332,29900,31500,40400,51466.666666666664,13150,13800
11/18/2019,11750,34750,118000,24050,30050,31500,39800,50800,13150,13800
11/19/2019,11750,34750,118000,24100,30100,31500,39700,49900,13150,13800
11/20/2019,11750,34800,118000,24200,30450,31600,39300,49450,13200,13800
11/21/2019,11750,34700,118000,24250,30600,31600,38800,48600,13200,13800
11/22/2019,11750,34800,118000,24300,30700,31600,38500,47700,13200,13800
11/23/2019,11750,34816.666666666664,118000,24383.333333333332,30733.333333333332,31583.333333333332,37850,47000,13233.333333333334,13800
11/24/2019,11750,34833.333333333336,118000,24466.666666666668,30766.666666666668,31566.666666666668,37200,46300,13266.666666666666,13800
11/25/2019,11750,34850,118000,24550,30800,31550,36550,45600,13300,13800
11/26/2019,11750,34900,118000,24700,30850,31550,36200,45150,13200,13800
11/27/2019,11750,34950,118000,24800,30900,31600,35350,44350,13200,13800
11/28/2019,11750,34750,117950,24850,31000,31600,35200,43700,13200,13800
11/29/2019,11750,34700,117950,24950,31050,31650,34800,43150,13200,13800
11/30/2019,11750,34666.666666666664,117966.66666666667,25000,31233.333333333332,31733.333333333332,34350,42450,13216.666666666666,13800
12/1/2019,11750,34633.333333333336,117983.33333333333,25050,31416.666666666668,31816.666666666668,33900,41750,13233.333333333334,13800
12/2/2019,11750,34600,118000,25100,31600,31900,33450,41050,13250,13800
12/3/2019,11750,34450,118100,25150,31700,31900,33050,40750,13250,13800
12/4/2019,11750,34200,118050,25200,31850,31900,32450,40250,13250,13800
12/5/2019,11750,34200,118050,25250,31950,31850,32150,39900,13250,13800
12/6/2019,11750,34100,118050,25250,32000,31850,31950,39700,13250,13800
12/7/2019,11733.333333333334,34083.333333333336,117950,25283.333333333332,32133.333333333332,31833.333333333332,31750,39366.666666666664,13266.666666666666,13800
12/8/2019,11716.666666666666,34066.666666666664,117850,25316.666666666668,32266.666666666668,31816.666666666668,31550,39033.333333333336,13283.333333333334,13800
12/9/2019,11700,34050,117750,25350,32400,31800,31350,38700,13300,13800
12/10/2019,11750,34200,118050,25350,32800,32000,31300,38650,13300,13800
12/11/2019,11800,34050,118550,25600,33050,32200,31900,37650,13300,13850
12/12/2019,11750,34200,118050,25600,33150,32050,31550,37950,13300,13800
12/13/2019,11750,34250,118050,25700,33450,32200,31850,37750,13350,13850
12/14/2019,11750,34283.333333333336,118050,25783.333333333332,33716.666666666664,32233.333333333332,32000,37566.666666666664,13350,13850
12/15/2019,11750,34316.666666666664,118050,25866.666666666668,33983.333333333336,32266.666666666668,32150,37383.333333333336,13350,13850
12/16/2019,11750,34350,118050,25950,34250,32300,32300,37200,13350,13850
12/17/2019,11750,34550,118050,26000,34600,32350,32550,37000,13350,13850
12/18/2019,11750,34600,118050,26000,34950,32450,32500,36850,13400,13850
12/19/2019,11750,34450,118000,26100,35250,32450,32500,37100,13400,13850
12/20/2019,11750,34600,118000,26200,35600,32450,32700,37100,13400,13850
12/21/2019,11750,34733.333333333336,118216.66666666667,26216.666666666668,35950,32483.333333333332,33366.666666666664,37716.666666666664,13400,13850
12/22/2019,11750,34866.666666666664,118433.33333333333,26233.333333333332,36300,32516.666666666668,34033.333333333336,38333.333333333336,13400,13850
12/23/2019,11750,35000,118650,26250,36650,32550,34700,38950,13400,13850
12/24/2019,11500,34300,120500,26700,38000,32850,33300,39800,13300,13850
12/25/2019,10400,30300,113100,25400,33650,31900,25000,32200,13500,13800
12/26/2019,11800,35200,118800,26250,37400,32650,35250,39500,13450,13900
12/27/2019,11750,35000,118800,26350,37450,32600,35650,39000,13400,13850
12/28/2019,11766.666666666666,34983.333333333336,118850,26316.666666666668,37483.333333333336,32616.666666666668,35800,38900,13416.666666666666,13866.666666666666
12/29/2019,11783.333333333334,34966.666666666664,118900,26283.333333333332,37516.666666666664,32633.333333333332,35950,38800,13433.333333333334,13883.333333333334
12/30/2019,11800,34950,118950,26250,37550,32650,36100,38700,13450,13900
12/31/2019,11800,35150,118550,26250,37600,32600,36400,39150,13450,13900
1/1/2020,11800,35100,118500,26275,37400,32625,37900,40175,13475,13925
1/2/2020,11800,35050,118450,26300,37200,32650,39400,41200,13500,13950
1/3/2020,11850,35050,118700,26350,37250,32850,39800,42900,13550,13900
1/4/2020,11833.333333333334,34766.666666666664,118583.33333333333,26250,37166.666666666664,32933.333333333336,40800,44233.333333333336,13566.666666666666,13933.333333333334
1/5/2020,11816.666666666666,34483.333333333336,118466.66666666667,26150,37083.333333333336,33016.666666666664,41800,45566.666666666664,13583.333333333334,13966.666666666666
1/6/2020,11800,34200,118350,26050,37000,33100,42800,46900,13600,14000
1/7/2020,11800,34000,118300,25950,36600,33350,42950,47600,13600,14000
1/8/2020,11800,33950,118250,25900,36750,33400,43200,47550,13600,14000
1/9/2020,11800,33850,118300,25800,36800,33700,43550,47500,13650,14050
1/10/2020,11850,34050,118550,25900,37150,34050,43800,47600,13650,14050
1/11/2020,11833.333333333334,33883.333333333336,118416.66666666667,25833.333333333332,37183.333333333336,34183.333333333336,44266.666666666664,47850,13666.666666666666,14116.666666666666
1/12/2020,11816.666666666666,33716.666666666664,118283.33333333333,25766.666666666668,37216.666666666664,34316.666666666664,44733.333333333336,48100,13683.333333333334,14183.333333333334
1/13/2020,11800,33550,118150,25700,37250,34450,45200,48350,13700,14250
1/14/2020,11850,33400,118150,25700,37350,34850,45200,49350,13750,14300
1/15/2020,11850,33200,118150,25700,37250,35050,45850,50050,13750,14350
1/16/2020,11850,33150,118500,25650,37300,35150,46750,51200,13750,14350
1/17/2020,11850,33100,118150,25650,37350,35350,47000,52100,13750,14350
1/18/2020,11850,33000,118133.33333333333,25616.666666666668,37400,35416.666666666664,47083.333333333336,52850,13750,14366.666666666666
1/19/2020,11850,32900,118116.66666666667,25583.333333333332,37450,35483.333333333336,47166.666666666664,53600,13750,14383.333333333334
1/20/2020,11850,32800,118100,25550,37500,35550,47250,54350,13750,14400
1/21/2020,11850,32650,118100,25450,37500,35600,46950,55200,13800,14450
1/22/2020,11850,32600,118000,25350,37600,35650,47200,56300,13800,14450
1/23/2020,11850,32550,118050,25300,37600,35700,47750,57200,13800,14450
1/24/2020,11850,32500,118100,25250,37500,35700,47600,57150,13800,14450
1/25/2020,11850,32450,118100,25200,37666.666666666664,35750,48033.333333333336,57516.666666666664,13800,14450
1/26/2020,11850,32400,118100,25150,37833.333333333336,35800,48466.666666666664,57883.333333333336,13800,14450
1/27/2020,11850,32350,118100,25100,38000,35850,48900,58250,13800,14450
1/28/2020,11850,32400,118000,25000,38150,36000,49650,58500,13850,14450
1/29/2020,11850,32400,118050,25000,38400,36100,50150,58650,13850,14450
1/30/2020,11850,32400,118400,24950,38650,36250,50200,57950,13800,14450
1/31/2020,11850,32450,118050,24900,38850,36450,50300,57750,13800,14450
2/1/2020,11850,32433.333333333332,118050,24850,39100,39183.333333333336,50700,57883.333333333336,13800,14450
2/2/2020,11850,32416.666666666668,118050,24800,39350,41916.666666666664,51100,58016.666666666664,13800,14450
2/3/2020,11850,32400,118050,24750,39600,44650,51500,58150,13800,14450
2/4/2020,11850,32450,118050,24700,40000,46900,52200,58350,13800,14450
2/5/2020,11850,32450,118050,24700,40250,49850,52050,57900,13800,14450
2/6/2020,11850,32500,118400,24700,40700,51800,51850,57250,13800,14500
2/7/2020,11850,32650,118050,24750,41100,53800,52000,56800,13800,14500
2/8/2020,11850,32783.333333333336,118050,24766.666666666668,41166.666666666664,54366.666666666664,51616.666666666664,55716.666666666664,13800,14500
2/9/2020,11850,32916.666666666664,118050,24783.333333333332,41233.333333333336,54933.333333333336,51233.333333333336,54633.333333333336,13800,14500
2/10/2020,11850,33050,118050,24800,41300,55500,50850,53550,13800,14500
2/11/2020,11850,33200,118050,24900,41400,55700,50450,53400,13800,14500
2/12/2020,11850,33400,118000,24900,41200,55300,49850,52550,13800,14500
2/13/2020,11850,33500,118000,25050,40650,55100,49700,51800,13750,14500
2/14/2020,11900,34000,118150,25350,40450,54450,49400,50400,13800,14550
2/15/2020,11900,34100,118166.66666666667,25383.333333333332,40183.333333333336,53533.333333333336,48866.666666666664,49416.666666666664,13800,14566.666666666666
2/16/2020,11900,34200,118183.33333333333,25416.666666666668,39916.666666666664,52616.666666666664,48333.333333333336,48433.333333333336,13800,14583.333333333334
2/17/2020,11900,34300,118200,25450,39650,51700,47800,47450,13800,14600
2/18/2020,11850,34200,118050,25350,39550,50800,47450,46500,13750,14600
2/19/2020,11850,34000,118250,25450,39700,50100,46950,45500,13750,14650
2/20/2020,11850,34050,118250,25500,39450,49600,47700,44300,13750,14650
2/21/2020,11850,34200,117950,25450,38900,48800,48250,43700,13750,14700
2/22/2020,11850,34150,117933.33333333333,25483.333333333332,38616.666666666664,48433.333333333336,48250,42833.333333333336,13750,14716.666666666666
2/23/2020,11850,34100,117916.66666666667,25516.666666666668,38333.333333333336,48066.666666666664,48250,41966.666666666664,13750,14733.333333333334
2/24/2020,11850,34050,117900,25550,38050,47700,48250,41100,13750,14750
2/25/2020,11850,33950,117900,25500,37700,47300,47900,40450,13750,14800
2/26/2020,11850,33850,117900,25600,37450,46900,47350,39850,14050,14800
2/27/2020,11850,33600,117950,25700,37450,46850,46100,39700,13750,14850
2/28/2020,11850,33400,118050,25650,37150,46500,45000,38550,13750,14850
2/29/2020,11850,33300,117966.66666666667,25616.666666666668,37050,46366.666666666664,44683.333333333336,38466.666666666664,13833.333333333334,14900
3/1/2020,11850,33200,117883.33333333333,25583.333333333332,36950,46233.333333333336,44366.666666666664,38383.333333333336,13916.666666666666,14950
3/2/2020,11850,33100,117800,25550,36850,46100,44050,38300,14000,15000
3/3/2020,11850,33000,117850,25500,36800,46000,43500,38450,13750,15150
3/4/2020,11850,33000,117850,25550,36750,45750,43050,38400,13750,15350
3/5/2020,11850,32850,117850,25500,36800,45650,43100,38600,13700,15650
3/6/2020,11850,32800,117050,25550,36750,45550,42600,38350,13700,15800
3/7/2020,11850,32733.333333333332,117466.66666666667,25600,36916.666666666664,45366.666666666664,42300,38216.666666666664,13716.666666666666,15950
3/8/2020,11850,32666.666666666668,117883.33333333333,25650,37083.333333333336,45183.333333333336,42000,38083.333333333336,13733.333333333334,16100
3/9/2020,11850,32600,118300,25700,37250,45000,41700,37950,13750,16250
3/10/2020,11850,32550,118450,25700,37300,44900,41300,38000,13750,16250
3/11/2020,11850,32600,118000,25800,37450,44600,40700,37800,13750,16800
3/12/2020,11850,32550,117700,25800,37350,44450,40350,38200,13750,16450
3/13/2020,11850,32650,117700,25800,37400,44500,39650,38250,13750,16550
3/14/2020,11850,32733.333333333332,117766.66666666667,25800,37516.666666666664,44366.666666666664,38933.333333333336,38500,13750,16583.333333333332
3/15/2020,11850,32816.666666666664,117833.33333333333,25800,37633.333333333336,44233.333333333336,38216.666666666664,38750,13750,16616.666666666668
3/16/2020,11850,32900,117900,25800,37750,44100,37500,39000,13750,16650
3/17/2020,11850,32950,117850,25800,37800,44250,36950,39750,13750,16650
3/18/2020,11850,33000,117900,25750,37900,44400,36450,40000,13750,16800
3/19/2020,11850,33000,117900,25850,37850,44300,35900,40150,13700,16850
3/20/2020,11900,33000,117850,25850,37700,44400,35900,40350,13700,16950
3/21/2020,11883.333333333334,32850,117850,25883.333333333332,38100,44433.333333333336,35666.666666666664,40566.666666666664,13700,17050
3/22/2020,11866.666666666666,32700,117850,25916.666666666668,38500,44466.666666666664,35433.333333333336,40783.333333333336,13700,17150
3/23/2020,11850,32550,117850,25950,38900,44500,35200,41000,13700,17250
3/24/2020,11850,32400,118500,26050,39100,44700,34850,41550,13700,18000
3/25/2020,11050,31150,116300,26300,39050,43950,32150,33900,13750,17500
3/26/2020,11850,32000,118450,26150,39650,44450,34900,42050,13750,17650
3/27/2020,11850,32050,117500,26150,39900,44600,34700,42750,13750,17650
3/28/2020,11866.666666666666,31833.333333333332,117616.66666666667,26133.333333333332,40100,44716.666666666664,34250,42616.666666666664,13750,17733.333333333332
3/29/2020,11883.333333333334,31616.666666666668,117733.33333333333,26116.666666666668,40300,44833.333333333336,33800,42483.333333333336,13750,17816.666666666668
3/30/2020,11900,31400,117850,26100,40500,44950,33350,42350,13750,17900
3/31/2020,11900,31200,117900,26150,41050,45100,33150,42300,13750,17950
4/1/2020,11900,31050,118000,26100,41250,45200,32800,43100,13750,18000
4/2/2020,11900,30800,118000,26050,41250,45300,32700,43750,13800,18000
4/3/2020,11900,30650,117950,25950,41300,45250,32700,43850,13800,18100
4/4/2020,11900,30266.666666666668,117900,25950,41533.333333333336,45233.333333333336,32766.666666666668,43966.666666666664,13800,18133.333333333332
4/5/2020,11900,29883.333333333332,117850,25950,41766.666666666664,45216.666666666664,32833.333333333336,44083.333333333336,13800,18166.666666666668
4/6/2020,11900,29500,117800,25950,42000,45200,32900,44200,13800,18200
4/7/2020,11900,29450,117850,25950,42000,45250,32800,44550,13800,18200
4/8/2020,11900,29350,117850,26000,42150,45000,32700,44850,13800,18250
4/9/2020,11900,29500,117850,26050,42550,44850,32600,44400,13800,18250
4/10/2020,11550,31100,119150,28100,46300,45300,26300,32550,13800,18600
4/11/2020,11666.666666666666,30550,118716.66666666667,27416.666666666668,45283.333333333336,44800,28200,36000,13800,18500
4/12/2020,11783.333333333334,30000,118283.33333333333,26733.333333333332,44266.666666666664,44300,30100,39450,13800,18400
4/13/2020,11900,29450,117850,26050,43250,43800,32000,42900,13800,18300
4/14/2020,11900,29300,117800,26000,43100,43600,31850,43100,13800,18300
4/15/2020,11900,29200,117750,25850,43200,43150,32050,42250,13800,18350
4/16/2020,11950,29000,117700,25900,43050,42850,31000,41300,13800,18350
4/17/2020,11950,28800,117700,25950,43050,42600,30600,40350,13850,18350
4/18/2020,11950,28683.333333333332,117733.33333333333,25883.333333333332,43283.333333333336,42233.333333333336,30800,40100,13833.333333333334,18366.666666666668
4/19/2020,11950,28566.666666666668,117766.66666666667,25816.666666666668,43516.666666666664,41866.666666666664,31000,39850,13816.666666666666,18383.333333333332
4/20/2020,11950,28450,117800,25750,43750,41500,31200,39600,13800,18400
4/21/2020,11950,28600,118100,25750,43850,41100,31450,39100,13800,18400
4/22/2020,11950,28800,118650,25650,44200,40700,32000,39200,13800,18400
4/23/2020,11950,28950,119600,25650,44700,40650,32450,38800,13800,18400
4/24/2020,11950,28950,119400,25600,44750,40500,32150,38400,13800,18400
4/25/2020,11950,28766.666666666668,119066.66666666667,25566.666666666668,45000,40333.333333333336,32350,38533.333333333336,13800,18350
4/26/2020,11950,28583.333333333332,118733.33333333333,25533.333333333332,45250,40166.666666666664,32550,38666.666666666664,13800,18300
4/27/2020,11950,28400,118400,25500,45500,40000,32750,38800,13800,18250
4/28/2020,11900,28350,118300,25450,45550,39700,32700,38300,13800,18250
4/29/2020,11900,28500,118050,25400,45800,39550,31950,36600,13800,18200
4/30/2020,11900,28500,118050,25250,46300,39250,31650,35350,13800,18200
5/1/2020,12350,32950,122500,27750,52500,44500,38650,45300,13250,17050
5/2/2020,12200,31616.666666666668,120966.66666666667,26716.666666666668,51283.333333333336,42566.666666666664,35966.666666666664,41766.666666666664,13416.666666666666,17366.666666666668
5/3/2020,12050,30283.333333333332,119433.33333333333,25683.333333333332,50066.666666666664,40633.333333333336,33283.333333333336,38233.333333333336,13583.333333333334,17683.333333333332
5/4/2020,11900,28950,117900,24650,48850,38700,30600,34700,13750,18000
5/5/2020,11900,29050,117900,24500,49200,38300,30500,33700,13750,17950
5/6/2020,11900,29150,117950,24450,49700,38100,30150,33200,13750,17950
5/7/2020,11950,33950,120000,29300,57750,44650,38250,43800,14250,17750
5/8/2020,11900,29550,117850,24400,50200,37750,29400,33100,13750,17900
5/9/2020,11900,29950,117866.66666666667,24333.333333333332,50683.333333333336,37516.666666666664,28983.333333333332,33066.666666666664,13733.333333333334,17833.333333333332
5/10/2020,11900,30350,117883.33333333333,24266.666666666668,51166.666666666664,37283.333333333336,28566.666666666668,33033.333333333336,13716.666666666666,17766.666666666668
5/11/2020,11900,30750,117900,24200,51650,37050,28150,33000,13700,17700
5/12/2020,11900,31150,118000,24100,51950,36950,28100,32800,13700,17700
5/13/2020,11900,31650,118200,24050,52100,36800,28000,32300,13700,17650
5/14/2020,11900,32250,118150,24000,52200,36400,27800,32150,13700,17600
5/15/2020,11900,32700,118300,23950,52450,36100,27700,32250,13700,17550
5/16/2020,11900,33166.666666666664,118616.66666666667,23933.333333333332,53066.666666666664,35766.666666666664,27883.333333333332,31866.666666666668,13700,17533.333333333332
5/17/2020,11900,33633.333333333336,118933.33333333333,23916.666666666668,53683.333333333336,35433.333333333336,28066.666666666668,31483.333333333332,13700,17516.666666666668
5/18/2020,11900,34100,119250,23900,54300,35100,28250,31100,13700,17500
5/19/2020,11900,34300,119550,23950,55150,34800,28650,31500,13700,17450
5/20/2020,11900,34750,120600,24200,56100,34500,29750,32400,13700,17400
5/21/2020,12600,41000,122900,24450,58850,32850,29050,27800,13950,17550
5/22/2020,12300,37550,125800,24450,56800,32950,38150,33150,13950,16400
5/23/2020,12566.666666666666,38516.666666666664,126900,24500,55583.333333333336,33883.333333333336,38016.666666666664,35133.333333333336,13766.666666666666,16383.333333333334
5/24/2020,12833.333333333334,39483.333333333336,128000,24550,54366.666666666664,34816.666666666664,37883.333333333336,37116.666666666664,13583.333333333334,16366.666666666666
5/25/2020,13100,40450,129100,24600,53150,35750,37750,39100,13400,16350
5/26/2020,11900,37150,121100,24550,57250,34450,34250,38450,13700,17250
5/27/2020,11900,37050,120750,24600,57250,34200,33850,37900,13650,17250
5/28/2020,11900,37200,119750,24500,57600,33950,31600,36950,13650,17200
5/29/2020,11900,37150,119500,24550,58550,33650,30900,36050,13650,17150
5/30/2020,11766.666666666666,37583.333333333336,118983.33333333333,27050,60233.333333333336,33566.666666666664,31733.333333333332,36033.333333333336,13733.333333333334,17083.333333333332
5/31/2020,11633.333333333334,38016.666666666664,118466.66666666667,29550,61916.666666666664,33483.333333333336,32566.666666666668,36016.666666666664,13816.666666666666,17016.666666666668
6/1/2020,11500,38450,117950,32050,63600,33400,33400,36000,13900,16950
6/2/2020,11900,37750,118500,24450,59200,32500,29150,33200,13650,17050
6/3/2020,11900,38000,118300,24500,59150,31950,28600,32750,13650,17000
6/4/2020,11900,38200,118400,24550,59150,31800,27950,33700,13650,16850
6/5/2020,11900,38250,118300,24600,58850,31400,28050,33200,13650,16800
6/6/2020,11900,38383.333333333336,118300,24666.666666666668,58650,31150,28133.333333333332,33233.333333333336,13650,16766.666666666668
6/7/2020,11900,38516.666666666664,118300,24733.333333333332,58450,30900,28216.666666666668,33266.666666666664,13650,16733.333333333332
6/8/2020,11900,38650,118300,24800,58250,30650,28300,33300,13650,16700
6/9/2020,11850,38800,118250,25100,57700,30250,28300,33750,13650,16600
6/10/2020,11850,38950,118300,25200,56750,29850,28450,33400,13650,16550
6/11/2020,11850,39000,118150,25000,56300,29400,28800,33400,13650,16550
6/12/2020,11850,38900,118250,25050,55450,29250,28650,33200,13650,16500
6/13/2020,11850,38800,118250,25100,54650,28850,28716.666666666668,33183.333333333336,13650,16450
6/14/2020,11850,38700,118250,25150,53850,28450,28783.333333333332,33166.666666666664,13650,16400
6/15/2020,11850,38600,118250,25200,53050,28050,28850,33150,13650,16350
6/16/2020,11850,38450,118200,25400,51900,28000,29000,32950,13650,16300
6/17/2020,11850,38250,118150,25600,50800,27700,29150,32850,13600,16250
6/18/2020,11850,38100,118250,25700,50600,27800,29200,32700,13600,16200
6/19/2020,11850,37750,118250,25850,50150,27650,29200,32750,13600,16150
6/20/2020,11850,37566.666666666664,118250,25933.333333333332,49583.333333333336,27500,30200,33066.666666666664,13583.333333333334,16116.666666666666
6/21/2020,11850,37383.333333333336,118250,26016.666666666668,49016.666666666664,27350,31200,33383.333333333336,13566.666666666666,16083.333333333334
6/22/2020,11850,37200,118250,26100,48450,27200,32200,33700,13550,16050
6/23/2020,11850,37250,118300,26200,47650,26800,32400,33500,13600,16050
6/24/2020,11850,37250,118100,26200,47550,26500,31950,33700,13600,15950
6/25/2020,11850,37400,118200,26200,47100,26450,31550,33300,13600,15950
6/26/2020,11850,37450,118200,25950,46600,31500,31550,33150,13600,15950
6/27/2020,11850,37716.666666666664,118150,26083.333333333332,46066.666666666664,29516.666666666668,31183.333333333332,33183.333333333336,13600,15883.333333333334
6/28/2020,11850,37983.333333333336,118100,26216.666666666668,45533.333333333336,27533.333333333332,30816.666666666668,33216.666666666664,13600,15816.666666666666
6/29/2020,11850,38250,118050,26350,45000,25550,30450,33250,13600,15750
6/30/2020,11850,38550,118050,26350,44550,25400,30550,33500,13600,15700
7/1/2020,11850,38950,118100,26250,44050,25250,30650,33350,13600,15600
7/2/2020,11850,39200,118150,26200,43450,24850,30500,33100,13600,15550
7/3/2020,11850,39500,118150,26200,43000,24850,30350,33100,13600,15450
7/4/2020,11850,39416.666666666664,118166.66666666667,26183.333333333332,42633.333333333336,24816.666666666668,30483.333333333332,33450,13600,15450
7/5/2020,11850,39333.333333333336,118183.33333333333,26166.666666666668,42266.666666666664,24783.333333333332,30616.666666666668,33800,13600,15450
7/6/2020,11850,39250,118200,26150,41900,24750,30750,34150,13600,15450
7/7/2020,11850,39400,118150,26150,41350,24300,30700,34250,13600,15400
7/8/2020,11850,38950,118450,26300,41250,24200,31100,34500,13550,15350
7/9/2020,11850,38800,118150,26150,40550,23900,30800,34100,13550,15300
7/10/2020,11850,38250,118150,26200,40200,24200,30800,34100,13550,15200
7/11/2020,11850,37633.333333333336,118133.33333333333,26233.333333333332,39816.666666666664,23966.666666666668,31150,34350,13550,15183.333333333334
7/12/2020,11850,37016.666666666664,118116.66666666667,26266.666666666668,39433.333333333336,23733.333333333332,31500,34600,13550,15166.666666666666
7/13/2020,11850,36400,118100,26300,39050,23500,31850,34850,13550,15150
7/14/2020,12000,36050,118150,26350,38400,23500,32350,34550,13550,15100
7/15/2020,11850,35700,118200,26400,38050,23350,32250,34500,13550,15050
7/16/2020,11850,35300,118150,26300,37750,23150,32350,34450,13550,15050
7/17/2020,11850,34950,118150,26300,37350,23100,32700,35250,13550,14950
7/18/2020,11850,34516.666666666664,118150,26333.333333333332,36900,23083.333333333332,32766.666666666668,34850,13566.666666666666,14933.333333333334
7/19/2020,11850,34083.333333333336,118150,26366.666666666668,36450,23066.666666666668,32833.333333333336,34450,13583.333333333334,14916.666666666666
7/20/2020,11850,33650,118150,26400,36000,23050,32900,34050,13600,14900
7/21/2020,11850,33600,118150,26400,35850,23050,33100,34300,13600,14900
7/22/2020,11850,34300,118150,26400,35600,23000,33250,34350,13600,14900
7/23/2020,11850,33150,118150,26450,35400,23000,33000,34350,13600,14900
7/24/2020,11850,32950,118150,26450,35050,22850,33200,34750,13600,14850
7/25/2020,11850,33100,118200,26433.333333333332,34783.333333333336,22833.333333333332,34033.333333333336,34683.333333333336,13616.666666666666,14850
7/26/2020,11850,33250,118250,26416.666666666668,34516.666666666664,22816.666666666668,34866.666666666664,34616.666666666664,13633.333333333334,14850
7/27/2020,11850,33400,118300,26400,34250,22800,35700,34550,13650,14850
7/28/2020,11850,33800,118550,26350,34000,22850,36050,34600,13700,14800
7/29/2020,11850,34350,119300,26350,33750,22850,37300,34900,13700,14800
7/30/2020,11850,35050,120650,26300,33750,22900,38900,35100,13700,14800
7/31/2020,10900,39750,110000,53250,52500,35000,68750,53750,14350,18000
8/1/2020,11216.666666666666,37966.666666666664,113133.33333333333,44233.333333333336,46000,30883.333333333332,58583.333333333336,48333.333333333336,14133.333333333334,16933.333333333332
8/2/2020,11533.333333333334,36183.333333333336,116266.66666666667,35216.66666666667,39500,26766.666666666664,48416.66666666667,42916.666666666664,13916.666666666666,15866.666666666666
8/3/2020,11850,34400,119400,26200,33000,22650,38250,37500,13700,14800
8/4/2020,11850,34300,118950,26200,32950,22700,37950,37750,13700,14800
8/5/2020,11850,34050,118900,26200,32800,22600,36650,37450,13700,14800
8/6/2020,11850,33200,118850,26150,32950,22600,36050,36350,13650,14700
8/7/2020,11850,33300,118300,26200,32700,22650,35500,36000,13700,14800
8/8/2020,11850,32933.333333333336,118300,26216.666666666668,32783.333333333336,22683.333333333332,35100,35750,13716.666666666666,14783.333333333334
8/9/2020,11850,32566.666666666668,118300,26233.333333333332,32866.666666666664,22716.666666666668,34700,35500,13733.333333333334,14766.666666666666
8/10/2020,11850,32200,118300,26250,32950,22750,34300,35250,13750,14750
8/11/2020,11850,31700,118350,26300,33100,22900,34000,34800,13750,14750
8/12/2020,11850,31400,118350,26300,33150,23000,33600,34950,13750,14750
8/13/2020,11850,31150,118350,26350,33000,23000,33150,34650,13750,14750
8/14/2020,11850,31100,118400,26300,33000,22950,32850,34400,13750,14750
8/15/2020,11800,30816.666666666668,118083.33333333333,26083.333333333332,31716.666666666668,23383.333333333332,31033.333333333332,31733.333333333332,13716.666666666666,14333.333333333334
8/16/2020,11750,30533.333333333332,117766.66666666667,25866.666666666668,30433.333333333332,23816.666666666668,29216.666666666668,29066.666666666668,13683.333333333334,13916.666666666666
8/17/2020,11700,30250,117450,25650,29150,24250,27400,26400,13650,13500
8/18/2020,11850,31250,118250,26100,32400,23750,32100,33050,13750,14700
8/19/2020,11850,31300,118300,25950,32200,23950,31650,33000,13750,14700
8/20/2020,10950,33200,115000,38000,42350,30550,37950,34650,15300,17200
8/21/2020,11900,33600,119400,26750,31650,24000,25250,27300,13700,14800
8/22/2020,11883.333333333334,32716.666666666668,119016.66666666667,26500,31550,24283.333333333332,27066.666666666668,28900,13733.333333333334,14750
8/23/2020,11866.666666666666,31833.333333333332,118633.33333333333,26250,31450,24566.666666666668,28883.333333333332,30500,13766.666666666666,14700
8/24/2020,11850,30950,118250,26000,31350,24850,30700,32100,13800,14650
8/25/2020,11850,30800,118250,25950,31050,25100,30250,32050,13850,14650
8/26/2020,11850,30450,118250,25900,30900,25400,29900,31750,13850,14650
8/27/2020,11850,30300,118250,25850,30650,25750,29700,31500,13850,14650
8/28/2020,11850,30050,118300,25750,30600,25950,29600,31500,13850,14650
8/29/2020,11850,29983.333333333332,118283.33333333333,25700,30550,25983.333333333332,29550,31600,13850,14633.333333333334
8/30/2020,11850,29916.666666666668,118266.66666666667,25650,30500,26016.666666666668,29500,31700,13850,14616.666666666666
8/31/2020,11850,29850,118250,25600,30450,26050,29450,31800,13850,14600
9/1/2020,11850,29950,118200,25500,30600,26250,29400,31900,13850,14650
9/2/2020,11800,30150,118150,25450,30650,26250,29600,31800,13850,14600
9/3/2020,11850,30350,118100,25450,30450,26300,29650,32000,13900,14650
9/4/2020,11800,30550,118250,25400,30500,26350,29600,32000,13900,14650
9/5/2020,11800,30716.666666666668,118250,25366.666666666668,30616.666666666668,26383.333333333332,30050,32250,13916.666666666666,14616.666666666666
9/6/2020,11800,30883.333333333332,118250,25333.333333333332,30733.333333333332,26416.666666666668,30500,32500,13933.333333333334,14583.333333333334
9/7/2020,11800,31050,118250,25300,30850,26450,30950,32750,13950,14550
9/8/2020,11800,31300,118300,25200,30900,26450,31450,32550,13950,14550
9/9/2020,11800,31450,118300,25050,31000,26500,31750,32800,13950,14550
9/10/2020,11800,31500,118200,25000,31050,26600,31850,32600,13950,14550
9/11/2020,11800,31650,118200,25000,31050,26650,32050,32650,14000,14550
9/12/2020,11800,31533.333333333332,118200,24966.666666666668,31066.666666666668,26633.333333333332,32316.666666666668,32466.666666666668,14000,14550
9/13/2020,11800,31416.666666666668,118200,24933.333333333332,31083.333333333332,26616.666666666668,32583.333333333332,32283.333333333332,14000,14550
9/14/2020,11800,31300,118200,24900,31100,26600,32850,32100,14000,14550
9/15/2020,11800,31250,118050,24850,31100,26800,33000,31850,14000,14500
9/16/2020,11800,31400,118200,24800,31050,26800,33250,32050,14000,14500
9/17/2020,11800,31550,118200,24750,31050,26850,33300,32000,14000,14500
9/18/2020,11800,31550,118200,24700,30950,26800,33000,31550,14050,14500
9/19/2020,11800,31733.333333333332,118200,24650,30916.666666666668,26783.333333333332,33333.333333333336,31533.333333333332,14050,14483.333333333334
9/20/2020,11800,31916.666666666668,118200,24600,30883.333333333332,26766.666666666668,33666.666666666664,31516.666666666668,14050,14466.666666666666
9/21/2020,11800,32100,118200,24550,30850,26750,34000,31500,14050,14450
9/22/2020,11800,32150,118100,24550,30800,26750,34000,30800,14100,14450
9/23/2020,11800,32250,118200,24500,30700,26600,34250,30700,14100,14450
9/24/2020,11800,32100,116650,24500,30700,26550,34450,30600,14100,14450
9/25/2020,11800,32150,118200,24450,30700,26600,34800,30700,14100,14450
9/26/2020,11800,32066.666666666668,118183.33333333333,24400,30616.666666666668,26600,35400,30666.666666666668,14116.666666666666,14433.333333333334
9/27/2020,11800,31983.333333333332,118166.66666666667,24350,30533.333333333332,26600,36000,30633.333333333332,14133.333333333334,14416.666666666666
9/28/2020,11800,31900,118150,24300,30450,26600,36600,30600,14150,14400
9/29/2020,11800,31700,118150,24200,30350,26550,37000,30900,14150,14400
9/30/2020,11800,31450,118150,24150,30300,26550,37700,31550,14150,14400
10/1/2020,11800,31450,118150,24100,30250,26500,38200,31700,14150,14400
10/2/2020,11800,31400,118200,24100,30250,26550,38750,31800,14150,14350
10/3/2020,11800,31416.666666666668,118183.33333333333,24083.333333333332,30466.666666666668,26566.666666666668,39800,32000,14150,14366.666666666666
10/4/2020,11800,31433.333333333332,118166.66666666667,24066.666666666668,30683.333333333332,26583.333333333332,40850,32200,14150,14383.333333333334
10/5/2020,11800,31450,118150,24050,30900,26600,41900,32400,14150,14400
10/6/2020,11800,31550,118150,23950,31250,26700,42300,33300,14150,14350
10/7/2020,11800,31550,118150,23950,31500,26650,42800,33200,14150,14350
10/8/2020,11800,31600,118300,23900,31650,26600,43200,33150,14150,14350
10/9/2020,11800,31650,118150,23950,31950,26550,43500,33300,14150,14350
10/10/2020,11800,31666.666666666668,118166.66666666667,24033.333333333332,32366.666666666668,26616.666666666668,43583.333333333336,33233.333333333336,14150,14350
10/11/2020,11800,31683.333333333332,118183.33333333333,24116.666666666668,32783.333333333336,26683.333333333332,43666.666666666664,33166.666666666664,14150,14350
10/12/2020,11800,31700,118200,24200,33200,26750,43750,33100,14150,14350
10/13/2020,11800,31950,118200,24250,33350,26750,43550,33600,14150,14350
10/14/2020,11800,32000,118200,24400,33700,26750,43200,33700,14150,14350
10/15/2020,11800,32100,118200,24500,33850,26700,42950,34250,14150,14350
10/16/2020,11800,32250,118200,24600,34000,26800,42800,34150,14150,14350
10/17/2020,11800,32333.333333333332,117916.66666666667,24650,34100,26816.666666666668,42566.666666666664,34083.333333333336,14150,14350
10/18/2020,11800,32416.666666666668,117633.33333333333,24700,34200,26833.333333333332,42333.333333333336,34016.666666666664,14150,14350
10/19/2020,11800,32500,117350,24750,34300,26850,42100,33950,14150,14350
10/20/2020,11800,32400,118150,24850,34500,27000,42000,34300,14150,14400
10/21/2020,11800,32450,118150,24850,34550,27150,41750,34400,14150,14350
10/22/2020,11800,32500,118150,24900,34600,27100,41800,34350,14150,14300
10/23/2020,11800,32450,118150,24850,34700,27200,41850,34600,14150,14300
10/24/2020,11800,32566.666666666668,118133.33333333333,24850,34866.666666666664,27233.333333333332,42083.333333333336,34866.666666666664,14166.666666666666,14300
10/25/2020,11800,32683.333333333332,118116.66666666667,24850,35033.333333333336,27266.666666666668,42316.666666666664,35133.333333333336,14183.333333333334,14300
10/26/2020,11800,32800,118100,24850,35200,27300,42550,35400,14200,14300
10/27/2020,11800,33000,118150,24850,35250,27350,42850,35500,14200,14350
10/28/2020,11400,33000,118850,25250,35300,29050,37700,31100,14300,14800
10/29/2020,11950,32000,114100,26150,39250,31400,40600,41550,15750,15400
10/30/2020,12150,36000,122150,27600,37700,30450,37550,36550,14450,15650
10/31/2020,12033.333333333334,35350,120816.66666666667,26683.333333333332,36983.333333333336,29566.666666666668,39633.333333333336,36250,14383.333333333334,15216.666666666666
11/1/2020,11916.666666666666,34700,119483.33333333333,25766.666666666668,36266.666666666664,28683.333333333332,41716.666666666664,35950,14316.666666666666,14783.333333333334
11/2/2020,11800,34050,118150,24850,35550,27800,43800,35650,14250,14350
11/3/2020,11800,34200,118150,24900,35850,27900,43850,35200,14250,14400
11/4/2020,11800,34350,118300,24900,36050,27900,43750,35300,14250,14400
11/5/2020,11800,34500,118250,24950,36300,27950,43600,35500,14250,14400
11/6/2020,11800,34650,118250,25050,36700,28100,43350,35700,14250,14400
11/7/2020,11800,34733.333333333336,118250,25083.333333333332,36933.333333333336,28133.333333333332,43216.666666666664,35933.333333333336,14266.666666666666,14400
11/8/2020,11800,34816.666666666664,118250,25116.666666666668,37166.666666666664,28166.666666666668,43083.333333333336,36166.666666666664,14283.333333333334,14400
11/9/2020,11800,34900,118250,25150,37400,28200,42950,36400,14300,14400
11/10/2020,11800,35000,118250,25200,37750,28250,42800,36600,14300,14400
11/11/2020,11800,35000,118250,25300,38000,28300,42700,36650,14300,14400
11/12/2020,11800,35100,118350,25400,38200,28400,42300,36600,14300,14400
11/13/2020,11800,35100,118350,25550,38350,28500,42100,36350,14300,14350
11/14/2020,11800,35166.666666666664,118333.33333333333,25666.666666666668,38383.333333333336,28550,41950,36466.666666666664,14300,14366.666666666666
11/15/2020,11800,35233.333333333336,118316.66666666667,25783.333333333332,38416.666666666664,28600,41800,36583.333333333336,14300,14383.333333333334
11/16/2020,11800,35300,118300,25900,38450,28650,41650,36700,14300,14400
11/17/2020,11800,35350,118350,26000,38450,28600,41450,36700,14300,14400
11/18/2020,11800,35200,118200,26000,38300,28750,41300,36400,14350,14400
11/19/2020,11800,35250,118250,26050,38350,28750,41150,36150,14350,14400
11/20/2020,11800,35300,118250,26150,38450,28750,41150,36150,14350,14400
11/21/2020,11800,35283.333333333336,118400,26200,38400,28766.666666666668,41033.333333333336,36166.666666666664,14350,14400
11/22/2020,11800,35266.666666666664,118550,26250,38350,28783.333333333332,40916.666666666664,36183.333333333336,14350,14400
11/23/2020,11800,35250,118700,26300,38300,28800,40800,36200,14350,14400
11/24/2020,11800,35300,118550,26300,38150,28850,40850,36450,14350,14400
11/25/2020,11800,35350,118500,26300,38100,28850,40750,36750,14350,14400
11/26/2020,11800,35400,118500,26350,38000,28900,41150,37500,14350,14400
11/27/2020,11800,35250,118500,26300,37850,28800,42150,38050,14350,14400
11/28/2020,11800,35183.333333333336,118483.33333333333,26316.666666666668,37816.666666666664,28800,42933.333333333336,39133.333333333336,14350,14400
11/29/2020,11800,35116.666666666664,118466.66666666667,26333.333333333332,37783.333333333336,28800,43716.666666666664,40216.666666666664,14350,14400
11/30/2020,11800,35050,118450,26350,37750,28800,44500,41300,14350,14400
12/1/2020,11800,35000,118400,26350,37650,28800,45450,41900,14350,14350
12/2/2020,11800,34850,118450,26350,37500,28750,45700,42600,14400,14350
12/3/2020,11800,34750,118400,26400,37150,28750,46550,42750,14400,14350
12/4/2020,11800,34650,118400,26450,37450,28750,47450,43800,14400,14350
12/5/2020,11800,34583.333333333336,118433.33333333333,26566.666666666668,37466.666666666664,28733.333333333332,47850,44616.666666666664,14400,14350
12/6/2020,11800,34516.666666666664,118466.66666666667,26683.333333333332,37483.333333333336,28716.666666666668,48250,45433.333333333336,14400,14350
12/7/2020,11800,34450,118500,26800,37500,28700,48650,46250,14400,14350
12/8/2020,11800,34350,118500,27000,37500,28700,49200,46700,14400,14350
12/9/2020,12600,37200,124750,29800,47100,34400,50650,58150,14900,14800
12/10/2020,11800,34600,118600,27300,37350,28750,50050,47350,14400,14350
12/11/2020,11800,34800,118600,27500,37250,28750,50250,47750,14400,14350
12/12/2020,11800,35000,118616.66666666667,27700,37200,28716.666666666668,50433.333333333336,47633.333333333336,14400,14350
12/13/2020,11800,35200,118633.33333333333,27900,37150,28683.333333333332,50616.666666666664,47516.666666666664,14400,14350
12/14/2020,11800,35400,118650,28100,37100,28650,50800,47400,14400,14350
12/15/2020,11800,35550,118700,28250,37000,28650,51050,47850,14400,14350
12/16/2020,11800,35900,118850,28350,36850,28650,51300,47800,14400,14350
12/17/2020,11800,35950,118700,28400,36400,28650,51900,48300,14400,14350
12/18/2020,11800,36100,118850,28450,36700,28650,52650,48450,14400,14350
12/19/2020,11800,36100,118850,28566.666666666668,36516.666666666664,28583.333333333332,53416.666666666664,49533.333333333336,14400,14350
12/20/2020,11800,36100,118850,28683.333333333332,36333.333333333336,28516.666666666668,54183.333333333336,50616.666666666664,14400,14350
12/21/2020,11800,36100,118850,28800,36150,28450,54950,51700,14400,14350
12/22/2020,11800,36450,118800,28650,36000,28550,56600,53450,14400,14350
12/23/2020,11800,36300,118850,28850,35850,28500,57300,53450,14400,14400
12/24/2020,11950,39600,116750,32950,47200,38750,77500,69400,14800,15300
12/25/2020,11912.5,38712.5,117300,31800,44175,36225,73025,66600,14700,15075
12/26/2020,11875,37825,117850,30650,41150,33700,68550,63800,14600,14850
12/27/2020,11837.5,36937.5,118400,29500,38125,31175,64075,61000,14500,14625
12/28/2020,11800,36050,118950,28350,35100,28650,59600,58200,14400,14400
12/29/2020,11800,36000,119000,28250,34950,28600,59050,59050,14450,14400
12/30/2020,11800,36150,119150,28200,34650,28700,58250,59700,14450,14400
12/31/2020,12300,40850,103250,29750,38700,28500,59450,60900,14150,13950
1/1/2021,12175,39650,107125,29237.5,37512.5,28512.5,58962.5,62900,14225,14062.5
1/2/2021,12050,38450,111000,28725,36325,28525,58475,64900,14300,14175
1/3/2021,11925,37250,114875,28212.5,35137.5,28537.5,57987.5,66900,14375,14287.5
1/4/2021,11800,36050,118750,27700,33950,28550,57500,68900,14450,14400
1/5/2021,11800,36000,119300,27600,33850,28500,57350,68500,14500,14450
1/6/2021,11800,36100,119400,27650,33700,28450,56350,68850,14500,14400
1/7/2021,11800,36150,119400,27600,33550,28500,55900,69550,14500,14400
1/8/2021,11800,35800,119450,27550,33350,28450,54900,69800,14500,14400
1/9/2021,11800,35766.666666666664,119416.66666666667,27516.666666666668,33250,28400,54216.666666666664,69766.66666666667,14500,14400
1/10/2021,11800,35733.333333333336,119383.33333333333,27483.333333333332,33150,28350,53533.333333333336,69733.33333333333,14500,14400
1/11/2021,11800,35700,119350,27450,33050,28300,52850,69700,14500,14400
1/12/2021,11800,35700,119300,27350,32900,28200,52650,70150,14500,14400
1/13/2021,11800,35600,119250,27250,32950,28200,51800,69400,14500,14400
1/14/2021,11800,35600,119250,27200,32950,28250,51250,69550,14500,14450
1/15/2021,11800,35400,119550,27100,32800,28350,51350,69900,14500,14450
1/16/2021,11800,35300,119466.66666666667,27000,32750,28350,51700,69966.66666666667,14500,14450
1/17/2021,11800,35200,119383.33333333333,26900,32700,28350,52050,70033.33333333333,14500,14450
1/18/2021,11800,35100,119300,26800,32650,28350,52400,70100,14500,14450
1/19/2021,11800,35000,119350,26550,32600,28250,52050,69600,14500,14450
1/20/2021,11800,34850,119200,26550,32500,28250,51550,69150,14500,14450
1/21/2021,11800,34750,118850,26500,32400,28250,50550,68200,14500,14400
1/22/2021,11800,34750,118950,26400,32350,28200,49700,68100,14500,14400
1/23/2021,11800,34633.333333333336,119216.66666666667,26316.666666666668,32200,28150,49000,67833.33333333333,14500,14400
1/24/2021,11800,34516.666666666664,119483.33333333333,26233.333333333332,32050,28100,48300,67566.66666666667,14500,14400
1/25/2021,11800,34400,119750,26150,31900,28050,47600,67300,14500,14400
1/26/2021,11800,34200,119750,26100,31950,28050,47550,67050,14500,14400
1/27/2021,11800,34100,119850,25950,31800,28000,46950,67300,14500,14400
1/28/2021,11800,34050,119550,25750,31700,28750,46700,66750,14500,14400
1/29/2021,11850,33700,119950,25750,31650,28000,47650,67600,14500,14400
1/30/2021,11833.333333333334,33650,119833.33333333333,25600,31583.333333333332,27966.666666666668,47883.333333333336,67516.66666666667,14500,14400
1/31/2021,11816.666666666666,33600,119716.66666666667,25450,31516.666666666668,27933.333333333332,48116.666666666664,67433.33333333333,14500,14400
2/1/2021,11800,33550,119600,25300,31450,27900,48350,67350,14500,14400
2/2/2021,11800,33700,119500,25350,31400,28000,49250,68150,14500,14400
2/3/2021,11800,33550,119550,25400,31300,28000,50300,68700,14500,14350
2/4/2021,11800,33750,119550,25400,31350,27950,50550,68700,14500,14350
2/5/2021,11800,33800,119550,25550,31250,27950,50800,68500,14500,14350
2/6/2021,11800,33950,119533.33333333333,25600,31250,27950,50816.666666666664,68766.66666666667,14500,14350
2/7/2021,11800,34100,119516.66666666667,25650,31250,27950,50833.333333333336,69033.33333333333,14500,14350
2/8/2021,11800,34250,119500,25700,31250,27950,50850,69300,14500,14350
2/9/2021,11800,34350,119650,25750,31350,28000,50750,69350,14500,14400
2/10/2021,11800,34550,119650,25750,31750,28050,50250,69300,14500,14350
2/11/2021,11800,34550,119650,25850,32050,28250,50750,69400,14500,14350
2/12/2021,11550,32500,120000,24450,31900,28750,43150,60000,14700,14200
2/13/2021,11633.333333333334,33233.333333333336,119883.33333333333,24950,32166.666666666668,28700,45116.666666666664,63550,14633.333333333334,14250
2/14/2021,11716.666666666666,33966.666666666664,119766.66666666667,25450,32433.333333333332,28650,47083.333333333336,67100,14566.666666666666,14300
2/15/2021,11800,34700,119650,25950,32700,28600,49050,70650,14500,14350
2/16/2021,11800,34750,119650,26000,32750,28700,48350,70150,14500,14350
2/17/2021,11800,34750,119650,26050,32950,28850,48200,71000,14500,14350
2/18/2021,11800,34700,119600,26000,32900,28950,48000,72000,14500,14400
2/19/2021,11800,34750,119600,26000,32850,28950,47600,72100,14500,14350
2/20/2021,11800,34716.666666666664,119600,25966.666666666668,33000,29050,47433.333333333336,72566.66666666667,14500,14333.333333333334
2/21/2021,11800,34683.333333333336,119600,25933.333333333332,33150,29150,47266.666666666664,73033.33333333333,14500,14316.666666666666
2/22/2021,11800,34650,119600,25900,33300,29250,47100,73500,14500,14300
2/23/2021,11800,34600,119600,25800,33500,29200,46600,73900,14500,14300
2/24/2021,11800,34550,119600,25750,33650,29350,46400,74850,14500,14300
2/25/2021,11800,34500,119600,25850,33750,29400,46350,75300,14500,14300
2/26/2021,11800,34450,119800,25800,33850,29500,46500,75450,14550,14300
2/27/2021,11800,34400,119716.66666666667,25783.333333333332,33983.333333333336,29483.333333333332,46600,75833.33333333333,14550,14300
2/28/2021,11800,34350,119633.33333333333,25766.666666666668,34116.666666666664,29466.666666666668,46700,76216.66666666667,14550,14300
3/1/2021,11800,34300,119550,25750,34250,29450,46800,76600,14550,14300
3/2/2021,11800,34450,119550,25750,34400,29500,47050,77300,14550,14300
3/3/2021,11800,34450,119550,25750,34600,29500,47400,78100,14550,14350
3/4/2021,11800,34550,119550,25750,34750,29600,47200,78000,14550,14300
3/5/2021,11800,34700,119600,25750,34800,29500,47550,78300,14550,14300
3/6/2021,11800,34750,119600,25733.333333333332,34950,29483.333333333332,47683.333333333336,77966.66666666667,14566.666666666666,14300
3/7/2021,11800,34800,119600,25716.666666666668,35100,29466.666666666668,47816.666666666664,77633.33333333333,14583.333333333334,14300
3/8/2021,11800,34850,119600,25700,35250,29450,47950,77300,14600,14300
3/9/2021,11800,34850,119500,25750,35250,29550,48400,77450,14600,14300
3/10/2021,11800,34850,119450,25700,35200,29500,48300,77850,14600,14300
3/11/2021,12400,41300,114450,34050,39200,33200,69550,86150,14900,15650
3/12/2021,11800,35050,119300,25700,35300,29400,48650,77100,14550,14250
3/13/2021,11800,35000,119316.66666666667,25616.666666666668,35316.666666666664,29483.333333333332,48900,77366.66666666667,14566.666666666666,14266.666666666666
3/14/2021,11800,34950,119333.33333333333,25533.333333333332,35333.333333333336,29566.666666666668,49150,77633.33333333333,14583.333333333334,14283.333333333334
3/15/2021,11800,34900,119350,25450,35350,29650,49400,77900,14600,14300
3/16/2021,11800,34850,119200,25400,35350,29600,49300,78550,14600,14300
3/17/2021,11800,34950,119200,25300,35350,29700,49350,78650,14650,14300
3/18/2021,11850,34900,119200,25250,35250,29700,49300,78950,14650,14300
3/19/2021,11800,34950,119200,25300,35400,29800,49200,79100,14650,14300
3/20/2021,11800,34900,119200,25250,35366.666666666664,29766.666666666668,49116.666666666664,79116.66666666667,14666.666666666666,14300
3/21/2021,11800,34850,119200,25200,35333.333333333336,29733.333333333332,49033.333333333336,79133.33333333333,14683.333333333334,14300
3/22/2021,11800,34800,119200,25150,35300,29700,48950,79150,14700,14300
3/23/2021,11800,34700,119300,25100,35100,29600,48900,79050,14700,14300
3/24/2021,11800,34650,119300,25100,35100,29700,49300,78250,14700,14250
3/25/2021,11800,34500,119300,25000,35000,29700,49500,77900,14700,14250
3/26/2021,11800,34400,119300,24950,34900,29750,49950,77450,14700,14300
3/27/2021,11800,34400,119316.66666666667,24883.333333333332,34833.333333333336,29766.666666666668,50033.333333333336,77066.66666666667,14700,14300
3/28/2021,11800,34400,119333.33333333333,24816.666666666668,34766.666666666664,29783.333333333332,50116.666666666664,76683.33333333333,14700,14300
3/29/2021,11800,34400,119350,24750,34700,29800,50200,76300,14700,14300
3/30/2021,11800,34450,119300,24650,34650,29950,50050,75150,14700,14300
3/31/2021,11800,34550,119550,24600,34550,29900,50200,73900,14700,14300
4/1/2021,11800,34750,119650,24700,34400,29900,50100,73250,14750,14250
4/2/2021,13200,40750,125000,29200,37750,29000,51900,80900,14750,13500
4/3/2021,12733.333333333334,38950,123216.66666666667,27733.333333333332,36516.666666666664,29333.333333333332,51583.333333333336,77933.33333333333,14750,13750
4/4/2021,12266.666666666666,37150,121433.33333333333,26266.666666666668,35283.333333333336,29666.666666666668,51266.666666666664,74966.66666666667,14750,14000
4/5/2021,11800,35350,119650,24800,34050,30000,50950,72000,14750,14250
4/6/2021,11800,35550,119650,24850,34050,30000,51000,72250,14750,14250
4/7/2021,11800,35950,119650,25050,33900,30000,50650,71400,14800,14250
4/8/2021,11800,36250,119750,25200,33850,29950,50750,70800,14800,14250
4/9/2021,11800,36500,120150,25300,33850,30000,50400,71200,14800,14250
4/10/2021,11800,36883.333333333336,121050,25466.666666666668,33983.333333333336,30066.666666666668,51050,70933.33333333333,14800,14250
4/11/2021,11800,37266.666666666664,121950,25633.333333333332,34116.666666666664,30133.333333333332,51700,70666.66666666667,14800,14250
4/12/2021,11800,37650,122850,25800,34250,30200,52350,70400,14800,14250
4/13/2021,11800,37800,123200,25950,34200,30100,52050,69750,14800,14250
4/14/2021,11800,37800,122850,26100,34200,30150,52850,69500,14800,14250
4/15/2021,11800,37800,122450,26150,34200,30200,53250,70000,14800,14250
4/16/2021,11800,37750,122050,26150,34150,30200,52650,71300,14800,14250
4/17/2021,11800,37600,121950,26183.333333333332,34116.666666666664,30200,51783.333333333336,69500,14816.666666666666,14250
4/18/2021,11800,37450,121850,26216.666666666668,34083.333333333336,30200,50916.666666666664,67700,14833.333333333334,14250
4/19/2021,11800,37300,121750,26250,34050,30200,50050,65900,14850,14250
4/20/2021,11750,37150,121650,26300,33950,30100,49250,64800,14850,14250
4/21/2021,11750,36900,121750,26300,33850,30100,48600,63250,14850,14250
4/22/2021,11850,36750,121800,26300,33700,30150,47250,61700,14850,14250
4/23/2021,11750,36550,121850,26250,33650,30250,46200,60550,14850,14250
4/24/2021,11750,36416.666666666664,121850,26216.666666666668,33550,30250,45166.666666666664,59383.333333333336,14866.666666666666,14250
4/25/2021,11750,36283.333333333336,121850,26183.333333333332,33450,30250,44133.333333333336,58216.666666666664,14883.333333333334,14250
4/26/2021,11750,36150,121850,26150,33350,30250,43100,57050,14900,14250
4/27/2021,11750,35950,121850,26150,33250,30200,42000,56200,14900,14250
4/28/2021,11750,35900,121900,26100,33200,30150,41400,56000,14900,14300
4/29/2021,11750,35900,121900,26000,33100,30250,40700,55550,14950,14250
4/30/2021,11750,35900,122000,26000,33100,30200,40150,55000,14950,14250
5/1/2021,11750,35933.333333333336,122166.66666666667,25983.333333333332,33050,30183.333333333332,40066.666666666664,54633.333333333336,14950,14250
5/2/2021,11750,35966.666666666664,122333.33333333333,25966.666666666668,33000,30166.666666666668,39983.333333333336,54266.666666666664,14950,14250
5/3/2021,11750,36000,122500,25950,32950,30150,39900,53900,14950,14250
5/4/2021,11750,36250,122900,26000,33050,30200,40150,54800,15000,14250
5/5/2021,11750,36550,123100,26050,33150,30300,40300,55400,15000,14250
5/6/2021,11750,36600,123500,26050,33100,30250,40950,55550,15000,14250
5/7/2021,11750,37000,124100,26100,33200,30300,41100,55750,15000,14250
5/8/2021,11750,37316.666666666664,125950,26133.333333333332,33350,30350,43233.333333333336,57100,15016.666666666666,14250
5/9/2021,11750,37633.333333333336,127800,26166.666666666668,33500,30400,45366.666666666664,58450,15033.333333333334,14250
5/10/2021,11750,37950,129650,26200,33650,30450,47500,59800,15050,14250
5/11/2021,11750,39050,133250,26150,33800,30650,48500,62400,15100,14250
5/12/2021,11750,39041.666666666664,132266.66666666666,26133.333333333332,33733.333333333336,30625,47975,61833.333333333336,15100,14250
5/13/2021,11750,39033.333333333336,131283.33333333334,26116.666666666668,33666.666666666664,30600,47450,61266.666666666664,15100,14250
5/14/2021,11750,39025,130300,26100,33600,30575,46925,60700,15100,14250
5/15/2021,11750,39016.666666666664,129316.66666666667,26083.333333333332,33533.333333333336,30550,46400,60133.333333333336,15100,14250
5/16/2021,11750,39008.333333333336,128333.33333333333,26066.666666666668,33466.666666666664,30525,45875,59566.666666666664,15100,14250
5/17/2021,11750,39000,127350,26050,33400,30500,45350,59000,15100,14250
5/18/2021,11750,38900,126850,26000,33300,30450,43500,57950,15100,14250
5/19/2021,11750,38550,126400,26000,33400,30500,42000,56000,15150,14350
5/20/2021,11750,38200,125950,26000,33350,30450,40450,53950,15150,14250
5/21/2021,11750,37850,125300,26000,33350,30450,39500,51650,15150,14250
5/22/2021,11750,37700,125183.33333333333,25966.666666666668,33266.666666666664,30450,38733.333333333336,51016.666666666664,15200,14233.333333333334
5/23/2021,11750,37550,125066.66666666667,25933.333333333332,33183.333333333336,30450,37966.666666666664,50383.333333333336,15250,14216.666666666666
5/24/2021,11750,37400,124950,25900,33100,30450,37200,49750,15300,14200
5/25/2021,11750,37300,124850,25950,33000,30400,36850,49100,15200,14200
5/26/2021,12150,41650,120000,42000,38400,32900,38850,45250,14400,14250
5/27/2021,11750,37150,124450,26000,32900,30450,35850,48050,15200,14200
5/28/2021,11750,37000,124400,26000,32850,30400,35350,47450,15250,14200
5/29/2021,11750,37016.666666666664,124333.33333333333,26083.333333333332,32783.333333333336,30633.333333333332,34933.333333333336,47183.333333333336,15233.333333333334,14200
5/30/2021,11750,37033.333333333336,124266.66666666667,26166.666666666668,32716.666666666668,30866.666666666668,34516.666666666664,46916.666666666664,15216.666666666666,14200
5/31/2021,11750,37050,124200,26250,32650,31100,34100,46650,15200,14200
6/1/2021,12800,41800,127500,36950,45650,39150,45400,68550,15600,15550
6/2/2021,11750,36950,124000,26350,32350,30300,33800,45850,15200,14200
6/3/2021,11750,36900,124050,26350,32200,30300,33600,45250,15250,14200
6/4/2021,11750,37000,124050,26400,32250,30250,33900,44900,15250,14200
6/5/2021,11750,37016.666666666664,123983.33333333333,26433.333333333332,32133.333333333332,30216.666666666668,33883.333333333336,45083.333333333336,15250,14200
6/6/2021,11750,37033.333333333336,123916.66666666667,26466.666666666668,32016.666666666668,30183.333333333332,33866.666666666664,45266.666666666664,15250,14200
6/7/2021,11750,37050,123850,26500,31900,30150,33850,45450,15250,14200
6/8/2021,11750,37050,123600,26500,31850,30050,33550,45250,15250,14200
6/9/2021,11750,37200,123450,26500,31750,30100,33700,45250,15250,14200
6/10/2021,11700,37300,123600,26450,31800,30050,33700,45200,15250,14200
6/11/2021,11700,37400,123500,26450,31400,30050,33750,45850,15300,14200
6/12/2021,11716.666666666666,37466.666666666664,123500,26466.666666666668,31333.333333333332,30033.333333333332,33566.666666666664,45900,15300,14200
6/13/2021,11733.333333333334,37533.333333333336,123500,26483.333333333332,31266.666666666668,30016.666666666668,33383.333333333336,45950,15300,14200
6/14/2021,11750,37600,123500,26500,31200,30000,33200,46000,15300,14200
6/15/2021,11750,37700,123500,26450,30950,29950,32650,46250,15300,14200
6/16/2021,11750,37550,123600,26350,30950,29950,32500,46600,15300,14200
6/17/2021,11750,37650,123500,26300,30950,30000,32500,46950,15300,14200
6/18/2021,11750,37550,123500,26300,31000,29950,32400,47650,15300,14200
6/19/2021,11750,37533.333333333336,123483.33333333333,26250,30966.666666666668,29900,32533.333333333332,48483.333333333336,15300,14200
6/20/2021,11750,37516.666666666664,123466.66666666667,26200,30933.333333333332,29850,32666.666666666668,49316.666666666664,15300,14200
6/21/2021,11750,37500,123450,26150,30900,29800,32800,50150,15300,14200
6/22/2021,11750,37500,123650,26050,31000,29750,32700,50700,15300,14200
6/23/2021,11750,37500,123650,25950,31050,29750,32850,51150,15350,14200
6/24/2021,11750,37450,123650,25950,31200,29650,32900,51950,15350,14150
6/25/2021,11750,37200,123650,25900,31250,29700,33600,53600,15350,14150
6/26/2021,11750,37033.333333333336,123583.33333333333,25883.333333333332,31366.666666666668,29733.333333333332,33750,54033.333333333336,15350,14150
6/27/2021,11750,36866.666666666664,123516.66666666667,25866.666666666668,31483.333333333332,29766.666666666668,33900,54466.666666666664,15350,14150
6/28/2021,11750,36700,123450,25850,31600,29800,34050,54900,15350,14150
6/29/2021,11750,36500,123750,25750,31550,29750,34100,55900,15300,14150
6/30/2021,11700,36300,123750,25750,31700,29750,34450,56400,15350,14150
7/1/2021,11750,35950,123900,25650,31750,29800,34850,56700,15300,14150
7/2/2021,11700,35800,123850,25650,31750,29750,35250,56700,15300,14150
7/3/2021,11700,35600,123866.66666666667,25566.666666666668,31816.666666666668,29750,35666.666666666664,57083.333333333336,15316.666666666666,14150
7/4/2021,11700,35400,123883.33333333333,25483.333333333332,31883.333333333332,29750,36083.333333333336,57466.666666666664,15333.333333333334,14150
7/5/2021,11700,35200,123900,25400,31950,29750,36500,57850,15350,14150
7/6/2021,11750,35000,123900,25400,32100,29750,36450,58350,15350,14150
7/7/2021,11700,34750,123950,25350,32300,29800,37050,58200,15300,14150
7/8/2021,11700,34700,123950,25350,32300,29850,37050,58700,15300,14150
7/9/2021,11700,34450,123950,25300,32400,29900,37300,58800,15300,14150
7/10/2021,11700,34283.333333333336,123983.33333333333,25300,32416.666666666668,29883.333333333332,37266.666666666664,58933.333333333336,15316.666666666666,14133.333333333334
7/11/2021,11700,34116.666666666664,124016.66666666667,25300,32433.333333333332,29866.666666666668,37233.333333333336,59066.666666666664,15333.333333333334,14116.666666666666
7/12/2021,11700,33950,124050,25300,32450,29850,37200,59200,15350,14100
7/13/2021,11700,33750,124050,25300,32500,29850,37150,59200,15350,14100
7/14/2021,11700,33550,122350,25350,32550,29850,37200,59100,15350,14100
7/15/2021,11700,33400,123950,25350,32600,29900,37300,58750,15350,14150
7/16/2021,11700,33250,124000,25500,32750,29900,37750,58400,15350,14150
7/17/2021,11700,33416.666666666664,125716.66666666667,25600,33050,29983.333333333332,39283.333333333336,58583.333333333336,15366.666666666666,14133.333333333334
7/18/2021,11700,33583.333333333336,127433.33333333333,25700,33350,30066.666666666668,40816.666666666664,58766.666666666664,15383.333333333334,14116.666666666666
7/19/2021,11700,33750,129150,25800,33650,30150,42350,58950,15400,14100
7/20/2021,13000,36300,127500,30150,47500,45000,70000,85000,17150,16000
7/21/2021,11700,33950,127650,25800,33900,30300,42650,59600,15400,14150
7/22/2021,11700,33850,127100,25850,34000,30350,42300,59100,15400,14150
7/23/2021,11700,33750,126650,25900,34250,30350,42250,59200,15400,14150
7/24/2021,11700,33550,126000,25966.666666666668,34433.333333333336,30400,40900,57716.666666666664,15416.666666666666,14150
7/25/2021,11700,33350,125350,26033.333333333332,34616.666666666664,30450,39550,56233.333333333336,15433.333333333334,14150
7/26/2021,11700,33150,124700,26100,34800,30500,38200,54750,15450,14150
7/27/2021,11700,32800,124900,26150,35100,30650,37300,53800,15450,14150
7/28/2021,11750,32650,124850,26150,35350,30600,36500,52550,15500,14150
7/29/2021,11700,32400,124250,26200,35650,30650,35600,51100,15550,14150
7/30/2021,11700,32300,124100,26200,35750,30650,34750,50200,15550,14150
7/31/2021,11700,32233.333333333332,124083.33333333333,26183.333333333332,35866.666666666664,30716.666666666668,34233.333333333336,49650,15566.666666666666,14150
8/1/2021,11700,32166.666666666668,124066.66666666667,26166.666666666668,35983.333333333336,30783.333333333332,33716.666666666664,49100,15583.333333333334,14150
8/2/2021,11700,32100,124050,26150,36100,30850,33200,48550,15600,14150
8/3/2021,11700,32350,124050,26200,36350,30850,32850,47900,15600,14150
8/4/2021,11700,32650,124050,26150,36400,30850,32350,47400,15650,14100
8/5/2021,11700,32650,124050,26150,36350,30850,32450,47300,15650,14100
8/6/2021,11700,32500,124050,26150,36300,30850,31950,47250,15650,14100
8/7/2021,11700,32516.666666666668,124050,26083.333333333332,36266.666666666664,30833.333333333332,31783.333333333332,47066.666666666664,15666.666666666666,14100
8/8/2021,11700,32533.333333333332,124050,26016.666666666668,36233.333333333336,30816.666666666668,31616.666666666668,46883.333333333336,15683.333333333334,14100
8/9/2021,11700,32550,124050,25950,36200,30800,31450,46700,15700,14100
8/10/2021,11700,32850,124050,25900,36150,30800,31400,46100,15700,14100
8/11/2021,11250,29000,100650,23250,28500,24500,17500,28150,15200,13400
8/12/2021,11700,32900,124050,25850,35900,30800,31050,45200,15700,14100
8/13/2021,11700,32750,124000,25850,35750,30800,30850,44950,15750,14050
8/14/2021,11700,32666.666666666668,124000,25800,35516.666666666664,30733.333333333332,30616.666666666668,44466.666666666664,15750,14050
8/15/2021,11700,32583.333333333332,124000,25750,35283.333333333336,30666.666666666668,30383.333333333332,43983.333333333336,15750,14050
8/16/2021,11700,32500,124000,25700,35050,30600,30150,43500,15750,14050
8/17/2021,13000,39050,127500,29900,48750,45000,43750,75000,17150,16000
8/18/2021,11700,32400,124000,25550,34650,30600,30200,42250,15750,14050
8/19/2021,11650,32300,124000,25500,34500,30550,29950,42150,15800,14050
8/20/2021,11650,32150,124000,25450,34350,30550,29700,41700,15800,14050
8/21/2021,11650,32183.333333333332,124016.66666666667,25400,34133.333333333336,30466.666666666668,29366.666666666668,40966.666666666664,15816.666666666666,14050
8/22/2021,11650,32216.666666666668,124033.33333333333,25350,33916.666666666664,30383.333333333332,29033.333333333332,40233.333333333336,15833.333333333334,14050
8/23/2021,11650,32250,124050,25300,33700,30300,28700,39500,15850,14050
8/24/2021,11650,32350,124050,25200,33500,30250,28450,39000,15850,14050
8/25/2021,11650,32400,124000,25150,33200,30300,28250,38650,15850,14050
8/26/2021,11650,32550,124150,25100,32950,30250,28350,38050,15850,14050
8/27/2021,11650,32800,124100,25050,32650,30200,28150,37950,15850,14050
8/28/2021,11650,32916.666666666664,124083.33333333333,24950,32500,30216.666666666668,28266.666666666668,37616.666666666664,15866.666666666666,14050
8/29/2021,11650,33033.333333333336,124066.66666666667,24850,32350,30233.333333333332,28383.333333333332,37283.333333333336,15883.333333333334,14050
8/30/2021,11650,33150,124050,24750,32200,30250,28500,36950,15900,14050
8/31/2021,11650,33350,124050,24650,32100,30200,28650,36800,15900,14050
9/1/2021,11650,33700,124100,24600,31950,30200,28900,37150,15900,14050
9/2/2021,11650,33900,124050,24500,31750,30150,28900,37000,15900,14050
9/3/2021,11650,33950,124050,24400,31600,30050,28850,36500,15900,14050
9/4/2021,11650,34033.333333333336,124066.66666666667,24300,31533.333333333332,30016.666666666668,28750,36616.666666666664,15916.666666666666,14050
9/5/2021,11650,34116.666666666664,124083.33333333333,24200,31466.666666666668,29983.333333333332,28650,36733.333333333336,15933.333333333334,14050
9/6/2021,11650,34200,124100,24100,31400,29950,28550,36850,15950,14050
9/7/2021,11650,35850,124100,24050,31250,29900,28250,36700,15950,14050
9/8/2021,11700,34400,124000,23950,31250,29900,28350,36900,16000,14050
9/9/2021,11700,34600,124000,23950,31200,29950,28600,37100,16000,14050
9/10/2021,11650,34800,124000,23900,31150,29950,28400,36850,16000,14050
9/11/2021,11650,34800,124016.66666666667,23866.666666666668,31050,29933.333333333332,28266.666666666668,36600,16016.666666666666,14050
9/12/2021,11650,34800,124033.33333333333,23833.333333333332,30950,29916.666666666668,28133.333333333332,36350,16033.333333333334,14050
9/13/2021,11650,34800,124050,23800,30850,29900,28000,36100,16050,14050
9/14/2021,11650,34800,124050,23750,30550,29850,28200,35750,16050,14050
9/15/2021,11650,34800,124100,23700,30350,29850,28250,35750,16050,14050
9/16/2021,11650,34800,124100,23650,30350,29850,28500,36100,16050,14050
9/17/2021,11650,34900,124100,23600,30300,29800,28450,36300,16050,14050
9/18/2021,11650,34916.666666666664,124083.33333333333,23550,30233.333333333332,29750,28533.333333333332,36250,16050,14050
9/19/2021,11650,34933.333333333336,124066.66666666667,23500,30166.666666666668,29700,28616.666666666668,36200,16050,14050
9/20/2021,11650,34950,124050,23450,30100,29650,28700,36150,16050,14050
9/21/2021,11650,35050,124050,23400,30000,29650,28850,36150,16100,14050
9/22/2021,11650,35250,124050,23350,30000,29650,28900,36400,16100,14050
9/23/2021,11650,35350,124050,23300,29850,29650,28950,36650,16100,14050
9/24/2021,11650,35400,124050,23250,29850,29600,29150,36550,16100,14050
9/25/2021,11650,35466.666666666664,124050,23250,29816.666666666668,29616.666666666668,29366.666666666668,36950,16100,14050
9/26/2021,11650,35533.333333333336,124050,23250,29783.333333333332,29633.333333333332,29583.333333333332,37350,16100,14050
9/27/2021,11650,35600,124050,23250,29750,29650,29800,37750,16100,14050
9/28/2021,11650,35650,123650,23300,29750,29700,30250,38150,16150,14050
9/29/2021,11650,35700,123700,23300,29650,29600,30350,37800,16150,14050
9/30/2021,11650,35600,123650,23350,29650,29550,30350,38050,16150,14100
10/1/2021,11650,35500,124100,23350,29650,29600,30700,37900,16150,14050
10/2/2021,11650,35466.666666666664,124066.66666666667,23333.333333333332,29600,29583.333333333332,31583.333333333332,38033.333333333336,16166.666666666666,14050
10/3/2021,11650,35433.333333333336,124033.33333333333,23316.666666666668,29550,29566.666666666668,32466.666666666668,38166.666666666664,16183.333333333334,14050
10/4/2021,11650,35400,124000,23300,29500,29550,33350,38300,16200,14050
10/5/2021,11650,35350,124050,23250,29500,29550,33900,38600,16200,14050
10/6/2021,11650,35350,124150,23250,29500,29600,33800,38350,16200,14050
10/7/2021,11650,35450,124150,23200,29600,29650,34200,38650,16250,14050
10/8/2021,11650,35550,124150,23200,29550,29600,34250,38900,16300,14050
10/9/2021,11650,35616.666666666664,124150,23183.333333333332,29566.666666666668,29583.333333333332,34216.666666666664,39100,16350,14050
10/10/2021,11650,35683.333333333336,124150,23166.666666666668,29583.333333333332,29566.666666666668,34183.333333333336,39300,16400,14050
10/11/2021,11650,35750,124150,23150,29600,29550,34150,39500,16450,14050
10/12/2021,11650,35900,124150,23150,29600,29550,34250,39500,16500,14050
10/13/2021,11650,35900,124150,23150,29650,29550,34650,39900,16550,14050
10/14/2021,11650,36050,124150,23150,29850,29650,34850,39800,16600,14050
10/15/2021,11650,36050,124200,23150,29900,29650,34700,40100,16650,14000
10/16/2021,11650,36050,124233.33333333333,23116.666666666668,29866.666666666668,29583.333333333332,34533.333333333336,40100,16683.333333333332,14016.666666666666
10/17/2021,11650,36050,124266.66666666667,23083.333333333332,29833.333333333332,29516.666666666668,34366.666666666664,40100,16716.666666666668,14033.333333333334
10/18/2021,11650,36050,124300,23050,29800,29450,34200,40100,16750,14050
10/19/2021,11650,36100,124250,23050,29850,29600,34300,40050,16800,14000
10/20/2021,14150,43250,147500,28000,35750,33750,51250,58750,17000,14250
10/21/2021,11650,36000,124150,23000,29800,29450,34400,39400,16800,14050
10/22/2021,11650,36150,124150,22950,29750,29450,34750,38950,16850,14250
10/23/2021,11650,36083.333333333336,124150,22966.666666666668,29700,29450,34983.333333333336,38533.333333333336,16883.333333333332,14183.333333333334
10/24/2021,11650,36016.666666666664,124150,22983.333333333332,29650,29450,35216.666666666664,38116.666666666664,16916.666666666668,14116.666666666666
10/25/2021,11650,35950,124150,23000,29600,29450,35450,37700,16950,14050
10/26/2021,11650,36150,124150,23000,29600,29450,35400,37350,17050,14050
10/27/2021,11650,36050,124150,23100,29600,29450,35350,37250,17050,14050
10/28/2021,11650,36100,124200,23100,29650,29500,35350,37050,17200,14050
10/29/2021,11650,36050,124200,23150,29450,29450,35550,36200,17250,14050
10/30/2021,11650,36016.666666666664,124250,23183.333333333332,29383.333333333332,29450,35733.333333333336,35983.333333333336,17300,14066.666666666666
10/31/2021,11650,35983.333333333336,124300,23216.666666666668,29316.666666666668,29450,35916.666666666664,35766.666666666664,17350,14083.333333333334
11/1/2021,11650,35950,124350,23250,29250,29450,36100,35550,17400,14100
11/2/2021,11650,36050,124100,23350,29100,29500,36100,35100,17450,14100
11/3/2021,11650,35850,124350,23450,29100,29500,36500,35350,17550,14050
11/4/2021,11650,35850,124350,23550,29050,29400,37100,35500,17700,14050
11/5/2021,11650,35850,124300,23750,29050,29450,38100,35500,17700,14050
11/6/2021,11650,35883.333333333336,124283.33333333333,23950,28983.333333333332,29466.666666666668,38616.666666666664,35400,17750,14050
11/7/2021,11650,35916.666666666664,124266.66666666667,24150,28916.666666666668,29483.333333333332,39133.333333333336,35300,17800,14050
11/8/2021,11650,35950,124250,24350,28850,29500,39650,35200,17850,14050
11/9/2021,11650,36000,124250,24750,28700,29500,40450,35100,17950,14050
11/10/2021,11700,35700,124750,24950,29000,29700,41700,36200,18000,14100
11/11/2021,11650,35700,124250,25900,28650,29450,41350,35900,18050,14050
11/12/2021,11650,35700,124050,25050,28650,29500,41500,36250,18100,14050
11/13/2021,11650,35583.333333333336,124166.66666666667,25100,28550,29483.333333333332,41633.333333333336,36516.666666666664,18150,14050
11/14/2021,11650,35466.666666666664,124283.33333333333,25150,28450,29466.666666666668,41766.666666666664,36783.333333333336,18200,14050
11/15/2021,11650,35350,124400,25200,28350,29450,41900,37050,18250,14050
11/16/2021,11650,35350,124300,25300,28300,29450,41850,37450,18300,14050
11/17/2021,11650,35250,124100,25300,28250,29500,42000,37450,18350,14050
11/18/2021,11650,35200,124100,25300,28100,29450,41750,37600,18350,14050
11/19/2021,11650,35250,124200,25300,28100,29450,41600,37500,18400,14050
11/20/2021,11650,35183.333333333336,124200,25283.333333333332,28000,29433.333333333332,41733.333333333336,38300,18416.666666666668,14050
11/21/2021,11650,35116.666666666664,124200,25266.666666666668,27900,29416.666666666668,41866.666666666664,39100,18433.333333333332,14050
11/22/2021,11650,35050,124200,25250,27800,29400,42000,39900,18450,14050
11/23/2021,11650,35000,124200,25300,27600,29350,42100,41150,18500,14050
11/24/2021,11650,35050,124250,25300,27500,29300,41800,41450,18550,14050
11/25/2021,11650,35250,124250,25250,27450,29350,42050,42150,18600,14050
11/26/2021,11650,35300,124150,25200,27450,29250,42300,43450,18600,14050
11/27/2021,11650,35333.333333333336,124150,25166.666666666668,27400,29233.333333333332,42383.333333333336,44433.333333333336,18633.333333333332,14050
11/28/2021,11650,35366.666666666664,124150,25133.333333333332,27350,29216.666666666668,42466.666666666664,45416.666666666664,18666.666666666668,14050
11/29/2021,11650,35400,124150,25100,27300,29200,42550,46400,18700,14050
11/30/2021,11650,35400,124150,25000,27200,29250,42800,47300,18750,14050
12/1/2021,11650,35250,124200,24950,27200,29250,43200,48400,18850,14050
12/2/2021,11650,35250,124250,24900,27100,29250,43600,50750,18900,14050
12/3/2021,11650,35150,124250,24900,27150,29250,44300,52100,18950,14050
12/4/2021,11650,35150,124216.66666666667,24883.333333333332,27216.666666666668,29250,45083.333333333336,54716.666666666664,19000,14050
12/5/2021,11650,35150,124183.33333333333,24866.666666666668,27283.333333333332,29250,45866.666666666664,57333.333333333336,19050,14050
12/6/2021,11650,35150,124150,24850,27350,29250,46650,59950,19100,14050
12/7/2021,11650,35050,124200,24850,27400,29200,47200,61350,19150,14050
12/8/2021,11650,35100,124100,24850,27550,29200,48000,62400,19200,14100
12/9/2021,11650,35200,124250,24850,27600,29250,48550,63600,19250,14100
12/10/2021,11650,35250,124250,24850,27800,29200,49900,65400,19250,14100
12/11/2021,11650,35350,124250,25016.666666666668,27983.333333333332,29183.333333333332,50416.666666666664,66966.66666666667,19266.666666666668,14100
12/12/2021,11650,35450,124250,25183.333333333332,28166.666666666668,29166.666666666668,50933.333333333336,68533.33333333333,19283.333333333332,14100
12/13/2021,11650,35550,124250,25350,28350,29150,51450,70100,19300,14100
12/14/2021,11700,35550,124200,25550,28450,29250,51750,70650,19300,14100
12/15/2021,11700,35700,124200,25950,28250,28750,50850,69500,19400,14100
12/16/2021,11700,35750,124200,26200,28850,29350,51800,72650,19450,14100
12/17/2021,11700,35850,124300,26350,28900,29400,51600,73250,19450,14100
12/18/2021,11683.333333333334,35816.666666666664,124483.33333333333,26533.333333333332,29000,29483.333333333332,51316.666666666664,73466.66666666667,19466.666666666668,14100
12/19/2021,11666.666666666666,35783.333333333336,124666.66666666667,26716.666666666668,29100,29566.666666666668,51033.333333333336,73683.33333333333,19483.333333333332,14100
12/20/2021,11650,35750,124850,26900,29200,29650,50750,73900,19500,14100
12/21/2021,11650,36000,125400,27100,29400,29750,50700,73350,19550,14100
12/22/2021,11600,36050,123800,27500,29100,29600,50750,74550,19550,14150
12/23/2021,11650,36200,125050,28050,29400,29650,50350,76000,19550,14200
12/24/2021,11600,36500,125200,28700,29550,29700,50650,77400,19550,14200
12/25/2021,11633.333333333334,36650,124916.66666666667,28983.333333333332,29683.333333333332,29783.333333333332,50850,78183.33333333333,19566.666666666668,14166.666666666666
12/26/2021,11666.666666666666,36800,124633.33333333333,29266.666666666668,29816.666666666668,29866.666666666668,51050,78966.66666666667,19583.333333333332,14133.333333333334
12/27/2021,11700,36950,124350,29550,29950,29950,51250,79750,19600,14100
12/28/2021,11700,36950,124550,29600,30050,30000,51000,79150,19650,14100
12/29/2021,11750,37250,124550,30100,30100,29950,50300,77750,19750,14100
12/30/2021,11750,37600,124700,30300,30050,30100,49150,76250,19850,14100
12/31/2021,11750,37950,124850,30300,30100,30100,48650,75000,19900,14100
1/1/2022,11750,38000,124883.33333333333,30283.333333333332,30133.333333333332,30116.666666666668,48266.666666666664,74583.33333333333,19933.333333333332,14116.666666666666
1/2/2022,11750,38050,124916.66666666667,30266.666666666668,30166.666666666668,30133.333333333332,47883.333333333336,74166.66666666667,19966.666666666668,14133.333333333334
1/3/2022,11750,38100,124950,30250,30200,30150,47500,73750,20000,14150
1/4/2022,11750,38250,124450,30100,30150,30250,47050,73450,20000,14150
1/5/2022,11750,38200,124700,30350,30300,30300,46450,71700,20050,14150
1/6/2022,11750,38350,124650,29900,30300,30300,45600,69800,20050,14150
1/7/2022,11750,38400,124650,29750,30400,30250,44550,68400,20100,14200
1/8/2022,11733.333333333334,38583.333333333336,124600,29566.666666666668,30483.333333333332,30266.666666666668,43950,66850,20116.666666666668,14216.666666666666
1/9/2022,11716.666666666666,38766.666666666664,124550,29383.333333333332,30566.666666666668,30283.333333333332,43350,65300,20133.333333333332,14233.333333333334
1/10/2022,11700,38950,124500,29200,30650,30300,42750,63750,20150,14250
1/11/2022,11750,38950,124600,29000,30600,30250,41450,62250,20150,14300
1/12/2022,11750,39050,124650,28850,30550,30250,40750,61300,20200,14350
1/13/2022,11750,39300,124650,28700,30650,30350,39900,60400,20300,14450
1/14/2022,11750,39300,124650,28450,30750,30350,39550,59250,20250,14450
1/15/2022,11750,39283.333333333336,124650,28283.333333333332,30800,30383.333333333332,39600,58533.333333333336,20283.333333333332,14500
1/16/2022,11750,39266.666666666664,124650,28116.666666666668,30850,30416.666666666668,39650,57816.666666666664,20316.666666666668,14550
1/17/2022,11750,39250,124650,27950,30900,30450,39700,57100,20350,14600
1/18/2022,11800,39250,124700,27800,30950,30450,39750,57000,20350,14650
1/19/2022,11800,39200,124700,27600,30900,30450,39900,57000,20350,14700
1/20/2022,11800,39200,124700,27350,30950,30450,39950,55750,20350,14700
1/21/2022,11800,39100,124200,27150,31050,30350,39650,54950,20350,14750
1/22/2022,11800,38933.333333333336,124200,27000,31050,30366.666666666668,39533.333333333336,54066.666666666664,20316.666666666668,14750
1/23/2022,11800,38766.666666666664,124200,26850,31050,30383.333333333332,39416.666666666664,53183.333333333336,20283.333333333332,14750
1/24/2022,11800,38600,124200,26700,31050,30400,39300,52300,20250,14750
1/25/2022,11800,38350,124200,26600,30950,30300,39200,51550,20250,14750
1/26/2022,11800,38050,124250,26450,30900,30300,38650,50900,20200,14750
1/27/2022,11800,37850,124250,26200,30900,30300,38750,49850,20100,14750
1/28/2022,11800,37500,124250,26000,31000,30300,38800,49400,20050,14750
1/29/2022,11800,37333.333333333336,124116.66666666667,25866.666666666668,31066.666666666668,30333.333333333332,38550,49033.333333333336,19933.333333333332,14750
1/30/2022,11800,37166.666666666664,123983.33333333333,25733.333333333332,31133.333333333332,30366.666666666668,38300,48666.666666666664,19816.666666666668,14750
1/31/2022,11800,37000,123850,25600,31200,30400,38050,48300,19700,14750
2/1/2022,11000,31000,113750,18250,26000,24000,19000,22000,20350,13750
2/2/2022,11800,36650,124800,25300,31450,30400,38000,48300,19550,14750
2/3/2022,11800,36450,124550,25200,31650,30450,37800,48200,19500,14750
2/4/2022,11800,36050,124500,25000,31850,30400,37350,48700,19350,14750
2/5/2022,11800,35966.666666666664,124283.33333333333,24883.333333333332,32133.333333333332,30433.333333333332,37783.333333333336,49066.666666666664,19250,14750
2/6/2022,11800,35883.333333333336,124066.66666666667,24766.666666666668,32416.666666666668,30466.666666666668,38216.666666666664,49433.333333333336,19150,14750
2/7/2022,11800,35800,123850,24650,32700,30500,38650,49800,19050,14750
2/8/2022,11800,35750,124950,24500,33000,30550,39100,50250,18950,14750
2/9/2022,11800,35750,125050,24450,33400,30550,39700,50200,18850,14800
2/10/2022,11800,35750,125050,24450,34100,30500,40000,49950,18850,14750
2/11/2022,11800,35650,125050,24400,34300,30550,40450,49750,18750,14800
2/12/2022,11800,35616.666666666664,125066.66666666667,24316.666666666668,34633.333333333336,30566.666666666668,41166.666666666664,49850,18733.333333333332,14800
2/13/2022,11800,35583.333333333336,125083.33333333333,24233.333333333332,34966.666666666664,30583.333333333332,41883.333333333336,49950,18716.666666666668,14800
2/14/2022,11800,35550,125100,24150,35300,30600,42600,50050,18700,14800
2/15/2022,11800,35550,125100,24150,35750,30600,43050,50150,18700,14800
2/16/2022,11800,35500,125100,24050,35900,30600,43450,50200,18700,14800
2/17/2022,11800,35400,125100,23900,35900,30500,43650,50300,18700,14750
2/18/2022,11800,35450,125250,23900,36000,30550,43350,50300,18650,14750
2/19/2022,11800,35400,125116.66666666667,23983.333333333332,36116.666666666664,30600,44000,50866.666666666664,18616.666666666668,14750
2/20/2022,11800,35350,124983.33333333333,24066.666666666668,36233.333333333336,30650,44650,51433.333333333336,18583.333333333332,14750
2/21/2022,11800,35300,124850,24150,36350,30700,45300,52000,18550,14750
2/22/2022,11800,35350,125550,24200,36450,30650,46100,53000,18450,14750
2/23/2022,11800,35450,125400,24200,36550,30650,47050,54050,18400,14750
2/24/2022,11800,35350,125400,24200,36500,30700,47450,53900,18450,14750
2/25/2022,11800,35350,125550,24150,36600,30700,48000,54050,18400,14750
2/26/2022,11800,35425,125750,24150,36687.5,30700,48525,55037.5,18437.5,14750
2/27/2022,11800,35500,125950,24150,36775,30700,49050,56025,18475,14750
2/28/2022,11800,35575,126150,24150,36862.5,30700,49575,57012.5,18512.5,14750
3/1/2022,11800,35650,126350,24150,36950,30700,50100,58000,18550,14750
3/2/2022,11800,35700,126550,24200,37050,30700,50800,58750,18550,14750
3/3/2022,11800,35700,126725,24250,37175,30700,51325,59000,18500,14750
3/4/2022,11800,35700,126900,24300,37300,30700,51850,59250,18450,14750
3/5/2022,11800,35733.333333333336,126933.33333333333,24450,37366.666666666664,30716.666666666668,52633.333333333336,59900,18600,14750
3/6/2022,11800,35766.666666666664,126966.66666666667,24600,37433.333333333336,30733.333333333332,53416.666666666664,60550,18750,14750
3/7/2022,11800,35800,127000,24750,37500,30750,54200,61200,18900,14750
3/8/2022,11800,36000,127050,24850,37550,30950,54150,61050,18950,14750
3/9/2022,11800,36050,127300,25000,37600,30950,53950,60950,19150,14750
3/10/2022,11800,36200,127300,25000,37500,30950,53750,60250,19350,14750
3/11/2022,11800,36250,127350,25000,37550,31050,53850,60200,19350,14750
3/12/2022,11800,36366.666666666664,127366.66666666667,25033.333333333332,37466.666666666664,31183.333333333332,54016.666666666664,60283.333333333336,19333.333333333332,14766.666666666666
3/13/2022,11800,36483.333333333336,127383.33333333333,25066.666666666668,37383.333333333336,31316.666666666668,54183.333333333336,60366.666666666664,19316.666666666668,14783.333333333334
3/14/2022,11800,36600,127400,25100,37300,31450,54350,60450,19300,14800
3/15/2022,11800,36650,127400,25150,37250,31550,54450,59800,19250,14800
3/16/2022,11800,36700,127850,25150,37100,31700,54300,59400,19200,14800
3/17/2022,11750,36600,128450,24900,37300,31600,54550,58000,19600,14850
3/18/2022,11800,36650,127800,25150,36750,31950,55050,59050,20600,14900
3/19/2022,11800,36600,127800,25166.666666666668,36683.333333333336,32000,54950,58850,21133.333333333332,14916.666666666666
3/20/2022,11800,36550,127800,25183.333333333332,36616.666666666664,32050,54850,58650,21666.666666666668,14933.333333333334
3/21/2022,11800,36500,127800,25200,36550,32100,54750,58450,22200,14950
3/22/2022,11800,36550,127850,25200,36450,32150,54300,58200,22600,15000
3/23/2022,11800,36500,127900,25300,36150,32200,54100,57400,23000,15000
3/24/2022,11800,36500,127900,25300,36050,32300,53300,56550,23200,15000
3/25/2022,11800,36450,127950,25350,35900,32400,52450,56000,23400,15000
3/26/2022,11800,36466.666666666664,128050,25366.666666666668,35733.333333333336,32416.666666666668,52316.666666666664,55950,23433.333333333332,15016.666666666666
3/27/2022,11800,36483.333333333336,128150,25383.333333333332,35566.666666666664,32433.333333333332,52183.333333333336,55900,23466.666666666668,15033.333333333334
3/28/2022,11800,36500,128250,25400,35400,32450,52050,55850,23500,15050
3/29/2022,11800,36700,128550,25600,35200,32550,50850,55800,23750,15100
3/30/2022,11800,36900,129150,25650,35050,32550,51200,55900,23800,15100
3/31/2022,11800,37150,130100,25650,34850,32650,51100,56150,23900,15100
4/1/2022,11800,37600,130950,25700,34800,32800,51300,55950,23950,15150
4/2/2022,11800,37666.666666666664,131083.33333333334,25700,34783.333333333336,32833.333333333336,53050,56700,23966.666666666668,15150
4/3/2022,11800,37733.333333333336,131216.66666666666,25700,34766.666666666664,32866.666666666664,54800,57450,23983.333333333332,15150
4/4/2022,11800,37800,131350,25700,34750,32900,56550,58200,24000,15150
4/5/2022,11800,37850,131050,25700,34850,32900,56150,60000,24100,15200
4/6/2022,11800,37750,131150,25700,34850,33000,55450,59200,24100,15200
4/7/2022,11800,37700,130150,25700,34950,33050,54500,57600,24100,15200
4/8/2022,11800,37650,130450,25650,35000,33050,53500,56250,24150,15200
4/9/2022,11800,37600,130383.33333333333,25650,35016.666666666664,33016.666666666664,52716.666666666664,54966.666666666664,24200,15216.666666666666
4/10/2022,11800,37550,130316.66666666667,25650,35033.333333333336,32983.333333333336,51933.333333333336,53683.333333333336,24250,15233.333333333334
4/11/2022,11800,37500,130250,25650,35050,32950,51150,52400,24300,15250
4/12/2022,11800,37450,130150,25700,35050,32900,50300,50300,24250,15250
4/13/2022,11800,37450,130300,25650,35050,32850,49400,49200,24400,15250
4/14/2022,11800,37500,130650,25700,35000,32800,47850,47450,24500,15250
4/15/2022,12650,38750,140000,26750,36300,31350,45600,58150,24250,14750
4/16/2022,12383.333333333334,38283.333333333336,136900,26416.666666666668,35933.333333333336,31866.666666666668,45500,54516.666666666664,24333.333333333332,14933.333333333334
4/17/2022,12116.666666666666,37816.666666666664,133800,26083.333333333332,35566.666666666664,32383.333333333332,45400,50883.333333333336,24416.666666666668,15116.666666666666
4/18/2022,11850,37350,130700,25750,35200,32900,45300,47250,24500,15300
4/19/2022,11800,37500,130850,25800,35200,32950,45100,47050,24550,15300
4/20/2022,11800,37600,131000,26050,35300,32950,44600,46500,24600,15300
4/21/2022,11800,37600,131100,26400,35250,32900,44050,46100,24650,15300
4/22/2022,11800,37850,131450,26650,35350,32900,43650,45600,24650,15350
4/23/2022,11783.333333333334,38150,132033.33333333334,26833.333333333332,35683.333333333336,32883.333333333336,44283.333333333336,45566.666666666664,24633.333333333332,15350
4/24/2022,11766.666666666666,38450,132616.66666666666,27016.666666666668,36016.666666666664,32866.666666666664,44916.666666666664,45533.333333333336,24616.666666666668,15350
4/25/2022,11750,38750,133200,27200,36350,32850,45550,45500,24600,15350
4/26/2022,11750,39100,133700,27300,36800,32900,46500,45500,24600,15350
4/27/2022,11850,39600,135100,27450,37100,32900,47950,45750,24650,15350
4/28/2022,11850,40400,136600,27650,37500,32950,49200,46100,24600,15350
4/29/2022,13600,52100,157500,28950,41500,32500,46400,61900,25500,15500
4/30/2022,13630,51030,155250,29560,40000,32300,47750,62770,25540,15430
5/1/2022,13660,49960,153000,30170,38500,32100,49100,63640,25580,15360
5/2/2022,13690,48890,150750,30780,37000,31900,50450,64510,25620,15290
5/3/2022,13720,47820,148500,31390,35500,31700,51800,65380,25660,15220
5/4/2022,13750,46750,146250,32000,34000,31500,53150,66250,25700,15150
5/5/2022,12350,44000,138150,43000,42500,36500,78750,78750,22250,16100
5/6/2022,12350,45400,138150,43000,42250,35250,80000,80950,22250,16100
5/7/2022,12150,43900,137050,37850,41200,34450,68600,69450,23000,15850
5/8/2022,11950,42400,135950,32700,40150,33650,57200,57950,23750,15600
5/9/2022,11750,40900,134850,27550,39100,32850,45800,46450,24500,15350
5/10/2022,11750,40700,134700,27550,39500,32700,45350,46400,24500,15350
5/11/2022,11750,40400,134500,27500,39600,32600,44700,45800,24500,15350
5/12/2022,11750,40000,134550,27350,39800,32600,44600,45450,24450,15400
5/13/2022,11750,39650,134450,27450,40050,32700,43950,43900,24450,15400
5/14/2022,12416.666666666666,42266.666666666664,135050,28966.666666666668,38783.333333333336,33050,46466.666666666664,51983.333333333336,23916.666666666668,15316.666666666666
5/15/2022,13083.333333333334,44883.333333333336,135650,30483.333333333332,37516.666666666664,33400,48983.333333333336,60066.666666666664,23383.333333333332,15233.333333333334
5/16/2022,13750,47500,136250,32000,36250,33750,51500,68150,22850,15150
5/17/2022,11750,38600,134350,27500,41650,32450,44850,44550,24450,15400
5/18/2022,11750,38400,133900,27550,41900,32400,45350,45500,24400,15400
5/19/2022,11750,38150,134350,27650,41650,32300,45800,46250,24350,15400
5/20/2022,11750,37950,134350,27750,42000,32300,46050,47100,24250,15400
5/21/2022,11750,37783.333333333336,134366.66666666666,27866.666666666668,42133.333333333336,32216.666666666668,46516.666666666664,47783.333333333336,24216.666666666668,15400
5/22/2022,11750,37616.666666666664,134383.33333333334,27983.333333333332,42266.666666666664,32133.333333333332,46983.333333333336,48466.666666666664,24183.333333333332,15400
5/23/2022,11750,37450,134400,28100,42400,32050,47450,49150,24150,15400
5/24/2022,11750,37300,134400,28250,42350,31950,48450,49650,24150,15400
5/25/2022,11750,36900,134250,28400,42400,31850,48750,50450,24100,15400
5/26/2022,11750,36825,134275,28475,42425,31750,49550,51625,24050,15400
5/27/2022,11750,36750,134300,28550,42450,31650,50350,52800,24000,15400
5/28/2022,11750,36750,134283.33333333334,28600,42550,31566.666666666668,51366.666666666664,53716.666666666664,23983.333333333332,15383.333333333334
5/29/2022,11750,36750,134266.66666666666,28650,42650,31483.333333333332,52383.333333333336,54633.333333333336,23966.666666666668,15366.666666666666
5/30/2022,11750,36750,134250,28700,42750,31400,53400,55550,23950,15350
5/31/2022,11750,36900,134150,28650,42900,31250,54350,56700,23850,15350
6/1/2022,11750,37050,134175,28775,42975,31175,54725,57950,23850,15350
6/2/2022,11750,37200,134200,28900,43050,31100,55100,59200,23850,15350
6/3/2022,11750,37250,134200,28950,43000,31050,55000,60900,23900,15350
6/4/2022,11750,37500,134183.33333333334,29016.666666666668,43366.666666666664,30933.333333333332,55850,62900,23883.333333333332,15350
6/5/2022,11750,37750,134166.66666666666,29083.333333333332,43733.333333333336,30816.666666666668,56700,64900,23866.666666666668,15350
6/6/2022,11750,38000,134150,29150,44100,30700,57550,66900,23850,15350
6/7/2022,11750,38150,134100,29350,44650,30550,58850,68400,23800,15350
6/8/2022,11750,38350,134100,29350,45150,30450,60200,69850,23800,15350
6/9/2022,11750,38600,134150,29400,45450,30450,62200,71250,23850,15350
6/10/2022,11750,38600,133900,29300,46100,30350,63250,72100,23850,15350
6/11/2022,11750,38600,133866.66666666666,29283.333333333332,47000,30366.666666666668,65133.333333333336,73200,23800,15350
6/12/2022,11750,38600,133833.33333333334,29266.666666666668,47900,30383.333333333332,67016.66666666667,74300,23750,15350
6/13/2022,11750,38600,133800,29250,48800,30400,68900,75400,23700,15350
6/14/2022,11750,38700,133600,29300,49950,30150,70200,76450,23650,15350
6/15/2022,11750,38550,134000,29350,50250,30100,71650,77800,23600,15350
6/16/2022,11750,38450,134000,29350,50900,30050,71800,77900,23550,15350
6/17/2022,11750,38200,134100,29450,51300,29950,72000,79000,23600,15350
6/18/2022,11750,38016.666666666664,134100,29416.666666666668,52266.666666666664,29883.333333333332,72450,79350,23583.333333333332,15333.333333333334
6/19/2022,11750,37833.333333333336,134100,29383.333333333332,53233.333333333336,29816.666666666668,72900,79700,23566.666666666668,15316.666666666666
6/20/2022,11750,37650,134100,29350,54200,29750,73350,80050,23550,15300
6/21/2022,11750,37600,134050,29350,55150,29600,73600,80450,23450,15300
6/22/2022,11750,37200,134000,29300,56050,29550,73950,80300,23350,15300
6/23/2022,11750,37050,134050,29300,56900,29550,73850,80550,23300,15300
6/24/2022,11750,37000,133950,29250,58150,29450,73750,80850,23300,15300
6/25/2022,11750,36966.666666666664,133950,29216.666666666668,58333.333333333336,29383.333333333332,74550,81350,23300,15283.333333333334
6/26/2022,11750,36933.333333333336,133950,29183.333333333332,58516.666666666664,29316.666666666668,75350,81850,23300,15266.666666666666
6/27/2022,11750,36900,133950,29150,58700,29250,76150,82350,23300,15250
6/28/2022,11800,36850,134000,29150,59650,29300,75600,82850,23200,15300
6/29/2022,11750,36800,133950,29150,59850,29200,74800,82950,23150,15300
6/30/2022,11750,36750,134100,29100,60250,29150,74650,83250,23150,15250
7/1/2022,11750,36900,134100,29050,60800,29250,75050,83450,23100,15250
7/2/2022,11750,36850,134100,29066.666666666668,61150,29266.666666666668,76333.33333333333,84483.33333333333,23033.333333333332,15250
7/3/2022,11750,36800,134100,29083.333333333332,61500,29283.333333333332,77616.66666666667,85516.66666666667,22966.666666666668,15250
7/4/2022,11750,36750,134100,29100,61850,29300,78900,86550,22900,15250
7/5/2022,11750,36750,134100,29150,62250,29250,80150,87400,22850,15250
7/6/2022,11750,36850,134400,29100,62750,29250,80450,87500,22750,15250
7/7/2022,11750,37150,134500,29100,63100,29250,80900,86150,22750,15250
7/8/2022,11750,37550,135950,29250,64450,29400,82600,87050,22650,15250
7/9/2022,11750,37716.666666666664,135666.66666666666,29266.666666666668,64550,29450,84283.33333333333,88433.33333333333,22616.666666666668,15250
7/10/2022,11750,37883.333333333336,135383.33333333334,29283.333333333332,64650,29500,85966.66666666667,89816.66666666667,22583.333333333332,15250
7/11/2022,11750,38050,135100,29300,64750,29550,87650,91200,22550,15250
7/12/2022,11750,38050,135150,29350,64750,29450,89050,91750,22450,15250
7/13/2022,11750,37850,134950,29400,64800,29450,87400,91750,22400,15200
7/14/2022,11750,37550,134800,29350,64400,29350,84800,90000,22300,15250
7/15/2022,11750,37250,134700,29400,64550,29300,83250,87150,22250,15200
7/16/2022,11750,37083.333333333336,135400,29366.666666666668,64416.666666666664,29316.666666666668,82650,84666.66666666667,22166.666666666668,15200
7/17/2022,11750,36916.666666666664,136100,29333.333333333332,64283.333333333336,29333.333333333332,82050,82183.33333333333,22083.333333333332,15200
7/18/2022,11750,36750,136800,29300,64150,29350,81450,79700,22000,15200
7/19/2022,11750,36700,134050,29300,64000,29350,80750,78100,21800,15200
7/20/2022,11750,36600,134600,29300,63800,29400,80050,75850,21700,15200
7/21/2022,11750,36550,134300,29300,63100,29400,78650,73200,21650,15200
7/22/2022,11750,36400,134300,29350,62600,29400,77950,72700,21550,15200
7/23/2022,11750,36400,134216.66666666666,29383.333333333332,61433.333333333336,29416.666666666668,77150,71766.66666666667,21483.333333333332,15200
7/24/2022,11750,36400,134133.33333333334,29416.666666666668,60266.666666666664,29433.333333333332,76350,70833.33333333333,21416.666666666668,15200
7/25/2022,11750,36400,134050,29450,59100,29450,75550,69900,21350,15200
7/26/2022,11800,36450,134050,29450,58100,29500,75050,68250,21300,15200
7/27/2022,11750,36400,134050,29400,56950,29400,73950,67400,21250,15200
7/28/2022,11750,36150,134050,29450,55950,29400,74200,66700,21200,15200
7/29/2022,11800,35950,134100,29400,54800,29350,73600,65900,21150,15200
7/30/2022,11800,35900,134083.33333333334,29383.333333333332,53750,29333.333333333332,72833.33333333333,65383.333333333336,21066.666666666668,15200
7/31/2022,11800,35850,134066.66666666666,29366.666666666668,52700,29316.666666666668,72066.66666666667,64866.666666666664,20983.333333333332,15200
8/1/2022,11800,35800,134050,29350,51650,29300,71300,64350,20900,15200
8/2/2022,11800,35600,134050,29350,50650,29300,70750,63850,20800,15200
8/3/2022,11800,35450,134050,29350,50050,29350,70200,63350,20750,15200
8/4/2022,11800,35150,134050,29300,49150,29350,69550,63700,20750,15200
8/5/2022,11800,35150,134100,29300,48550,29250,69200,63550,20700,15200
8/6/2022,11800,35016.666666666664,134083.33333333334,29216.666666666668,48000,29250,69150,63750,20650,15200
8/7/2022,11800,34883.333333333336,134066.66666666666,29133.333333333332,47450,29250,69100,63950,20600,15200
8/8/2022,11800,34750,134050,29050,46900,29250,69050,64150,20550,15200
8/9/2022,11800,34700,134000,29000,46300,29200,68750,64300,20500,15250
8/10/2022,11800,34550,134050,29050,46000,29300,68150,63950,20500,15200
8/11/2022,11800,34500,134050,29150,45500,29250,66900,63850,20450,15200
8/12/2022,11850,34350,134000,29450,44600,29300,65700,63100,20450,15200
8/13/2022,11850,34350,134000,29616.666666666668,44116.666666666664,29266.666666666668,65033.333333333336,62700,20416.666666666668,15183.333333333334
8/14/2022,11850,34350,134000,29783.333333333332,43633.333333333336,29233.333333333332,64366.666666666664,62300,20383.333333333332,15166.666666666666
8/15/2022,11850,34350,134000,29950,43150,29200,63700,61900,20350,15150
8/16/2022,11850,34450,133900,30100,42550,29100,63200,61400,20350,15150
8/17/2022,11750,32400,141300,33550,46250,28850,65450,60600,20050,15250
8/18/2022,11850,34650,133850,30350,42100,29000,63250,61400,20300,15150
8/19/2022,11850,34800,133850,30450,41900,29000,63000,61250,20300,15150
8/20/2022,11850,34966.666666666664,133800,30533.333333333332,41333.333333333336,28916.666666666668,62616.666666666664,60683.333333333336,20300,15150
8/21/2022,11850,35133.333333333336,133750,30616.666666666668,40766.666666666664,28833.333333333332,62233.333333333336,60116.666666666664,20300,15150
8/22/2022,11850,35300,133700,30700,40200,28750,61850,59550,20300,15150
8/23/2022,11900,35350,133850,30850,39900,28650,60900,58850,20250,15150
8/24/2022,11900,35350,133850,31000,39500,28700,60450,58200,20200,15150
8/25/2022,11900,35400,133850,31300,39200,28650,60350,57300,20200,15150
8/26/2022,11900,35300,133900,31350,38650,28450,60250,56900,20200,15150
8/27/2022,11900,35200,133900,31400,38333.333333333336,28566.666666666668,60550,56566.666666666664,20183.333333333332,15150
8/28/2022,11900,35100,133900,31450,38016.666666666664,28683.333333333332,60850,56233.333333333336,20166.666666666668,15150
8/29/2022,11900,35000,133900,31500,37700,28800,61150,55900,20150,15150
8/30/2022,11900,34950,133900,31550,37300,28750,61650,55900,20050,15100
8/31/2022,11950,34850,133900,31500,36900,28750,62100,56350,20000,15150
9/1/2022,11950,34700,133900,31350,36500,28700,62400,57200,20000,15150
9/2/2022,11950,34500,133800,31300,36300,28600,62900,57250,19950,15100
9/3/2022,11950,34483.333333333336,133833.33333333334,31216.666666666668,36433.333333333336,28600,64933.333333333336,57750,19933.333333333332,15100
9/4/2022,11950,34466.666666666664,133866.66666666666,31133.333333333332,36566.666666666664,28600,66966.66666666667,58250,19916.666666666668,15100
9/5/2022,11950,34450,133900,31050,36700,28600,69000,58750,19900,15100
9/6/2022,11950,34550,133850,30950,36600,28600,70150,59650,19900,15100
9/7/2022,11950,34550,133900,30800,36550,28650,71200,59500,19900,15100
9/8/2022,11950,34650,133950,30750,36400,28800,70750,59550,19850,15100
9/9/2022,12000,34600,133900,30750,36450,28850,70050,60050,19850,15100
9/10/2022,12000,34650,133916.66666666666,30700,36550,28866.666666666668,68766.66666666667,60166.666666666664,19850,15100
9/11/2022,12000,34700,133933.33333333334,30650,36650,28883.333333333332,67483.33333333333,60283.333333333336,19850,15100
9/12/2022,12000,34750,133950,30600,36750,28900,66200,60400,19850,15100
9/13/2022,12000,34850,133900,30500,36850,28900,65500,60400,19750,15200
9/14/2022,12050,35000,133950,30450,36550,28850,63850,60300,19750,15100
9/15/2022,12050,35050,133900,30400,36500,28750,63400,59700,19750,15100
9/16/2022,12050,35050,134000,30300,36450,28750,62550,60100,19700,15100
9/17/2022,12050,35016.666666666664,133983.33333333334,30216.666666666668,36316.666666666664,28766.666666666668,62100,60416.666666666664,19666.666666666668,15100
9/18/2022,12050,34983.333333333336,133966.66666666666,30133.333333333332,36183.333333333336,28783.333333333332,61650,60733.333333333336,19633.333333333332,15100
9/19/2022,12050,34950,133950,30050,36050,28800,61200,61050,19600,15100
9/20/2022,12050,34900,133850,31050,35900,28750,60750,60550,19600,15100
9/21/2022,12050,34700,133900,29850,35800,28700,59900,60000,19600,15100
9/22/2022,12100,34650,133950,29700,35650,28750,58600,59600,19550,15100
9/23/2022,12100,34600,133750,29600,35600,28750,57400,59050,19550,15100
9/24/2022,12100,34616.666666666664,133783.33333333334,29450,35516.666666666664,28766.666666666668,56416.666666666664,58633.333333333336,19533.333333333332,15100
9/25/2022,12100,34633.333333333336,133816.66666666666,29300,35433.333333333336,28783.333333333332,55433.333333333336,58216.666666666664,19516.666666666668,15100
9/26/2022,12100,34650,133850,29150,35350,28800,54450,57800,19500,15100
9/27/2022,12100,34700,133750,28950,35500,28750,53800,57300,19500,15100
9/28/2022,12100,34550,133750,28800,35300,28650,52550,56750,19450,15100
9/29/2022,12100,34400,133750,28650,35200,28600,51650,56300,19450,15100
9/30/2022,12100,34350,133800,28500,35300,28600,51300,56300,19450,15100
10/1/2022,12116.666666666666,34283.333333333336,133766.66666666666,28416.666666666668,35233.333333333336,28583.333333333332,51050,56066.666666666664,19433.333333333332,15100
10/2/2022,12133.333333333334,34216.666666666664,133733.33333333334,28333.333333333332,35166.666666666664,28566.666666666668,50800,55833.333333333336,19416.666666666668,15100
10/3/2022,12150,34150,133700,28250,35100,28550,50550,55600,19400,15100
10/4/2022,12150,34000,133700,28100,35100,28500,50300,55600,19400,15100
10/5/2022,12150,33950,133650,28050,35050,28450,50800,55200,19350,15100
10/6/2022,12150,33950,133650,28000,35150,28350,50300,54450,19350,15100
10/7/2022,12150,34050,133750,28000,35300,28400,50600,54200,19350,15100
10/8/2022,12150,33966.666666666664,133700,28083.333333333332,35366.666666666664,28383.333333333332,51066.666666666664,54033.333333333336,19316.666666666668,15100
10/9/2022,12150,33883.333333333336,133650,28166.666666666668,35433.333333333336,28366.666666666668,51533.333333333336,53866.666666666664,19283.333333333332,15100
10/10/2022,12150,33800,133600,28250,35500,28350,52000,53700,19250,15100
10/11/2022,12150,33850,133700,28300,35650,28200,51550,53200,19250,15100
10/12/2022,12150,33900,133650,28250,35750,28300,51350,53200,19250,15100
10/13/2022,12150,33900,133600,28250,35700,28300,50950,52750,19250,15100
10/14/2022,12150,34000,133700,28250,35700,28200,50000,52000,19200,15050
10/15/2022,12150,33966.666666666664,133666.66666666666,28300,35716.666666666664,28150,48816.666666666664,51516.666666666664,19183.333333333332,15066.666666666666
10/16/2022,12150,33933.333333333336,133633.33333333334,28350,35733.333333333336,28100,47633.333333333336,51033.333333333336,19166.666666666668,15083.333333333334
10/17/2022,12150,33900,133600,28400,35750,28050,46450,50550,19150,15100
10/18/2022,12150,33800,133550,28450,35700,28050,45500,49800,19100,15100
10/19/2022,12150,33700,133600,28400,35500,27950,44650,48950,19050,15100
10/20/2022,12150,33700,133600,28400,35500,27950,43850,48150,19150,15100
10/21/2022,12150,33700,133600,28350,35500,27900,43150,47650,19150,15050
10/22/2022,12166.666666666666,33733.333333333336,133600,28350,35466.666666666664,27916.666666666668,42966.666666666664,47266.666666666664,19133.333333333332,15050
10/23/2022,12183.333333333334,33766.666666666664,133600,28350,35433.333333333336,27933.333333333332,42783.333333333336,46883.333333333336,19116.666666666668,15050
10/24/2022,12200,33800,133600,28350,35400,27950,42600,46500,19100,15050
10/25/2022,12200,33750,133500,28350,35350,27900,42050,46300,19100,15050
10/26/2022,12200,33800,133550,28350,35400,27900,41400,45800,19100,15050
10/27/2022,12200,33900,133700,28400,35350,27850,40800,45900,19000,15050
10/28/2022,12200,33850,133550,28400,35300,27850,40850,45700,19050,15050
10/29/2022,12200,33883.333333333336,133550,28400,35416.666666666664,27816.666666666668,40416.666666666664,45233.333333333336,19033.333333333332,15050
10/30/2022,12200,33916.666666666664,133550,28400,35533.333333333336,27783.333333333332,39983.333333333336,44766.666666666664,19016.666666666668,15050
10/31/2022,12200,33950,133550,28400,35650,27750,39550,44300,19000,15050
11/1/2022,12200,33950,133550,28400,35700,27900,39550,44250,19050,15050
11/2/2022,12200,33950,133550,28350,35750,27850,39150,44250,19050,15050
11/3/2022,12200,33900,133550,28300,35850,27900,38700,43600,19100,15050
11/4/2022,12200,33800,133550,28350,36050,27850,38600,43400,19100,15050
11/5/2022,12200,33933.333333333336,133566.66666666666,28383.333333333332,36150,27850,38333.333333333336,43400,19116.666666666668,15050
11/6/2022,12200,34066.666666666664,133583.33333333334,28416.666666666668,36250,27850,38066.666666666664,43400,19133.333333333332,15050
11/7/2022,12200,34200,133600,28450,36350,27850,37800,43400,19150,15050
11/8/2022,12200,34100,133600,28450,36500,27850,37200,43300,19150,15050
11/9/2022,12200,34100,133600,28550,36650,27850,37000,43100,19150,15050
11/10/2022,12200,34200,133700,28600,36850,27850,36900,43100,19150,15050
11/11/2022,12200,34300,133600,28650,37000,27800,36900,42950,19150,15050
11/12/2022,12200,34400,133600,28700,37150,27783.333333333332,36850,42900,19150,15050
11/13/2022,12200,34500,133600,28750,37300,27766.666666666668,36800,42850,19150,15050
11/14/2022,12200,34600,133600,28800,37450,27750,36750,42800,19150,15050
11/15/2022,12200,34700,133600,28800,37350,27650,36800,43050,19150,15100
11/16/2022,12250,34900,133600,28900,37400,27600,36550,42800,19150,15100
11/17/2022,12250,34900,133600,28950,37650,27650,36350,42350,19150,15100
11/18/2022,12250,34950,133600,28950,37800,27750,36450,42750,19150,15050
11/19/2022,12250,35000,133600,28983.333333333332,37800,27750,36700,43183.333333333336,19150,15066.666666666666
11/20/2022,12250,35050,133600,29016.666666666668,37800,27750,36950,43616.666666666664,19150,15083.333333333334
11/21/2022,12250,35100,133600,29050,37800,27750,37200,44050,19150,15100
11/22/2022,12250,35250,133600,29100,37800,27750,37250,43950,19150,15100
11/23/2022,12250,35250,133600,29150,37950,27650,37200,43800,19200,15100
11/24/2022,12250,35250,133600,29250,37850,27700,37150,43850,19200,15050
11/25/2022,12300,35150,133600,29300,37600,27600,37000,43700,19150,15050
11/26/2022,12300,35133.333333333336,133600,29450,37616.666666666664,27616.666666666668,36950,43983.333333333336,19166.666666666668,15050
11/27/2022,12300,35116.666666666664,133600,29600,37633.333333333336,27633.333333333332,36900,44266.666666666664,19183.333333333332,15050
11/28/2022,12300,35100,133600,29750,37650,27650,36850,44550,19200,15050
11/29/2022,12300,35200,133600,29900,37600,27600,36850,44500,19150,15050
11/30/2022,12300,35200,133600,29950,37650,27600,36750,44650,19150,15050
12/1/2022,12300,35250,133550,30050,37750,27650,36850,44400,19200,15350
12/2/2022,12350,35150,133550,30050,37750,27650,37000,44900,19200,15050
12/3/2022,12366.666666666666,35166.666666666664,133550,30183.333333333332,37800,27600,37233.333333333336,46016.666666666664,19200,15050
12/4/2022,12383.333333333334,35183.333333333336,133550,30316.666666666668,37850,27550,37466.666666666664,47133.333333333336,19200,15050
12/5/2022,12400,35200,133550,30450,37900,27500,37700,48250,19200,15050
12/6/2022,12400,35250,133600,30550,37950,27550,37850,48750,19150,15050
12/7/2022,12450,35300,133600,30700,38000,27650,38100,49650,19100,15050
12/8/2022,12450,35350,133800,30800,38000,27650,38250,50900,19100,15050
12/9/2022,12450,35550,133800,30900,37950,27600,38500,51700,19150,15050
12/10/2022,12466.666666666666,35633.333333333336,133800,30983.333333333332,38000,27683.333333333332,38650,51750,19133.333333333332,15050
12/11/2022,12483.333333333334,35716.666666666664,133800,31066.666666666668,38050,27766.666666666668,38800,51800,19116.666666666668,15050
12/12/2022,12500,35800,133800,31150,38100,27850,38950,51850,19100,15050
12/13/2022,12500,35900,133850,31250,38100,27950,39100,51750,19150,15050
12/14/2022,12550,36000,133800,31250,38200,28050,39150,51850,19150,15050
12/15/2022,12550,35950,134150,31250,38300,28150,38650,51900,19100,15050
12/16/2022,12550,36150,134150,31250,38350,28350,38350,51950,19150,15050
12/17/2022,12550,36266.666666666664,134166.66666666666,31250,38400,28383.333333333332,38500,52050,19150,15050
12/18/2022,12550,36383.333333333336,134183.33333333334,31250,38450,28416.666666666668,38650,52150,19150,15050
12/19/2022,12550,36500,134200,31250,38500,28450,38800,52250,19150,15050
12/20/2022,12550,36600,134250,31250,38650,28550,39350,53100,19200,15050
12/21/2022,12550,36900,134700,31200,38750,28700,39400,53350,19200,15050
12/22/2022,12550,37050,134850,31150,38750,28800,39500,53600,19200,15050
12/23/2022,12600,37150,134750,31150,38750,28850,39550,54600,19250,15050
12/24/2022,12600,37300,134816.66666666666,31166.666666666668,38666.666666666664,28866.666666666668,39600,54983.333333333336,19250,15050
12/25/2022,12600,37450,134883.33333333334,31183.333333333332,38583.333333333336,28883.333333333332,39650,55366.666666666664,19250,15050
12/26/2022,12600,37600,134950,31200,38500,28900,39700,55750,19250,15050
12/27/2022,12600,37600,134850,31150,38400,28900,39700,56000,19200,15050
12/28/2022,12600,37600,134800,31050,38550,29000,39800,56600,19250,15050
12/29/2022,12600,37600,134700,31050,38550,29050,40050,57100,19250,15050
12/30/2022,12600,37800,134850,31000,38550,29050,39700,57150,19250,15050
12/31/2022,12616.666666666666,37733.333333333336,134650,30933.333333333332,38666.666666666664,29033.333333333332,40583.333333333336,59350,19250,15050
1/1/2023,12633.333333333334,37666.666666666664,134450,30866.666666666668,38783.333333333336,29016.666666666668,41466.666666666664,61550,19250,15050
1/2/2023,12650,37600,134250,30800,38900,29000,42350,63750,19250,15050
1/3/2023,12650,37550,134250,30750,39000,29000,42450,64250,19250,15050
1/4/2023,12650,37100,133650,30650,38950,28950,41550,63450,19300,15050
1/5/2023,12650,37050,133850,30650,39000,29150,41000,62750,19250,15050
1/6/2023,12700,37100,133850,30700,39300,29150,41000,62050,19250,15050
1/7/2023,12700,36900,133900,30666.666666666668,39450,29183.333333333332,41366.666666666664,61916.666666666664,19250,15033.333333333334
1/8/2023,12700,36700,133950,30633.333333333332,39600,29216.666666666668,41733.333333333336,61783.333333333336,19250,15016.666666666666
1/9/2023,12700,36500,134000,30600,39750,29250,42100,61650,19250,15000
1/10/2023,12700,36300,133950,30550,39800,29300,42100,60250,19250,15050
1/11/2023,12750,36200,134000,30500,39950,29400,42050,59300,19250,15050
1/12/2023,12750,36200,134000,30500,40250,29500,41800,58450,19250,15050
1/13/2023,12750,36050,134100,30450,40400,29600,41750,57500,19300,15050
1/14/2023,12750,35900,134033.33333333334,30416.666666666668,40566.666666666664,29666.666666666668,41750,56800,19316.666666666668,15050
1/15/2023,12750,35750,133966.66666666666,30383.333333333332,40733.333333333336,29733.333333333332,41750,56100,19333.333333333332,15050
1/16/2023,12750,35600,133900,30350,40900,29800,41750,55400,19350,15050
1/17/2023,12800,35500,134150,30300,41000,29800,41250,54550,19350,15050
1/18/2023,12800,35250,134250,30200,41000,29900,41100,54200,19350,15050
1/19/2023,12800,35100,134100,30250,41200,29900,40800,54100,19350,15050
1/20/2023,12800,35050,134150,30150,41350,29800,40450,53500,19400,15050
1/21/2023,12816.666666666666,34916.666666666664,134400,30083.333333333332,41366.666666666664,29733.333333333332,40316.666666666664,53283.333333333336,19366.666666666668,15050
1/22/2023,12833.333333333334,34783.333333333336,134650,30016.666666666668,41383.333333333336,29666.666666666668,40183.333333333336,53066.666666666664,19333.333333333332,15050
1/23/2023,12850,34650,134900,29950,41400,29600,40050,52850,19300,15050
1/24/2023,12850,34700,134150,30100,41450,29800,40900,52400,19400,15050
1/25/2023,12850,34500,134200,30050,41350,29850,40850,52000,19400,15050
1/26/2023,12850,34450,134150,30050,41350,29750,40550,51750,19400,15050
1/27/2023,12850,34400,134150,30050,41350,29700,40850,51800,19400,15050
1/28/2023,12866.666666666666,34583.333333333336,134100,29983.333333333332,41483.333333333336,29766.666666666668,40816.666666666664,51316.666666666664,19416.666666666668,15050
1/29/2023,12883.333333333334,34766.666666666664,134050,29916.666666666668,41616.666666666664,29833.333333333332,40783.333333333336,50833.333333333336,19433.333333333332,15050
1/30/2023,12900,34950,134000,29850,41750,29900,40750,50350,19450,15050
1/31/2023,12900,34050,134000,29850,41850,29900,40600,50100,19450,15050
2/1/2023,12900,34050,134250,29750,42000,29950,40750,49900,19450,15050
2/2/2023,12950,33950,134250,29700,42050,30000,40700,49800,19400,15050
2/3/2023,12950,33750,134250,29650,42100,30100,41600,49700,19400,15050
2/4/2023,12966.666666666666,33783.333333333336,134200,29600,42316.666666666664,30133.333333333332,41983.333333333336,50316.666666666664,19400,15066.666666666666
2/5/2023,12983.333333333334,33816.666666666664,134150,29550,42533.333333333336,30166.666666666668,42366.666666666664,50933.333333333336,19400,15083.333333333334
2/6/2023,13000,33850,134100,29500,42750,30200,42750,51550,19400,15100
2/7/2023,13000,33950,134050,29450,42800,30250,42900,51800,19450,15100
2/8/2023,13050,34150,134050,29400,42750,30250,43150,51850,19400,15100
2/9/2023,13050,34200,134050,29400,42700,30250,43200,52000,19400,15100
2/10/2023,13050,34350,134050,29400,42700,30300,43050,51850,19400,15100
2/11/2023,13066.666666666666,34366.666666666664,133916.66666666666,29383.333333333332,42450,30283.333333333332,42916.666666666664,52116.666666666664,19416.666666666668,15100
2/12/2023,13083.333333333334,34383.333333333336,133783.33333333334,29366.666666666668,42200,30266.666666666668,42783.333333333336,52383.333333333336,19433.333333333332,15100
2/13/2023,13100,34400,133650,29350,41950,30250,42650,52650,19450,15100
2/14/2023,13100,34400,134100,29300,41700,30250,42900,53300,19450,15100
2/15/2023,13100,34450,134100,29250,41600,30250,42950,52800,19400,15100
2/16/2023,13100,34450,134100,29250,41300,30300,43500,53250,19400,15100
2/17/2023,13150,34500,134050,29200,40950,30300,43800,53350,19400,15100
2/18/2023,13166.666666666666,34416.666666666664,134066.66666666666,29150,40716.666666666664,30466.666666666668,44516.666666666664,53850,19400,15100
2/19/2023,13183.333333333334,34333.333333333336,134083.33333333334,29100,40483.333333333336,30633.333333333332,45233.333333333336,54350,19400,15100
2/20/2023,13200,34250,134100,29050,40250,30800,45950,54850,19400,15100
2/21/2023,13200,34200,134100,28950,40000,30950,46350,55300,19400,15100
2/22/2023,13200,34100,134100,28850,39750,31100,46950,55350,19400,15100
2/23/2023,13200,34000,133950,28850,39600,31200,47100,55450,19400,15100
2/24/2023,13250,33900,134200,28800,39450,31350,47500,55900,19400,15100
2/25/2023,13233.333333333334,33866.666666666664,134166.66666666666,28750,39233.333333333336,31466.666666666668,47250,55883.333333333336,19400,15100
2/26/2023,13216.666666666666,33833.333333333336,134133.33333333334,28700,39016.666666666664,31583.333333333332,47000,55866.666666666664,19400,15100
2/27/2023,13200,33800,134100,28650,38800,31700,46750,55850,19400,15100
2/28/2023,13200,33800,134100,28600,38750,31800,46500,55800,19400,15100
3/1/2023,13200,33750,134050,28550,38550,31800,46550,55800,19400,15100
3/2/2023,13200,33750,134050,28500,38450,31900,46450,56050,19400,15100
3/3/2023,13200,33700,134050,28450,38450,31950,46050,56500,19400,15100
3/4/2023,13200,33666.666666666664,134033.33333333334,28450,38483.333333333336,32133.333333333332,46183.333333333336,57066.666666666664,19416.666666666668,15100
3/5/2023,13200,33633.333333333336,134016.66666666666,28450,38516.666666666664,32316.666666666668,46316.666666666664,57633.333333333336,19433.333333333332,15100
3/6/2023,13200,33600,134000,28450,38550,32500,46450,58200,19450,15100
3/7/2023,13200,33550,134000,28500,38400,32850,46450,58200,19450,15100
3/8/2023,13250,33700,134000,28500,38400,33050,46550,58100,19450,15100
3/9/2023,13250,33750,134050,28650,38200,33200,46600,58700,19450,15100
3/10/2023,13250,33850,134000,28600,38300,33300,46750,58800,19450,15100
3/11/2023,13250,34000,134016.66666666666,28683.333333333332,38233.333333333336,33416.666666666664,47166.666666666664,59450,19450,15100
3/12/2023,13250,34150,134033.33333333334,28766.666666666668,38166.666666666664,33533.333333333336,47583.333333333336,60100,19450,15100
3/13/2023,13250,34300,134050,28850,38100,33650,48000,60750,19450,15100
3/14/2023,13300,34350,134100,29000,38050,33750,48300,61400,19500,15100
3/15/2023,13300,34600,134150,29250,37900,33800,48600,61150,19500,15100
3/16/2023,13300,34750,134150,29550,37900,33850,48350,61550,19550,15100
3/17/2023,13300,34800,134150,29650,37900,33850,48800,61850,19550,15100
3/18/2023,13316.666666666666,34933.333333333336,134350,29766.666666666668,37850,33833.333333333336,49050,61850,19550,15100
3/19/2023,13333.333333333334,35066.666666666664,134550,29883.333333333332,37800,33816.666666666664,49300,61850,19550,15100
3/20/2023,13350,35200,134750,30000,37750,33800,49550,61850,19550,15100
3/21/2023,13350,35350,135400,30150,37800,34400,50550,61300,19550,15100
3/22/2023,13200,34800,135050,30050,37800,33800,49800,60350,19450,15050
3/23/2023,13250,35250,134700,30100,37950,33900,50500,62650,19450,15050
3/24/2023,13350,35350,135100,30250,37600,34200,51600,62750,19550,15100
3/25/2023,13366.666666666666,35183.333333333336,134950,30250,37583.333333333336,34266.666666666664,50683.333333333336,61533.333333333336,19533.333333333332,15116.666666666666
3/26/2023,13383.333333333334,35016.666666666664,134800,30250,37566.666666666664,34333.333333333336,49766.666666666664,60316.666666666664,19516.666666666668,15133.333333333334
3/27/2023,13400,34850,134650,30250,37550,34400,48850,59100,19500,15150
3/28/2023,13400,34750,134800,30200,37450,34350,47300,56750,19500,15150
3/29/2023,13400,34600,134800,30200,37350,34350,45500,54200,19500,15150
3/30/2023,13400,34300,134750,30150,37100,34200,44350,52150,19500,15150
3/31/2023,13400,34250,134750,30200,36900,34100,43450,50200,19500,15150
4/1/2023,13400,34083.333333333336,134716.66666666666,30133.333333333332,36783.333333333336,34116.666666666664,42883.333333333336,49350,19483.333333333332,15133.333333333334
4/2/2023,13400,33916.666666666664,134683.33333333334,30066.666666666668,36666.666666666664,34133.333333333336,42316.666666666664,48500,19466.666666666668,15116.666666666666
4/3/2023,13400,33750,134650,30000,36550,34150,41750,47650,19450,15100
4/4/2023,13400,33700,134650,30000,36450,34100,41150,46600,19450,15100
4/5/2023,13400,33500,134750,30000,36350,34000,40800,46200,19450,15100
4/6/2023,13400,33550,134750,30000,36250,34000,40700,45400,19450,15100
4/7/2023,13250,32850,134600,29900,36450,33850,40450,43600,19600,15100
4/8/2023,13300,33133.333333333336,134700,29900,36450,33850,40500,43666.666666666664,19550,15116.666666666666
4/9/2023,13350,33416.666666666664,134800,29900,36450,33850,40550,43733.333333333336,19500,15133.333333333334
4/10/2023,13400,33700,134900,29900,36450,33850,40600,43800,19450,15150
4/11/2023,13400,33800,134950,29850,36350,33700,40450,43850,19500,15150
4/12/2023,13450,34100,135150,29800,36350,33600,40150,43400,19450,15150
4/13/2023,13400,34250,135250,29800,36350,33550,40150,43100,19450,15150
4/14/2023,13400,34350,135350,29800,36350,33650,40100,42650,19450,15150
4/15/2023,13400,34583.333333333336,135983.33333333334,29833.333333333332,36533.333333333336,33700,41666.666666666664,42916.666666666664,19466.666666666668,15150
4/16/2023,13400,34816.666666666664,136616.66666666666,29866.666666666668,36716.666666666664,33750,43233.333333333336,43183.333333333336,19483.333333333332,15150
4/17/2023,13400,35050,137250,29900,36900,33800,44800,43450,19500,15150
4/18/2023,13400,35600,138600,30000,37300,33950,46900,44100,19500,15150
4/19/2023,13400,35750,137100,30150,37100,34200,46050,42350,19600,15200
4/20/2023,13400,35700,136800,30150,37150,34200,46200,42400,19500,15200
4/21/2023,13400,35700,136900,30150,37200,34200,46150,42350,19600,15200
4/22/2023,13400,35700,136850,30133.333333333332,37166.666666666664,34216.666666666664,46200,42316.666666666664,19600,15200
4/23/2023,13400,35700,136800,30116.666666666668,37133.333333333336,34233.333333333336,46250,42283.333333333336,19600,15200
4/24/2023,13400,35700,136750,30100,37100,34250,46300,42250,19600,15200
4/25/2023,13400,35800,136600,30100,37050,34200,46250,42150,19600,15150
4/26/2023,13400,37050,137500,30100,39000,34600,47800,44550,19500,15150
4/27/2023,13400,37300,136850,30050,39500,35100,46350,43550,19450,15150
4/28/2023,13400,37150,136700,30050,39900,35300,44200,41600,19500,15150
4/29/2023,13200,36600,135750,29900,40083.333333333336,35483.333333333336,42483.333333333336,39800,19566.666666666668,15133.333333333334
4/30/2023,13000,36050,134800,29750,40266.666666666664,35666.666666666664,40766.666666666664,38000,19633.333333333332,15116.666666666666
5/1/2023,12800,35500,133850,29600,40450,35850,39050,36200,19700,15100
5/2/2023,13400,36400,135800,29900,40700,35450,41000,39900,19450,15150
5/3/2023,13400,36250,135800,29850,41200,35500,40200,39200,19450,15150
5/4/2023,13400,36250,135750,29900,41350,35550,39850,38350,19450,15150
5/5/2023,13400,36200,135750,29950,41500,35750,39650,38300,19450,15150
5/6/2023,13400,36233.333333333336,135700,30033.333333333332,41683.333333333336,36050,39533.333333333336,38850,19450,15150
5/7/2023,13400,36266.666666666664,135650,30116.666666666668,41866.666666666664,36350,39416.666666666664,39400,19450,15150
5/8/2023,13400,36300,135600,30200,42050,36650,39300,39950,19450,15150
5/9/2023,13400,36400,135600,30300,42300,37250,39700,40700,19450,15200
5/10/2023,13400,36500,135350,30350,42500,37450,39900,40700,19450,15200
5/11/2023,13450,36650,135450,30450,42650,37600,39900,40950,19450,15200
5/12/2023,13450,36800,135450,30700,42700,37850,39950,40750,19450,15200
5/13/2023,13450,36950,135416.66666666666,30850,42766.666666666664,37966.666666666664,40600,40800,19450,15200
5/14/2023,13450,37100,135383.33333333334,31000,42833.333333333336,38083.333333333336,41250,40850,19450,15200
5/15/2023,13450,37250,135350,31150,42900,38200,41900,40900,19450,15200
5/16/2023,13450,37450,135450,31300,43050,38450,42400,41300,19450,15200
5/17/2023,13450,37500,135350,31450,42850,38600,42700,41200,19450,15200
5/18/2023,13450,37550,135350,31400,42100,38550,42300,40350,19500,15150
5/19/2023,13450,37850,135300,31600,42850,38700,43050,40900,19450,15200
5/20/2023,13450,37983.333333333336,135283.33333333334,31666.666666666668,42633.333333333336,38633.333333333336,43066.666666666664,41216.666666666664,19450,15216.666666666666
5/21/2023,13450,38116.666666666664,135266.66666666666,31733.333333333332,42416.666666666664,38566.666666666664,43083.333333333336,41533.333333333336,19450,15233.333333333334
5/22/2023,13450,38250,135250,31800,42200,38500,43100,41850,19450,15250
5/23/2023,13450,38400,135250,31850,42100,38750,43450,42000,19450,15250
5/24/2023,13450,38450,135250,31900,41750,38750,43250,41950,19450,15250
5/25/2023,13500,38700,135200,31900,41450,38750,43250,42150,19450,15250
5/26/2023,13500,38650,135250,31900,41250,38700,43600,42250,19500,15250
5/27/2023,13500,38766.666666666664,135200,31916.666666666668,41050,38783.333333333336,43683.333333333336,42216.666666666664,19500,15250
5/28/2023,13500,38883.333333333336,135150,31933.333333333332,40850,38866.666666666664,43766.666666666664,42183.333333333336,19500,15250
5/29/2023,13500,39000,135100,31950,40650,38950,43850,42150,19500,15250
5/30/2023,13500,39000,135150,31900,40650,39050,44050,42550,19500,15250
5/31/2023,13500,39000,135100,31900,40450,39100,43700,42800,19450,15250
6/1/2023,13550,39450,135100,32050,40750,39250,44700,43100,19600,15300
6/2/2023,13500,39150,134700,31950,40700,39150,43800,42700,19500,15300
6/3/2023,13500,39283.333333333336,134866.66666666666,31916.666666666668,40500,39183.333333333336,43666.666666666664,43016.666666666664,19483.333333333332,15300
6/4/2023,13500,39416.666666666664,135033.33333333334,31883.333333333332,40300,39216.666666666664,43533.333333333336,43333.333333333336,19466.666666666668,15300
6/5/2023,13500,39550,135200,31850,40100,39250,43400,43650,19450,15300
6/6/2023,13500,39700,135200,31850,40100,39300,43300,43700,19450,15300
6/7/2023,13500,39850,135200,31900,40200,39300,43200,44100,19450,15300
6/8/2023,13500,39800,135050,31900,40200,39350,42850,43900,19450,15300
6/9/2023,13500,39700,135050,31850,40200,39350,42500,43650,19400,15300
6/10/2023,13500,39733.333333333336,135050,31816.666666666668,40266.666666666664,39350,42583.333333333336,43583.333333333336,19400,15300
6/11/2023,13500,39766.666666666664,135050,31783.333333333332,40333.333333333336,39350,42666.666666666664,43516.666666666664,19400,15300
6/12/2023,13500,39800,135050,31750,40400,39350,42750,43450,19400,15300
6/13/2023,13500,39800,135050,31750,40500,39450,42450,43200,19400,15300
6/14/2023,13500,39650,135050,31700,40550,39500,42150,43400,19400,15300
6/15/2023,13500,39600,135050,31700,40500,39450,42250,43400,19350,15300
6/16/2023,13500,39500,135100,31700,40550,39450,41950,43000,19350,15300
6/17/2023,13516.666666666666,39583.333333333336,135066.66666666666,31683.333333333332,40616.666666666664,39483.333333333336,42200,43100,19333.333333333332,15316.666666666666
6/18/2023,13533.333333333334,39666.666666666664,135033.33333333334,31666.666666666668,40683.333333333336,39516.666666666664,42450,43200,19316.666666666668,15333.333333333334
6/19/2023,13550,39750,135000,31650,40750,39550,42700,43300,19300,15350
6/20/2023,13550,39850,135000,31650,40900,39500,43100,43200,19300,15300
6/21/2023,13550,39700,135100,31600,40900,39500,42700,43850,19300,15300
6/22/2023,13550,39750,135150,31550,40850,39550,42550,43850,19300,15300
6/23/2023,13550,39800,135150,31550,40800,39500,43000,44350,19250,15300
6/24/2023,13550,39950,135216.66666666666,31600,40900,39500,44583.333333333336,45000,19250,15300
6/25/2023,13550,40100,135283.33333333334,31650,41000,39500,46166.666666666664,45650,19250,15300
6/26/2023,13550,40250,135350,31700,41100,39500,47750,46300,19250,15300
6/27/2023,13550,40500,136100,31700,41350,39700,50200,47350,19250,15300
6/28/2023,13550,40650,135900,31900,41450,39800,50450,47650,19350,15350
6/29/2023,13600,40550,135450,31950,41500,39800,50650,47550,19350,15400
6/30/2023,13650,40650,135700,31850,41450,39800,50600,47600,19350,15350
7/1/2023,13616.666666666666,40516.666666666664,135650,31816.666666666668,41400,40083.333333333336,50850,47516.666666666664,19316.666666666668,15333.333333333334
7/2/2023,13583.333333333334,40383.333333333336,135600,31783.333333333332,41350,40366.666666666664,51100,47433.333333333336,19283.333333333332,15316.666666666666
7/3/2023,13550,40250,135550,31750,41300,40650,51350,47350,19250,15300
7/4/2023,13550,40200,135350,31750,41400,41300,52800,47400,19200,15300
7/5/2023,13550,40150,135200,31750,41300,41850,51850,46700,19200,15300
7/6/2023,13550,40150,135100,31750,41250,42050,50950,46100,19200,15300
7/7/2023,13550,40100,135000,31750,41200,42350,50100,45500,19200,15300
7/8/2023,13550,40066.666666666664,135016.66666666666,31750,40950,42533.333333333336,49250,45266.666666666664,19216.666666666668,15316.666666666666
7/9/2023,13550,40033.333333333336,135033.33333333334,31750,40700,42716.666666666664,48400,45033.333333333336,19233.333333333332,15333.333333333334
7/10/2023,13550,40000,135050,31750,40450,42900,47550,44800,19250,15350
7/11/2023,13550,39950,135050,31850,40500,42950,47400,44500,19200,15350
7/12/2023,13550,39650,135100,31900,40200,42900,46600,44050,19200,15350
7/13/2023,13550,39500,135100,31900,40000,42900,45850,43650,19200,15350
7/14/2023,13550,39250,134600,31850,39700,43050,45550,43400,19200,15350
7/15/2023,13550,39083.333333333336,134600,31866.666666666668,39400,42933.333333333336,45216.666666666664,43416.666666666664,19200,15350
7/16/2023,13550,38916.666666666664,134600,31883.333333333332,39100,42816.666666666664,44883.333333333336,43433.333333333336,19200,15350
7/17/2023,13550,38750,134600,31900,38800,42700,44550,43450,19200,15350
7/18/2023,13550,38800,135050,31950,38300,42700,44550,43550,19200,15350
7/19/2023,13450,39500,134650,32150,38400,42300,43150,42800,19250,15350
7/20/2023,13550,38500,135050,31950,37450,42600,43800,43350,19200,15350
7/21/2023,13550,38350,135050,31950,37150,42900,43550,43200,19200,15350
7/22/2023,13550,38150,135050,31983.333333333332,36900,42933.333333333336,43133.333333333336,43433.333333333336,19183.333333333332,15350
7/23/2023,13550,37950,135050,32016.666666666668,36650,42966.666666666664,42716.666666666664,43666.666666666664,19166.666666666668,15350
7/24/2023,13550,37750,135050,32050,36400,43000,42300,43900,19150,15350
7/25/2023,13550,37550,135050,32000,35900,42950,42050,44200,19200,15350
7/26/2023,13550,37100,135100,32100,35500,42700,41700,43850,19150,15350
7/27/2023,13550,36850,135100,32050,35300,42550,41100,43750,19150,15400
7/28/2023,13550,36600,135100,32050,35200,42550,41200,43850,19150,15400
7/29/2023,13550,36350,135083.33333333334,32033.333333333332,35050,42483.333333333336,41333.333333333336,44400,19150,15400
7/30/2023,13550,36100,135066.66666666666,32016.666666666668,34900,42416.666666666664,41466.666666666664,44950,19150,15400
7/31/2023,13550,35850,135050,32000,34750,42350,41600,45500,19150,15400
8/1/2023,13550,35600,135050,32000,34450,42350,41550,46000,19150,15400
8/2/2023,13550,35400,135050,32000,34150,42350,41400,46150,19150,15400
8/3/2023,13550,35400,135050,32000,34100,42250,41550,46400,19150,15400
8/4/2023,13550,35250,135050,31950,34000,42150,41750,46900,19150,15400
8/5/2023,13550,35233.333333333336,135083.33333333334,31933.333333333332,33833.333333333336,42066.666666666664,41950,47216.666666666664,19150,15400
8/6/2023,13550,35216.666666666664,135116.66666666666,31916.666666666668,33666.666666666664,41983.333333333336,42150,47533.333333333336,19150,15400
8/7/2023,13550,35200,135150,31900,33500,41900,42350,47850,19150,15400
8/8/2023,13550,35350,135150,31900,33200,41750,42450,47750,19150,15400
8/9/2023,13550,35500,135050,31900,33100,41750,42350,47700,19150,15400
8/10/2023,13550,35750,135050,31850,32900,41700,42700,47700,19150,15400
8/11/2023,13550,36000,135100,31850,32750,41700,42850,48250,19150,15400
8/12/2023,13566.666666666666,36116.666666666664,135100,31800,32650,41616.666666666664,43100,48133.333333333336,19133.333333333332,15400
8/13/2023,13583.333333333334,36233.333333333336,135100,31750,32550,41533.333333333336,43350,48016.666666666664,19116.666666666668,15400
8/14/2023,13600,36350,135100,31700,32450,41450,43600,47900,19100,15400
8/15/2023,13600,36450,135050,31600,32300,41450,43850,48000,19100,15400
8/16/2023,13600,36500,135050,31600,32250,41350,44050,47700,19100,15400
8/17/2023,13650,36450,134900,31700,31700,41200,43500,47200,19200,15400
8/18/2023,13600,36350,135050,31500,31900,41200,44150,47550,19100,15400
8/19/2023,13600,36366.666666666664,135016.66666666666,31433.333333333332,31716.666666666668,41100,44683.333333333336,47516.666666666664,19100,15400
8/20/2023,13600,36383.333333333336,134983.33333333334,31366.666666666668,31533.333333333332,41000,45216.666666666664,47483.333333333336,19100,15400
8/21/2023,13600,36400,134950,31300,31350,40900,45750,47450,19100,15400
8/22/2023,13650,36400,134950,31200,31200,40850,46150,47450,19100,15400
8/23/2023,13650,36400,134950,31100,31050,40850,46100,46800,19100,15400
8/24/2023,13700,36450,134900,31100,30900,40750,46100,46150,19100,15400
8/25/2023,13700,36250,135050,31100,30500,40600,46400,45750,19100,15400
8/26/2023,13716.666666666666,36166.666666666664,135050,30966.666666666668,30350,40533.333333333336,46650,45000,19100,15416.666666666666
8/27/2023,13733.333333333334,36083.333333333336,135050,30833.333333333332,30200,40466.666666666664,46900,44250,19100,15433.333333333334
8/28/2023,13750,36000,135050,30700,30050,40400,47150,43500,19100,15450
8/29/2023,13750,35950,135050,30650,29900,40350,47200,43200,19100,15450
8/30/2023,13800,35850,135000,30600,29700,40300,47200,42800,19050,15450
8/31/2023,13800,35700,134950,30450,29400,40150,46800,42500,19050,15450
9/1/2023,13800,35500,134950,30300,29350,40100,46600,42000,19050,15450
9/2/2023,13833.333333333334,35466.666666666664,134950,30300,29183.333333333332,40100,46300,41666.666666666664,19033.333333333332,15450
9/3/2023,13866.666666666666,35433.333333333336,134950,30300,29016.666666666668,40100,46000,41333.333333333336,19016.666666666668,15450
9/4/2023,13900,35400,134950,30300,28850,40100,45700,41000,19000,15450
9/5/2023,13950,35450,134950,30350,28700,40000,45250,41000,19000,15450
9/6/2023,13950,35350,135350,30300,28450,39950,44950,41150,18950,15450
9/7/2023,14000,35300,134950,30200,28400,39700,44800,41050,19000,15450
9/8/2023,14000,35300,134950,30250,28400,39650,44050,40650,19000,15450
9/9/2023,14016.666666666666,35333.333333333336,134783.33333333334,30200,28316.666666666668,39616.666666666664,43650,40750,19000,15466.666666666666
9/10/2023,14033.333333333334,35366.666666666664,134616.66666666666,30150,28233.333333333332,39583.333333333336,43250,40850,19000,15483.333333333334
9/11/2023,14050,35400,134450,30100,28150,39550,42850,40950,19000,15500
9/12/2023,14100,35450,134900,30100,28050,39500,42400,40600,19000,15500
9/13/2023,14100,35400,134900,30000,27900,39450,42050,40550,19000,15500
9/14/2023,14150,35400,134900,29950,27750,39300,41650,40350,19000,15500
9/15/2023,14200,35650,135200,30000,27800,39250,42000,40900,18950,15600
9/16/2023,14200,35516.666666666664,135100,29933.333333333332,27666.666666666668,39200,41650,41150,18966.666666666668,15600
9/17/2023,14200,35383.333333333336,135000,29866.666666666668,27533.333333333332,39150,41300,41400,18983.333333333332,15600
9/18/2023,14200,35250,134900,29800,27400,39100,40950,41650,19000,15600
9/19/2023,14250,35200,134900,29700,27200,39000,41050,41700,19000,15600
9/20/2023,14250,35200,134900,29750,27200,38950,40900,41450,19000,15650
9/21/2023,14250,35150,134950,29750,27200,38850,40850,41450,19000,15700
9/22/2023,14300,35100,134850,29700,27150,38900,40600,41000,19000,15700
9/23/2023,14316.666666666666,35250,134866.66666666666,29633.333333333332,27100,38850,41100,41466.666666666664,18983.333333333332,15733.333333333334
9/24/2023,14333.333333333334,35400,134883.33333333334,29566.666666666668,27050,38800,41600,41933.333333333336,18966.666666666668,15766.666666666666
9/25/2023,14350,35550,134900,29500,27000,38750,42100,42400,18950,15800
9/26/2023,14350,35700,134950,29450,26950,38600,42600,42650,18950,15800
9/27/2023,14350,35650,134950,29400,27050,38650,42900,42650,18900,15850
9/28/2023,14400,36400,134850,29550,26950,38550,41950,41450,19000,15850
9/29/2023,14400,35550,134900,29100,26850,38400,42800,42500,18800,15850
9/30/2023,14400,35650,134883.33333333334,29150,26866.666666666668,38466.666666666664,43283.333333333336,43500,18833.333333333332,15883.333333333334
10/1/2023,14400,35750,134866.66666666666,29200,26883.333333333332,38533.333333333336,43766.666666666664,44500,18866.666666666668,15916.666666666666
10/2/2023,14400,35850,134850,29250,26900,38600,44250,45500,18900,15950
10/3/2023,14450,35800,134850,29200,26950,38550,44600,46250,18900,16000
10/4/2023,14450,35850,134850,29150,26950,38500,44550,46850,18900,16000
10/5/2023,14500,35800,134850,29200,27000,38450,44700,47950,18900,16000
10/6/2023,14500,35800,134850,29200,27000,38450,44700,48500,18900,16000
10/7/2023,14516.666666666666,35933.333333333336,134850,29200,27050,38433.333333333336,44866.666666666664,49283.333333333336,18883.333333333332,16016.666666666666
10/8/2023,14533.333333333334,36066.666666666664,134850,29200,27100,38416.666666666664,45033.333333333336,50066.666666666664,18866.666666666668,16033.333333333334
10/9/2023,14550,36200,134850,29200,27150,38400,45200,50850,18850,16050
10/10/2023,14550,36400,134850,29150,27100,38400,45750,51550,18850,16050
10/11/2023,14550,36550,134850,29100,27000,38400,45250,51800,18850,16050
10/12/2023,14550,36450,134850,29100,27000,38450,44750,52050,18850,16250
10/13/2023,14550,36500,134850,29050,27000,38400,44450,52350,18850,16050
10/14/2023,14566.666666666666,36500,134783.33333333334,29016.666666666668,27000,38433.333333333336,44700,52800,18850,16066.666666666666
10/15/2023,14583.333333333334,36500,134716.66666666666,28983.333333333332,27000,38466.666666666664,44950,53250,18850,16083.333333333334
10/16/2023,14600,36500,134650,28950,27000,38500,45200,53700,18850,16100
10/17/2023,14600,36550,134700,28900,26850,38500,45400,54450,18800,16100
10/18/2023,14600,36400,134800,28900,26900,38450,45300,54300,18800,16100
10/19/2023,14650,36400,134800,28900,26900,38450,45250,54300,18800,16100
10/20/2023,14650,36300,134800,28900,26850,38450,45300,54500,18800,16150
10/21/2023,14650,36283.333333333336,134816.66666666666,28883.333333333332,26816.666666666668,38416.666666666664,45750,55333.333333333336,18800,16166.666666666666
10/22/2023,14650,36266.666666666664,134833.33333333334,28866.666666666668,26783.333333333332,38383.333333333336,46200,56166.666666666664,18800,16183.333333333334
10/23/2023,14650,36250,134850,28850,26750,38350,46650,57000,18800,16200
10/24/2023,14650,36250,134700,28800,26700,38300,46750,57650,18800,16250
10/25/2023,14650,36150,134700,28800,26550,38200,46950,57700,18800,16300
10/26/2023,14650,36100,134700,28700,26500,38150,47650,58400,18800,16300
10/27/2023,14650,35950,134600,28650,26500,38100,49350,59900,18800,16300
10/28/2023,14650,35850,134566.66666666666,28650,26616.666666666668,38066.666666666664,50566.666666666664,61416.666666666664,18800,16316.666666666666
10/29/2023,14650,35750,134533.33333333334,28650,26733.333333333332,38033.333333333336,51783.333333333336,62933.333333333336,18800,16333.333333333334
10/30/2023,14650,35650,134500,28650,26850,38000,53000,64450,18800,16350
10/31/2023,14650,35550,134500,28600,27000,38050,54250,65750,18800,16450
11/1/2023,14650,35550,134500,28450,27250,37950,54600,65650,18800,16450
11/2/2023,14650,35450,134500,28400,27350,37950,54950,66050,18800,16500
11/3/2023,14650,35500,134400,28350,27800,37950,55500,67100,18800,16500
11/4/2023,14650,35466.666666666664,134433.33333333334,28433.333333333332,28150,37916.666666666664,56716.666666666664,67816.66666666667,18800,16516.666666666668
11/5/2023,14650,35433.333333333336,134466.66666666666,28516.666666666668,28500,37883.333333333336,57933.333333333336,68533.33333333333,18800,16533.333333333332
11/6/2023,14650,35400,134500,28600,28850,37850,59150,69250,18800,16550
11/7/2023,14650,35450,134500,28600,29300,37850,60350,69650,18800,16550
11/8/2023,14650,35700,134500,28700,29800,37750,61450,69950,18800,16600
11/9/2023,14650,35450,134500,28750,29950,37700,62100,70500,18800,16650
11/10/2023,14650,35600,134500,28800,29950,37700,63200,70450,18800,16650
11/11/2023,14650,35633.333333333336,134500,28816.666666666668,30133.333333333332,37716.666666666664,63583.333333333336,70533.33333333333,18800,16700
11/12/2023,14650,35666.666666666664,134500,28833.333333333332,30316.666666666668,37733.333333333336,63966.666666666664,70616.66666666667,18800,16750
11/13/2023,14650,35700,134500,28850,30500,37750,64350,70700,18800,16800
11/14/2023,14650,35650,134500,28800,30750,37700,64400,71000,18800,16850
11/15/2023,14650,35600,134500,28850,31000,37750,64600,71600,18800,16950
11/16/2023,14650,35600,134500,28900,31050,37650,64500,71700,18800,17050
11/17/2023,14650,35600,134550,28900,31200,37600,64700,71650,18800,17050
11/18/2023,14650,35566.666666666664,134533.33333333334,28933.333333333332,31333.333333333332,37583.333333333336,64983.333333333336,72266.66666666667,18800,17083.333333333332
11/19/2023,14650,35533.333333333336,134516.66666666666,28966.666666666668,31466.666666666668,37566.666666666664,65266.666666666664,72883.33333333333,18800,17116.666666666668
11/20/2023,14650,35500,134500,29000,31600,37550,65550,73500,18800,17150
11/21/2023,14650,35450,134500,28950,31750,37500,67000,76000,18800,17250
11/22/2023,14650,35250,134500,29000,31900,37650,67800,76550,18800,17250
11/23/2023,14650,35350,134500,29050,31950,37600,68100,77550,18800,17350
11/24/2023,14650,35650,134450,29150,32000,37700,67400,77700,18850,17350
11/25/2023,14650,35483.333333333336,134433.33333333334,29100,32050,37616.666666666664,67733.33333333333,78066.66666666667,18833.333333333332,17366.666666666668
11/26/2023,14650,35316.666666666664,134416.66666666666,29050,32100,37533.333333333336,68066.66666666667,78433.33333333333,18816.666666666668,17383.333333333332
11/27/2023,14650,35150,134400,29000,32150,37450,68400,78800,18800,17400
11/28/2023,14600,34900,134000,29150,32250,37600,68950,79700,18850,17450
11/29/2023,14700,35350,135500,29250,32000,37650,69250,80050,18950,17450
11/30/2023,14650,34750,134250,29200,32200,37400,70600,80600,18850,17500
12/1/2023,14650,35000,134250,29150,32300,37500,71400,80350,18800,17500
12/2/2023,14666.666666666666,35100,134350,29133.333333333332,32450,37533.333333333336,72816.66666666667,80700,18800,17516.666666666668
12/3/2023,14683.333333333334,35200,134450,29116.666666666668,32600,37566.666666666664,74233.33333333333,81050,18800,17533.333333333332
12/4/2023,14700,35300,134550,29100,32750,37600,75650,81400,18800,17550
12/5/2023,14700,35400,134550,29100,32950,37700,76050,82350,18800,17600
12/6/2023,14700,35550,134950,29150,33150,37700,76500,82700,18800,17600
12/7/2023,14650,35350,134100,29150,33350,37850,77100,83350,18800,17650
12/8/2023,14700,35600,134550,29100,33500,37850,77100,83550,18800,17900
12/9/2023,14700,35600,134550,29116.666666666668,33683.333333333336,37933.333333333336,77866.66666666667,83383.33333333333,18800,17833.333333333332
12/10/2023,14700,35600,134550,29133.333333333332,33866.666666666664,38016.666666666664,78633.33333333333,83216.66666666667,18800,17766.666666666668
12/11/2023,14700,35600,134550,29150,34050,38100,79400,83050,18800,17700
12/12/2023,14700,35650,134650,29200,35200,38200,79050,82950,18800,17700
12/13/2023,14650,35400,135300,29300,34150,38500,78500,84550,18900,17700
12/14/2023,14700,35650,134650,29200,34500,38550,77350,82750,18750,17700
12/15/2023,14700,35700,134650,29250,34650,38500,76500,82300,18750,17700
12/16/2023,14683.333333333334,35666.666666666664,134466.66666666666,29266.666666666668,34983.333333333336,38633.333333333336,74650,81733.33333333333,18766.666666666668,17716.666666666668
12/17/2023,14666.666666666666,35633.333333333336,134283.33333333334,29283.333333333332,35316.666666666664,38766.666666666664,72800,81166.66666666667,18783.333333333332,17733.333333333332
12/18/2023,14650,35600,134100,29300,35650,38900,70950,80600,18800,17750
12/19/2023,14700,35900,134500,29250,36050,38900,69950,79050,18750,17700
12/20/2023,14700,35850,134500,29250,36550,39100,68300,78950,18750,17700
12/21/2023,14650,35750,134100,29400,36950,39350,67200,78950,18800,17750
12/22/2023,14650,36000,134300,29400,37300,39500,66600,78650,18800,17750
12/23/2023,14350,34266.666666666664,132166.66666666666,28400,36350,38866.666666666664,63133.333333333336,76616.66666666667,18566.666666666668,17650
12/24/2023,14050,32533.333333333332,130033.33333333333,27400,35400,38233.333333333336,59666.666666666664,74583.33333333333,18333.333333333332,17550
12/25/2023,13750,30800,127900,26400,34450,37600,56200,72550,18100,17450
12/26/2023,13750,30700,131550,26650,35350,37950,53050,69350,18250,17500
12/27/2023,14700,36750,134700,29350,39250,40200,66150,78700,19050,17750
12/28/2023,14700,36850,134800,29350,39650,40400,66300,77500,18750,17750
12/29/2023,14650,36850,133750,29450,40300,40700,65000,76700,18800,17750
12/30/2023,14616.666666666666,36883.333333333336,134033.33333333334,29250,40200,40483.333333333336,63816.666666666664,75050,18766.666666666668,17733.333333333332
12/31/2023,14583.333333333334,36916.666666666664,134316.66666666666,29050,40100,40266.666666666664,62633.333333333336,73400,18733.333333333332,17716.666666666668
1/1/2024,14550,36950,134600,28850,40000,40050,61450,71750,18700,17700
1/2/2024,14700,37550,134650,29350,41250,41150,67050,76300,18750,17750
1/3/2024,14700,37650,134700,29250,41600,41250,64800,74450,18750,17750
1/4/2024,14750,37650,134650,29200,42000,41350,63400,72500,18750,17750
1/5/2024,14750,37650,134650,29150,42050,41400,61650,70400,18750,17750
1/6/2024,14750,37566.666666666664,134566.66666666666,29083.333333333332,42050,41333.333333333336,60416.666666666664,68416.66666666667,18750,17750
1/7/2024,14750,37483.333333333336,134483.33333333334,29016.666666666668,42050,41266.666666666664,59183.333333333336,66433.33333333333,18750,17750
1/8/2024,14750,37400,134400,28950,42050,41200,57950,64450,18750,17750
1/9/2024,14750,37450,134350,28950,42200,41350,57350,62450,18750,17750
1/10/2024,14800,37450,134400,28950,42100,41350,56750,60400,18750,17750
1/11/2024,14750,37300,133900,28900,42050,41100,56200,59350,18750,17800
1/12/2024,14750,37250,134500,28900,41950,41350,54950,56650,18750,17800
1/13/2024,14766.666666666666,37166.666666666664,134483.33333333334,28850,41866.666666666664,41333.333333333336,54950,56150,18733.333333333332,17783.333333333332
1/14/2024,14783.333333333334,37083.333333333336,134466.66666666666,28800,41783.333333333336,41316.666666666664,54950,55650,18716.666666666668,17766.666666666668
1/15/2024,14800,37000,134450,28750,41700,41300,54950,55150,18700,17750
1/16/2024,14800,37100,134450,28750,41400,41350,55150,53950,18700,17750
1/17/2024,14800,37100,134450,28800,41250,41450,55450,53500,18750,17750
1/18/2024,14800,37100,134450,28850,41100,41450,54850,52200,18750,17750
1/19/2024,14800,37000,134450,28950,40850,41350,54400,51400,18750,17750
1/20/2024,14816.666666666666,36916.666666666664,134450,28966.666666666668,40700,41283.333333333336,54833.333333333336,51166.666666666664,18766.666666666668,17750
1/21/2024,14833.333333333334,36833.333333333336,134450,28983.333333333332,40550,41216.666666666664,55266.666666666664,50933.333333333336,18783.333333333332,17750
1/22/2024,14850,36750,134450,29000,40400,41150,55700,50700,18800,17750
1/23/2024,14850,36600,134450,29100,40050,41100,56600,49900,18800,17800
1/24/2024,14850,36400,134450,29050,39800,41250,56800,49800,18800,17800
1/25/2024,14850,36200,134450,29050,39650,41150,56100,48250,18800,17800
1/26/2024,14850,36100,134450,29050,39450,41100,55700,48000,18800,17850
1/27/2024,14866.666666666666,36033.333333333336,134450,29050,39250,41133.333333333336,55516.666666666664,47433.333333333336,18800,17833.333333333332
1/28/2024,14883.333333333334,35966.666666666664,134450,29050,39050,41166.666666666664,55333.333333333336,46866.666666666664,18800,17816.666666666668
1/29/2024,14900,35900,134450,29050,38850,41200,55150,46300,18800,17800
1/30/2024,14950,35950,134450,29050,38550,41050,55300,45500,18800,17800
1/31/2024,14950,36050,134450,29050,38450,41100,55250,44900,18800,17800
2/1/2024,14950,36050,134450,29050,38350,41050,55150,44400,18800,17800
2/2/2024,15000,36300,134450,29050,38200,41100,55850,44700,18800,17850
2/3/2024,15050,36483.333333333336,134466.66666666666,29066.666666666668,38083.333333333336,41000,56466.666666666664,45000,18800,17850
2/4/2024,15100,36666.666666666664,134483.33333333334,29083.333333333332,37966.666666666664,40900,57083.333333333336,45300,18800,17850
2/5/2024,15150,36850,134500,29100,37850,40800,57700,45600,18800,17850
2/6/2024,15150,36950,134550,29100,37800,40750,58050,45600,18800,17850
2/7/2024,15150,37100,134550,28950,37350,40600,59050,45650,18750,17800
2/8/2024,15150,37250,135050,29150,37700,40750,59200,45850,18800,17850
2/9/2024,15150,37300,134850,29200,37700,40600,58550,45550,18800,17850
2/10/2024,15183.333333333334,37366.666666666664,134750,29216.666666666668,37566.666666666664,40583.333333333336,59150,46466.666666666664,18816.666666666668,17850
2/11/2024,15216.666666666666,37433.333333333336,134650,29233.333333333332,37433.333333333336,40566.666666666664,59750,47383.333333333336,18833.333333333332,17850
2/12/2024,15250,37500,134550,29250,37300,40550,60350,48300,18850,17850
2/13/2024,15300,37700,134550,29300,37000,40600,61200,48500,18850,17850
2/14/2024,15300,37500,134650,29200,36850,40500,61550,47450,18850,17850
2/15/2024,15350,37750,134550,29400,36850,40550,63650,52350,18850,17850
2/16/2024,15400,37650,134550,29500,36850,40650,65450,56000,18900,17900
2/17/2024,15416.666666666666,37566.666666666664,134533.33333333334,29600,36966.666666666664,40766.666666666664,66383.33333333333,57816.666666666664,18900,17900
2/18/2024,15433.333333333334,37483.333333333336,134516.66666666666,29700,37083.333333333336,40883.333333333336,67316.66666666667,59633.333333333336,18900,17900
2/19/2024,15450,37400,134500,29800,37200,41000,68250,61450,18900,17900
2/20/2024,15550,37300,134500,29950,37350,41000,69750,63100,18900,17900
2/21/2024,15550,37250,134500,29950,37450,40850,70350,63200,18900,17900
2/22/2024,15600,37200,134500,29950,37550,40900,71650,62900,18950,17900
2/23/2024,15650,37350,134550,30100,37650,40900,72800,62300,18950,17900
2/24/2024,15683.333333333334,37416.666666666664,134583.33333333334,30283.333333333332,37566.666666666664,40866.666666666664,73000,61800,18950,17900
2/25/2024,15716.666666666666,37483.333333333336,134616.66666666666,30466.666666666668,37483.333333333336,40833.333333333336,73200,61300,18950,17900
2/26/2024,15750,37550,134650,30650,37400,40800,73400,60800,18950,17900
2/27/2024,15800,37700,134600,30850,37350,40750,74000,61400,18950,17900
2/28/2024,15850,37800,134500,31000,37350,40750,73350,61050,19000,17950
2/29/2024,15850,38150,134500,31200,37300,40850,72550,60750,18950,17950
3/1/2024,15900,38400,134450,31400,37050,40800,71150,60600,19000,18000
3/2/2024,15916.666666666666,38516.666666666664,134516.66666666666,31500,37016.666666666664,40916.666666666664,70466.66666666667,60750,19000,18016.666666666668
3/3/2024,15933.333333333334,38633.333333333336,134583.33333333334,31600,36983.333333333336,41033.333333333336,69783.33333333333,60900,19000,18033.333333333332
3/4/2024,15950,38750,134650,31700,36950,41150,69100,61050,19000,18050
3/5/2024,15950,38900,134650,31700,36850,41200,69150,61500,19000,18050
3/6/2024,15950,39000,134650,31850,36700,41250,69000,61200,19000,18050
3/7/2024,15950,39200,134900,31950,36650,41450,68550,61150,19000,18050
3/8/2024,15950,39350,135050,32000,36700,41400,69000,60950,19000,18100
3/9/2024,15950,39350,134933.33333333334,31983.333333333332,36700,41383.333333333336,68966.66666666667,60866.666666666664,19000,18100
3/10/2024,15950,39350,134816.66666666666,31966.666666666668,36700,41366.666666666664,68933.33333333333,60783.333333333336,19000,18100
3/11/2024,15950,39350,134700,31950,36700,41350,68900,60700,19000,18100
3/12/2024,15950,39350,134950,31950,36650,41350,69100,60750,19000,18100
3/13/2024,16000,39450,136050,32550,36700,42300,74100,64800,19000,18150
3/14/2024,16000,39350,135700,32550,36750,42550,73600,64300,19050,18150
3/15/2024,16000,39300,135750,32550,37100,43000,71900,64300,19050,18200
3/16/2024,16000,39150,135666.66666666666,32566.666666666668,36966.666666666664,43133.333333333336,68550,62583.333333333336,19050,18200
3/17/2024,16000,39000,135583.33333333334,32583.333333333332,36833.333333333336,43266.666666666664,65200,60866.666666666664,19050,18200
3/18/2024,16000,38850,135500,32600,36700,43400,61850,59150,19050,18200
3/19/2024,16000,38700,135250,32650,36700,43500,59200,57900,19050,18200
3/20/2024,16000,38550,135200,32700,36800,43750,57050,55950,19050,18200
3/21/2024,15950,38600,135250,32700,36700,43700,54850,54450,19050,18200
3/22/2024,15950,38600,135100,32650,36750,43700,53000,53250,19050,18200
3/23/2024,15950,38500,135166.66666666666,32583.333333333332,36650,43650,52050,52716.666666666664,19066.666666666668,18216.666666666668
3/24/2024,15950,38400,135233.33333333334,32516.666666666668,36550,43600,51100,52183.333333333336,19083.333333333332,18233.333333333332
3/25/2024,15950,38300,135300,32450,36450,43550,50150,51650,19100,18250
3/26/2024,15900,38150,135350,32350,36650,43650,49900,51350,19100,18250
3/27/2024,15900,38000,135150,32250,36950,43700,49500,51100,19100,18250
3/28/2024,15900,38050,135150,32150,37100,43800,49000,50850,19100,18300
3/29/2024,15900,38000,136500,32150,37200,43750,48500,50850,19100,18300
3/30/2024,15883.333333333334,37983.333333333336,136150,32033.333333333332,37583.333333333336,43733.333333333336,48900,50783.333333333336,19100,18300
3/31/2024,15866.666666666666,37966.666666666664,135800,31916.666666666668,37966.666666666664,43716.666666666664,49300,50716.666666666664,19100,18300
4/1/2024,15850,37950,135450,31800,38350,43700,49700,50650,19100,18300
4/2/2024,15850,38200,135700,31800,39250,43850,50600,51400,19100,18300
4/3/2024,15800,38400,135950,31700,39850,43900,50700,51450,19100,18300
4/4/2024,15800,38500,136400,31750,40300,43850,50500,51200,19100,18300
4/5/2024,15800,38900,137050,31800,41850,44150,51550,51850,19100,18300
4/6/2024,15800,38900,137100,31816.666666666668,42000,44200,51933.333333333336,52133.333333333336,19116.666666666668,18300
4/7/2024,15800,38900,137150,31833.333333333332,42150,44250,52316.666666666664,52416.666666666664,19133.333333333332,18300
4/8/2024,15800,38900,137200,31850,42300,44300,52700,52700,19150,18300
4/9/2024,15800,38900,137200,31850,42200,44250,52750,52700,19150,18300
4/10/2024,15800,38900,137250,31800,42150,44200,52200,52450,19150,18300
4/11/2024,15800,38900,137150,31800,42150,44250,52100,52500,19150,18300
4/12/2024,15800,38850,137000,31800,42050,44300,52250,52900,19150,18300
4/13/2024,15800,38850,137133.33333333334,31816.666666666668,42333.333333333336,44316.666666666664,52266.666666666664,52800,19133.333333333332,18300
4/14/2024,15800,38850,137266.66666666666,31833.333333333332,42616.666666666664,44333.333333333336,52283.333333333336,52700,19116.666666666668,18300
4/15/2024,15800,38850,137400,31850,42900,44350,52300,52600,19100,18300
4/16/2024,15700,40150,136900,31650,52050,46450,50900,54450,19150,18350
4/17/2024,15700,40250,136800,31500,54150,46550,49850,53900,19150,18350
4/18/2024,15700,40100,136550,31450,55200,46700,48900,52800,19150,18400
4/19/2024,15650,39800,136200,31400,55850,46650,48100,52550,19150,18450
4/20/2024,15633.333333333334,39683.333333333336,136250,31333.333333333332,56283.333333333336,46766.666666666664,48000,52733.333333333336,19133.333333333332,18483.333333333332
4/21/2024,15616.666666666666,39566.666666666664,136300,31266.666666666668,56716.666666666664,46883.333333333336,47900,52916.666666666664,19116.666666666668,18516.666666666668
4/22/2024,15600,39450,136350,31200,57150,47000,47800,53100,19100,18550
4/23/2024,15600,39200,136050,31150,57200,47250,48000,52900,19150,18600
4/24/2024,15550,38950,135850,30950,56900,46950,47450,51100,19100,18550
4/25/2024,15500,38900,135950,31100,57050,47300,47900,52200,19150,18650
4/26/2024,15500,38750,136000,31150,57200,47300,49000,52450,19150,18650
4/27/2024,15500,38550,135916.66666666666,31150,56966.666666666664,47383.333333333336,50283.333333333336,52550,19150,18683.333333333332
4/28/2024,15500,38350,135833.33333333334,31150,56733.333333333336,47466.666666666664,51566.666666666664,52650,19150,18716.666666666668
4/29/2024,15500,38150,135750,31150,56500,47550,52850,52750,19150,18750
4/30/2024,15500,38000,135750,31250,56250,47600,53350,52800,19150,18750
5/1/2024,15400,37850,135850,31100,56000,47300,52700,52400,19100,18700
5/2/2024,15450,38000,135750,31300,55450,47350,54650,52800,19150,18800
5/3/2024,15450,38050,135950,31350,54900,47250,54900,52500,19150,18850
5/4/2024,15450,38216.666666666664,135883.33333333334,31400,54333.333333333336,47100,54600,52350,19133.333333333332,18850
5/5/2024,15450,38383.333333333336,135816.66666666666,31450,53766.666666666664,46950,54300,52200,19116.666666666668,18850
5/6/2024,15450,38550,135750,31500,53200,46800,54000,52050,19100,18850
5/7/2024,15450,38600,135700,31450,52900,46850,53800,51900,19100,18850
5/8/2024,15450,38750,135800,31450,52450,46450,53100,51650,19150,18850
5/9/2024,15450,39000,135200,31500,52400,46250,53200,51300,19150,18850
5/10/2024,15450,39050,135050,31500,52400,46250,53300,51300,19150,18850
5/11/2024,15450,39083.333333333336,135266.66666666666,31483.333333333332,52000,46333.333333333336,52800,51133.333333333336,19133.333333333332,18850
5/12/2024,15450,39116.666666666664,135483.33333333334,31466.666666666668,51600,46416.666666666664,52300,50966.666666666664,19116.666666666668,18850
5/13/2024,15450,39150,135700,31450,51200,46500,51800,50800,19100,18850
5/14/2024,15450,39100,135650,31500,51200,46550,51950,50850,19100,18900
5/15/2024,15450,39000,135650,31500,50950,46550,52300,51300,19100,18900
5/16/2024,15400,39350,135750,31500,50850,46550,51850,51750,19150,18900
5/17/2024,15400,39300,135650,31500,50700,46600,52400,51150,19100,18900
5/18/2024,15400,39183.333333333336,135633.33333333334,31450,50566.666666666664,46466.666666666664,52233.333333333336,50950,19100,18883.333333333332
5/19/2024,15400,39066.666666666664,135616.66666666666,31400,50433.333333333336,46333.333333333336,52066.666666666664,50750,19100,18866.666666666668
5/20/2024,15400,38950,135600,31350,50300,46200,51900,50550,19100,18850
5/21/2024,15400,38950,135600,31350,50150,46200,51800,50950,19100,18850
5/22/2024,15400,38900,135600,31300,50000,46300,51600,50700,19100,18850
5/23/2024,15400,38800,135750,31300,50150,46200,51850,50750,19100,18850
5/24/2024,15400,38750,135700,31300,50150,46300,51850,50800,19100,18850
5/25/2024,15383.333333333334,38766.666666666664,135650,31216.666666666668,49866.666666666664,46200,51783.333333333336,50883.333333333336,19100,18833.333333333332
5/26/2024,15366.666666666666,38783.333333333336,135600,31133.333333333332,49583.333333333336,46100,51716.666666666664,50966.666666666664,19100,18816.666666666668
5/27/2024,15350,38800,135550,31050,49300,46000,51650,51050,19100,18800
5/28/2024,15350,38700,135550,31050,49050,46000,52250,51100,19100,18800
5/29/2024,15350,38600,135650,31000,48800,45950,52950,50750,19100,18800
5/30/2024,15350,38450,135550,30950,48600,45850,52550,50750,19100,18800
5/31/2024,15350,38400,135050,31000,48350,45900,52450,50800,19100,18800
6/1/2024,15350,38200,135250,30950,48033.333333333336,45800,52966.666666666664,50933.333333333336,19100,18783.333333333332
6/2/2024,15350,38000,135450,30900,47716.666666666664,45700,53483.333333333336,51066.666666666664,19100,18766.666666666668
6/3/2024,15350,37800,135650,30850,47400,45600,54000,51200,19100,18750
6/4/2024,15350,37750,135300,30900,47400,45400,54050,50750,19100,18750
6/5/2024,15400,37850,135850,30950,47200,45450,55100,51550,19100,18800
6/6/2024,15350,37300,135500,30750,46700,45400,54300,51100,19100,18750
6/7/2024,15350,37250,135500,30800,46600,45350,54700,51350,19100,18700
6/8/2024,15350,37183.333333333336,135483.33333333334,30783.333333333332,46566.666666666664,45316.666666666664,55616.666666666664,52466.666666666664,19100,18700
6/9/2024,15350,37116.666666666664,135466.66666666666,30766.666666666668,46533.333333333336,45283.333333333336,56533.333333333336,53583.333333333336,19100,18700
6/10/2024,15350,37050,135450,30750,46500,45250,57450,54700,19100,18700
6/11/2024,15350,36950,135550,30700,46050,44950,58550,55350,19100,18700
6/12/2024,15350,37050,135500,30700,45900,44750,60150,55450,19100,18700
6/13/2024,15250,37050,134600,30750,45500,44750,60450,54450,19100,18650
6/14/2024,15350,37700,135100,30750,45600,44650,63250,56450,19150,18650
6/15/2024,15350,37733.333333333336,135433.33333333334,30750,45533.333333333336,44616.666666666664,63266.666666666664,56500,19133.333333333332,18666.666666666668
6/16/2024,15350,37766.666666666664,135766.66666666666,30750,45466.666666666664,44583.333333333336,63283.333333333336,56550,19116.666666666668,18683.333333333332
6/17/2024,15350,37800,136100,30750,45400,44550,63300,56600,19100,18700
6/18/2024,15350,37600,135650,30850,45700,44750,63150,56900,19150,18700
6/19/2024,15350,38100,135550,30700,45050,44600,68800,58900,19100,18650
6/20/2024,15350,38100,135550,30650,44750,44550,68950,58550,19100,18650
6/21/2024,15300,37750,135850,30600,44250,44400,67450,57600,19050,18600
6/22/2024,15283.333333333334,37633.333333333336,135616.66666666666,30583.333333333332,43983.333333333336,44333.333333333336,65250,56383.333333333336,19066.666666666668,18600
6/23/2024,15266.666666666666,37516.666666666664,135383.33333333334,30566.666666666668,43716.666666666664,44266.666666666664,63050,55166.666666666664,19083.333333333332,18600
6/24/2024,15250,37400,135150,30550,43450,44200,60850,53950,19100,18600
6/25/2024,15300,37650,135250,30650,43250,44100,60350,54400,19150,18600
6/26/2024,15350,37550,135500,30550,42900,43950,57900,53450,19100,18600
6/27/2024,15300,37250,135400,30350,42150,43350,56050,51650,19050,18550
6/28/2024,15350,37550,135500,30550,42500,43900,54700,52250,19150,18600
6/29/2024,15350,37350,135283.33333333334,30533.333333333332,42033.333333333336,43766.666666666664,53916.666666666664,52416.666666666664,19150,18583.333333333332
6/30/2024,15350,37150,135066.66666666666,30516.666666666668,41566.666666666664,43633.333333333336,53133.333333333336,52583.333333333336,19150,18566.666666666668
7/1/2024,15350,36950,134850,30500,41100,43500,52350,52750,19150,18550
7/2/2024,15350,37000,135350,30500,40850,43500,52150,52700,19150,18550
7/3/2024,15350,37000,135450,30550,40350,43500,52100,54150,19150,18550
7/4/2024,15350,36650,135250,30500,39950,43300,52350,53900,19150,18500
7/5/2024,15350,36950,135400,30450,39700,43350,52900,55050,19200,18550
