Tanggal,Beras,Daging Ayam,Daging Sapi,Telur Ayam,Bawang Merah,Bawang Putih,Cabai Merah,Cabai Rawit,Minyak Goreng,Gula Pasir
2017-03-27,14650.0,57500.0,122500.0,19500.0,26750.0,35000.0,21350.0,37750.0,13900.0,15100.0
2017-03-28,12550.0,44825.0,124075.0,19175.0,28125.0,36075.0,21875.0,43025.0,13725.0,14900.0
2017-03-29,10450.0,32150.0,125650.0,18850.0,29500.0,37150.0,22400.0,48300.0,13550.0,14700.0
2017-03-30,11750.0,30300.0,114700.0,20450.0,33850.0,38600.0,31250.0,57900.0,13800.0,16150.0
2017-03-31,11700.0,27500.0,117100.0,19650.0,26550.0,32000.0,23800.0,47600.0,13700.0,14550.0
2017-04-01,11666.666666666666,28016.666666666668,116116.66666666667,19616.666666666668,28583.333333333332,33900.0,25533.333333333332,48483.333333333336,13700.0,14500.0
2017-04-02,11633.333333333334,28533.333333333332,115133.33333333333,19583.333333333332,30616.666666666668,35800.0,27266.666666666668,49366.666666666664,13700.0,14450.0
2017-04-03,11600.0,29050.0,114150.0,19550.0,32650.0,37700.0,29000.0,50250.0,13700.0,14400.0
2017-04-04,11100.0,30000.0,117550.0,19550.0,32500.0,37900.0,26500.0,48900.0,13550.0,14600.0
2017-04-05,11350.0,30550.0,116750.0,19900.0,32450.0,38100.0,27200.0,47650.0,14000.0,14850.0
2017-04-06,11200.0,30050.0,117650.0,19650.0,31400.0,37450.0,25900.0,46300.0,13450.0,14450.0
2017-04-07,11300.0,29950.0,118100.0,19800.0,31100.0,37150.0,26850.0,46900.0,13550.0,14450.0
2017-04-08,11350.0,29816.666666666668,117266.66666666667,19816.666666666668,31733.333333333332,37750.0,28066.666666666668,47466.666666666664,13750.0,14616.666666666666
2017-04-09,11400.0,29683.333333333332,116433.33333333333,19833.333333333332,32366.666666666668,38350.0,29283.333333333332,48033.333333333336,13950.0,14783.333333333334
2017-04-10,11450.0,29550.0,115600.0,19850.0,33000.0,38950.0,30500.0,48600.0,14150.0,14950.0
2017-04-11,11350.0,29550.0,115450.0,20400.0,32750.0,38750.0,31650.0,49550.0,13950.0,14850.0
2017-04-12,11550.0,30100.0,116600.0,20550.0,32950.0,39300.0,31700.0,48200.0,13950.0,14850.0
2017-04-13,11550.0,30000.0,116650.0,20650.0,32700.0,39650.0,31450.0,48900.0,13950.0,14850.0
2017-04-14,11500.0,35500.0,121300.0,18300.0,30650.0,40850.0,25650.0,44550.0,13350.0,14450.0
2017-04-15,11450.0,33500.0,119466.66666666667,18900.0,31216.666666666668,40666.666666666664,26550.0,44583.333333333336,13533.333333333334,14533.333333333334
2017-04-16,11400.0,31500.0,117633.33333333333,19500.0,31783.333333333332,40483.333333333336,27450.0,44616.666666666664,13716.666666666666,14616.666666666666
2017-04-17,11350.0,29500.0,115800.0,20100.0,32350.0,40300.0,28350.0,44650.0,13900.0,14700.0
2017-04-18,11200.0,29000.0,114100.0,19850.0,31700.0,40100.0,28850.0,44350.0,13850.0,14750.0
2017-04-19,11350.0,29800.0,114550.0,20150.0,31850.0,40550.0,29700.0,43550.0,13850.0,14750.0
2017-04-20,11350.0,29800.0,115800.0,20300.0,31650.0,41000.0,29550.0,43700.0,13850.0,14700.0
2017-04-21,11350.0,29700.0,115500.0,20100.0,31550.0,41050.0,29200.0,43550.0,13850.0,14700.0
2017-04-22,10750.0,29966.666666666668,115366.66666666667,19533.333333333332,31250.0,44083.333333333336,27050.0,43933.333333333336,13666.666666666666,14633.333333333334
2017-04-23,10150.0,30233.333333333332,115233.33333333333,18966.666666666668,30950.0,47116.666666666664,24900.0,44316.666666666664,13483.333333333334,14566.666666666666
2017-04-24,9550.0,30500.0,115100.0,18400.0,30650.0,50150.0,22750.0,44700.0,13300.0,14500.0
2017-04-25,11300.0,29900.0,115450.0,21300.0,31650.0,44900.0,29500.0,42850.0,13800.0,14650.0
2017-04-26,11300.0,29650.0,116050.0,20800.0,31900.0,46050.0,30000.0,43600.0,13800.0,14600.0
2017-04-27,11300.0,29700.0,115900.0,20400.0,31650.0,46500.0,30550.0,43850.0,13800.0,14600.0
2017-04-28,11950.0,29850.0,115150.0,20500.0,31100.0,47150.0,31250.0,43500.0,13900.0,14650.0
2017-04-29,11166.666666666666,30233.333333333332,115133.33333333333,20266.666666666668,31200.0,50150.0,29350.0,43733.333333333336,13766.666666666666,14600.0
2017-04-30,10383.333333333334,30616.666666666668,115116.66666666667,20033.333333333332,31300.0,53150.0,27450.0,43966.666666666664,13633.333333333334,14550.0
2017-05-01,9600.0,31000.0,115100.0,19800.0,31400.0,56150.0,25550.0,44200.0,13500.0,14500.0
2017-05-02,11300.0,29650.0,116450.0,20400.0,31500.0,49800.0,31600.0,43600.0,13800.0,14600.0
2017-05-03,11450.0,30150.0,117000.0,20650.0,31400.0,50200.0,32500.0,44050.0,13900.0,14700.0
2017-05-04,11300.0,29750.0,116450.0,20450.0,30850.0,51050.0,30850.0,43950.0,13800.0,14600.0
2017-05-05,11500.0,30150.0,117150.0,20650.0,31050.0,50900.0,32250.0,44150.0,13900.0,14700.0
2017-05-06,11450.0,30133.333333333332,117016.66666666667,20683.333333333332,31266.666666666668,51366.666666666664,32166.666666666668,43650.0,13866.666666666666,14683.333333333334
2017-05-07,11400.0,30116.666666666668,116883.33333333333,20716.666666666668,31483.333333333332,51833.333333333336,32083.333333333332,43150.0,13833.333333333334,14666.666666666666
2017-05-08,11350.0,30100.0,116750.0,20750.0,31700.0,52300.0,32000.0,42650.0,13800.0,14650.0
2017-05-09,11350.0,30200.0,116750.0,20900.0,31750.0,52550.0,32900.0,42800.0,13800.0,14650.0
2017-05-10,11350.0,30250.0,116750.0,21050.0,31900.0,52300.0,33200.0,42900.0,13800.0,14650.0
2017-05-11,9700.0,31750.0,115100.0,21850.0,31500.0,56650.0,33000.0,45800.0,13250.0,14600.0
2017-05-12,11350.0,30450.0,116750.0,21300.0,31450.0,52000.0,33750.0,42900.0,13800.0,14650.0
2017-05-13,11333.333333333334,30633.333333333332,116616.66666666667,21400.0,31266.666666666668,51916.666666666664,33500.0,42266.666666666664,13800.0,14650.0
2017-05-14,11316.666666666666,30816.666666666668,116483.33333333333,21500.0,31083.333333333332,51833.333333333336,33250.0,41633.333333333336,13800.0,14650.0
2017-05-15,11300.0,31000.0,116350.0,21600.0,30900.0,51750.0,33000.0,41000.0,13800.0,14650.0
2017-05-16,11350.0,31400.0,116650.0,21600.0,31050.0,53550.0,33150.0,41750.0,13800.0,14650.0
2017-05-17,11350.0,31600.0,116700.0,21700.0,31050.0,53400.0,33800.0,41800.0,13800.0,14650.0
2017-05-18,11300.0,31700.0,116400.0,21900.0,30700.0,53200.0,33600.0,40950.0,13800.0,14650.0
2017-05-19,11300.0,31900.0,116450.0,22000.0,30300.0,54050.0,33350.0,40900.0,13800.0,14650.0
2017-05-20,11316.666666666666,31866.666666666668,116466.66666666667,22000.0,30283.333333333332,54283.333333333336,32933.333333333336,40666.666666666664,13800.0,14650.0
2017-05-21,11333.333333333334,31833.333333333332,116483.33333333333,22000.0,30266.666666666668,54516.666666666664,32516.666666666668,40433.333333333336,13800.0,14650.0
2017-05-22,11350.0,31800.0,116500.0,22000.0,30250.0,54750.0,32100.0,40200.0,13800.0,14650.0
2017-05-23,11550.0,31900.0,116750.0,22050.0,30350.0,55250.0,31900.0,40700.0,13950.0,14800.0
2017-05-24,11450.0,32300.0,116900.0,21950.0,30350.0,54900.0,33400.0,41400.0,13950.0,14750.0
2017-05-25,9800.0,32900.0,115100.0,22150.0,29900.0,53900.0,27300.0,40850.0,13350.0,14650.0
2017-05-26,11350.0,32250.0,119900.0,22050.0,30650.0,56600.0,33350.0,40650.0,13950.0,14750.0
2017-05-27,11350.0,32183.333333333332,119250.0,22133.333333333332,30416.666666666668,56283.333333333336,33700.0,42266.666666666664,13916.666666666666,14716.666666666666
2017-05-28,11350.0,32116.666666666668,118600.0,22216.666666666668,30183.333333333332,55966.666666666664,34050.0,43883.333333333336,13883.333333333334,14683.333333333334
2017-05-29,11350.0,32050.0,117950.0,22300.0,29950.0,55650.0,34400.0,45500.0,13850.0,14650.0
2017-05-30,11350.0,32100.0,117550.0,22350.0,30200.0,54250.0,32900.0,42900.0,13850.0,14650.0
2017-05-31,11300.0,32100.0,117350.0,22300.0,30300.0,52800.0,32300.0,41750.0,13850.0,14700.0
2017-06-01,9800.0,33150.0,115100.0,21250.0,30400.0,54400.0,23350.0,34550.0,13250.0,14650.0
2017-06-02,11350.0,32000.0,117150.0,22300.0,30250.0,50800.0,30150.0,39250.0,13950.0,14800.0
2017-06-03,11350.0,31800.0,117283.33333333333,22150.0,30633.333333333332,50266.666666666664,30083.333333333332,38800.0,13916.666666666666,14766.666666666666
2017-06-04,11350.0,31600.0,117416.66666666667,22000.0,31016.666666666668,49733.333333333336,30016.666666666668,38350.0,13883.333333333334,14733.333333333334
2017-06-05,11350.0,31400.0,117550.0,21850.0,31400.0,49200.0,29950.0,37900.0,13850.0,14700.0
2017-06-06,11350.0,31250.0,117350.0,21800.0,31600.0,49300.0,29600.0,36700.0,13850.0,14650.0
2017-06-07,11350.0,31150.0,117350.0,21650.0,31550.0,48900.0,29150.0,36150.0,13850.0,14650.0
2017-06-08,10500.0,31050.0,117400.0,21800.0,31450.0,48550.0,26850.0,35500.0,13950.0,14750.0
2017-06-09,11350.0,31000.0,117400.0,22400.0,31000.0,48800.0,25950.0,34600.0,13950.0,14750.0
2017-06-10,11333.333333333334,30233.333333333332,117466.66666666667,22100.0,31250.0,47883.333333333336,26433.333333333332,34933.333333333336,13900.0,14716.666666666666
2017-06-11,11316.666666666666,29466.666666666668,117533.33333333333,21800.0,31500.0,46966.666666666664,26916.666666666668,35266.666666666664,13850.0,14683.333333333334
2017-06-12,11300.0,28700.0,117600.0,21500.0,31750.0,46050.0,27400.0,35600.0,13800.0,14650.0
2017-06-13,11400.0,30950.0,117600.0,21550.0,31150.0,43450.0,27100.0,34800.0,13800.0,14700.0
2017-06-14,11200.0,31100.0,117950.0,21450.0,31450.0,42400.0,25850.0,34150.0,13800.0,14650.0
2017-06-15,11300.0,31100.0,117950.0,20950.0,31000.0,41900.0,24850.0,32950.0,13650.0,14600.0
2017-06-16,11200.0,30950.0,117400.0,20950.0,30850.0,40200.0,25100.0,33550.0,13750.0,14550.0
2017-06-17,11200.0,31216.666666666668,117816.66666666667,21000.0,31300.0,39683.333333333336,25833.333333333332,33783.333333333336,13733.333333333334,14550.0
2017-06-18,11200.0,31483.333333333332,118233.33333333333,21050.0,31750.0,39166.666666666664,26566.666666666668,34016.666666666664,13716.666666666666,14550.0
2017-06-19,11200.0,31750.0,118650.0,21100.0,32200.0,38650.0,27300.0,34250.0,13700.0,14550.0
2017-06-20,11200.0,32350.0,118700.0,21150.0,32250.0,38300.0,27950.0,34500.0,13700.0,14550.0
2017-06-21,11200.0,32700.0,119800.0,21250.0,32750.0,37150.0,29850.0,35550.0,13700.0,14550.0
2017-06-22,11250.0,34500.0,121700.0,21300.0,33000.0,37200.0,31150.0,37200.0,13750.0,14650.0
2017-06-23,11650.0,39000.0,127200.0,20500.0,40250.0,49900.0,29000.0,35850.0,13450.0,14500.0
2017-06-24,11364.285714285714,38771.42857142857,127600.0,20328.571428571428,39821.42857142857,52150.0,28721.428571428572,34792.857142857145,13328.57142857143,14450.0
2017-06-25,11078.57142857143,38542.857142857145,128000.0,20157.14285714286,39392.857142857145,54400.0,28442.85714285714,33735.71428571428,13207.142857142857,14400.0
2017-06-26,10792.857142857143,38314.28571428572,128400.0,19985.714285714286,38964.28571428572,56650.0,28164.285714285714,32678.571428571428,13085.714285714286,14350.0
2017-06-27,10507.142857142857,38085.71428571428,128800.0,19814.285714285714,38535.71428571428,58900.0,27885.714285714286,31621.428571428572,12964.285714285714,14300.0
2017-06-28,10221.42857142857,37857.142857142855,129200.0,19642.85714285714,38107.142857142855,61150.0,27607.14285714286,30564.285714285714,12842.857142857143,14250.0
2017-06-29,9935.714285714286,37628.57142857143,129600.0,19471.428571428572,37678.57142857143,63400.0,27328.571428571428,29507.142857142855,12721.42857142857,14200.0
2017-06-30,9650.0,37400.0,130000.0,19300.0,37250.0,65650.0,27050.0,28450.0,12600.0,14150.0
2017-07-01,10216.666666666666,36316.666666666664,125816.66666666667,20016.666666666668,37483.333333333336,55983.333333333336,27483.333333333332,31900.0,13033.333333333334,14383.333333333334
2017-07-02,10783.333333333334,35233.333333333336,121633.33333333333,20733.333333333332,37716.666666666664,46316.66666666667,27916.666666666668,35350.0,13466.666666666666,14616.666666666666
2017-07-03,11350.0,34150.0,117450.0,21450.0,37950.0,36650.0,28350.0,38800.0,13900.0,14850.0
2017-07-04,11200.0,33300.0,117500.0,21250.0,38150.0,35150.0,29700.0,38300.0,13900.0,14850.0
2017-07-05,11250.0,33100.0,116050.0,21950.0,37250.0,35550.0,28750.0,37900.0,13950.0,14850.0
2017-07-06,11150.0,32600.0,116050.0,21900.0,37100.0,34750.0,29050.0,38950.0,13850.0,14850.0
2017-07-07,11100.0,32500.0,116000.0,21900.0,37200.0,35750.0,28850.0,39900.0,13850.0,14900.0
2017-07-08,11133.333333333334,32350.0,116050.0,21750.0,37166.666666666664,35866.666666666664,29066.666666666668,40066.666666666664,13850.0,14900.0
2017-07-09,11166.666666666666,32200.0,116100.0,21600.0,37133.333333333336,35983.333333333336,29283.333333333332,40233.333333333336,13850.0,14900.0
2017-07-10,11200.0,32050.0,116150.0,21450.0,37100.0,36100.0,29500.0,40400.0,13850.0,14900.0
2017-07-11,11100.0,31950.0,116200.0,21400.0,37300.0,35450.0,29150.0,42300.0,13850.0,14950.0
2017-07-12,11150.0,32150.0,116350.0,21550.0,37400.0,34650.0,29400.0,41300.0,13850.0,14950.0
2017-07-13,11150.0,32050.0,116250.0,21500.0,37850.0,35400.0,29750.0,41800.0,13900.0,14850.0
2017-07-14,11150.0,31800.0,115500.0,21700.0,37150.0,35300.0,28950.0,40850.0,13800.0,14900.0
2017-07-15,11133.333333333334,31883.333333333332,115416.66666666667,21716.666666666668,36883.333333333336,35150.0,28950.0,41283.333333333336,13816.666666666666,14883.333333333334
2017-07-16,11116.666666666666,31966.666666666668,115333.33333333333,21733.333333333332,36616.666666666664,35000.0,28950.0,41716.666666666664,13833.333333333334,14866.666666666666
2017-07-17,11100.0,32050.0,115250.0,21750.0,36350.0,34850.0,28950.0,42150.0,13850.0,14850.0
2017-07-18,11250.0,32350.0,115000.0,22100.0,36850.0,34750.0,31400.0,44200.0,14000.0,14900.0
2017-07-19,11200.0,32150.0,115400.0,22300.0,36450.0,34900.0,31400.0,43650.0,13900.0,14950.0
2017-07-20,11200.0,32150.0,115350.0,22300.0,36400.0,34800.0,31650.0,43500.0,13950.0,14950.0
2017-07-21,11200.0,32150.0,115300.0,22300.0,36100.0,34550.0,31700.0,42700.0,13900.0,14900.0
2017-07-22,11216.666666666666,32133.333333333332,115216.66666666667,22400.0,35883.333333333336,34400.0,31983.333333333332,42783.333333333336,13916.666666666666,14916.666666666666
2017-07-23,11233.333333333334,32116.666666666668,115133.33333333333,22500.0,35666.666666666664,34250.0,32266.666666666668,42866.666666666664,13933.333333333334,14933.333333333334
2017-07-24,11250.0,32100.0,115050.0,22600.0,35450.0,34100.0,32550.0,42950.0,13950.0,14950.0
2017-07-25,11200.0,32150.0,115300.0,22700.0,35400.0,34250.0,32650.0,43300.0,13950.0,14900.0
2017-07-26,11250.0,32400.0,115400.0,22750.0,35100.0,34050.0,32650.0,43250.0,14000.0,14950.0
2017-07-27,11250.0,32650.0,115500.0,22850.0,34750.0,34200.0,32450.0,42100.0,13950.0,14900.0
2017-07-28,11250.0,33000.0,115500.0,22750.0,34500.0,33900.0,32450.0,41950.0,14000.0,14900.0
2017-07-29,11233.333333333334,33200.0,115483.33333333333,22800.0,34166.666666666664,33750.0,32200.0,41833.333333333336,13983.333333333334,14916.666666666666
2017-07-30,11216.666666666666,33400.0,115466.66666666667,22850.0,33833.333333333336,33600.0,31950.0,41716.666666666664,13966.666666666666,14933.333333333334
2017-07-31,11200.0,33600.0,115450.0,22900.0,33500.0,33450.0,31700.0,41600.0,13950.0,14950.0
2017-08-01,11200.0,34100.0,115150.0,22850.0,33200.0,33350.0,32000.0,41050.0,13950.0,14900.0
2017-08-02,11200.0,34150.0,115150.0,22800.0,32950.0,33150.0,32200.0,40600.0,13950.0,14900.0
2017-08-03,11200.0,34250.0,115250.0,22800.0,32650.0,33150.0,32400.0,40350.0,13950.0,14900.0
2017-08-04,11300.0,34300.0,115000.0,22750.0,32150.0,33000.0,32250.0,40500.0,13950.0,14900.0
2017-08-05,11266.666666666666,34316.666666666664,115100.0,22733.333333333332,31850.0,32800.0,32266.666666666668,40166.666666666664,13950.0,14900.0
2017-08-06,11233.333333333334,34333.333333333336,115200.0,22716.666666666668,31550.0,32600.0,32283.333333333332,39833.333333333336,13950.0,14900.0
2017-08-07,11200.0,34350.0,115300.0,22700.0,31250.0,32400.0,32300.0,39500.0,13950.0,14900.0
2017-08-08,11200.0,34350.0,115000.0,22600.0,31100.0,31750.0,32200.0,39050.0,13950.0,14900.0
2017-08-09,11200.0,34300.0,115100.0,22700.0,30850.0,31650.0,31950.0,38050.0,13950.0,14850.0
2017-08-10,11200.0,34450.0,115050.0,22600.0,30550.0,31550.0,31800.0,37750.0,13950.0,14900.0
2017-08-11,11250.0,34500.0,115100.0,22700.0,30450.0,31550.0,32300.0,37500.0,13950.0,14900.0
2017-08-12,11216.666666666666,34433.333333333336,115016.66666666667,22616.666666666668,30233.333333333332,31433.333333333332,31933.333333333332,36750.0,13933.333333333334,14900.0
2017-08-13,11183.333333333334,34366.666666666664,114933.33333333333,22533.333333333332,30016.666666666668,31316.666666666668,31566.666666666668,36000.0,13916.666666666666,14900.0
2017-08-14,11150.0,34300.0,114850.0,22450.0,29800.0,31200.0,31200.0,35250.0,13900.0,14900.0
2017-08-15,11200.0,34450.0,114600.0,22400.0,29800.0,30900.0,31800.0,36050.0,13950.0,14850.0
2017-08-16,11250.0,34150.0,114950.0,22600.0,30100.0,31050.0,31700.0,35700.0,14000.0,14850.0
2017-08-17,11350.0,33400.0,115250.0,23950.0,34400.0,34850.0,40200.0,40700.0,14600.0,16000.0
2017-08-18,11250.0,34000.0,114450.0,22600.0,29950.0,30750.0,31600.0,35550.0,14000.0,14900.0
2017-08-19,11233.333333333334,33883.333333333336,114583.33333333333,22450.0,29550.0,30350.0,31700.0,35400.0,14000.0,14883.333333333334
2017-08-20,11216.666666666666,33766.666666666664,114716.66666666667,22300.0,29150.0,29950.0,31800.0,35250.0,14000.0,14866.666666666666
2017-08-21,11200.0,33650.0,114850.0,22150.0,28750.0,29550.0,31900.0,35100.0,14000.0,14850.0
2017-08-22,11200.0,33500.0,114800.0,22150.0,28700.0,29450.0,32050.0,35050.0,13950.0,14850.0
2017-08-23,11250.0,33400.0,115150.0,22300.0,28950.0,29650.0,31650.0,34900.0,14000.0,14850.0
2017-08-24,11250.0,33450.0,115200.0,22350.0,28850.0,29600.0,31600.0,33850.0,14000.0,14850.0
2017-08-25,11250.0,33150.0,115050.0,22250.0,28750.0,29250.0,31200.0,34050.0,14000.0,14850.0
2017-08-26,11250.0,32866.666666666664,115100.0,22250.0,28666.666666666668,29216.666666666668,31416.666666666668,33916.666666666664,14000.0,14850.0
2017-08-27,11250.0,32583.333333333332,115150.0,22250.0,28583.333333333332,29183.333333333332,31633.333333333332,33783.333333333336,14000.0,14850.0
2017-08-28,11250.0,32300.0,115200.0,22250.0,28500.0,29150.0,31850.0,33650.0,14000.0,14850.0
2017-08-29,11250.0,32800.0,114950.0,22400.0,28450.0,29200.0,32450.0,34300.0,14000.0,14850.0
2017-08-30,11250.0,33000.0,115950.0,22450.0,28400.0,29200.0,33800.0,34300.0,14000.0,14900.0
2017-08-31,11250.0,33750.0,118250.0,22500.0,28500.0,29200.0,35000.0,35000.0,14000.0,14900.0
2017-09-01,11250.0,33475.0,117612.5,22475.0,28450.0,29137.5,35087.5,34975.0,13987.5,14887.5
2017-09-02,11250.0,33200.0,116975.0,22450.0,28400.0,29075.0,35175.0,34950.0,13975.0,14875.0
2017-09-03,11250.0,32925.0,116337.5,22425.0,28350.0,29012.5,35262.5,34925.0,13962.5,14862.5
2017-09-04,11250.0,32650.0,115700.0,22400.0,28300.0,28950.0,35350.0,34900.0,13950.0,14850.0
2017-09-05,11300.0,32500.0,115700.0,22400.0,28000.0,28700.0,34100.0,34650.0,13950.0,14800.0
2017-09-06,11200.0,32450.0,115400.0,22350.0,28200.0,28850.0,33200.0,34350.0,13950.0,14800.0
2017-09-07,11300.0,32300.0,115050.0,22400.0,28050.0,28800.0,33050.0,34850.0,14000.0,14800.0
2017-09-08,11300.0,32100.0,114950.0,22400.0,27750.0,28450.0,32650.0,34350.0,14000.0,14850.0
2017-09-09,11300.0,31950.0,115133.33333333333,22366.666666666668,27750.0,28350.0,32750.0,33950.0,13983.333333333334,14850.0
2017-09-10,11300.0,31800.0,115316.66666666667,22333.333333333332,27750.0,28250.0,32850.0,33550.0,13966.666666666666,14850.0
2017-09-11,11300.0,31650.0,115500.0,22300.0,27750.0,28150.0,32950.0,33150.0,13950.0,14850.0
2017-09-12,11250.0,31600.0,115000.0,22250.0,27750.0,28250.0,32000.0,32600.0,13950.0,14800.0
2017-09-13,11300.0,31650.0,115300.0,22450.0,27650.0,27950.0,32550.0,33100.0,13950.0,14800.0
2017-09-14,11300.0,31400.0,115300.0,22250.0,27850.0,28050.0,32650.0,33000.0,14000.0,14800.0
2017-09-15,11300.0,31450.0,115300.0,22250.0,27750.0,27900.0,32500.0,33000.0,14000.0,14800.0
2017-09-16,11283.333333333334,31533.333333333332,115033.33333333333,22283.333333333332,27600.0,27866.666666666668,32466.666666666668,33183.333333333336,14000.0,14783.333333333334
2017-09-17,11266.666666666666,31616.666666666668,114766.66666666667,22316.666666666668,27450.0,27833.333333333332,32433.333333333332,33366.666666666664,14000.0,14766.666666666666
2017-09-18,11250.0,31700.0,114500.0,22350.0,27300.0,27800.0,32400.0,33550.0,14000.0,14750.0
2017-09-19,11250.0,31600.0,115000.0,22250.0,27200.0,27600.0,32100.0,32700.0,14000.0,14750.0
2017-09-20,11350.0,31550.0,115200.0,22300.0,26950.0,27450.0,32350.0,32350.0,14000.0,14750.0
2017-09-21,10300.0,30100.0,113550.0,21350.0,25100.0,25250.0,22750.0,30750.0,13650.0,14750.0
2017-09-22,11350.0,31700.0,115200.0,22400.0,26900.0,27300.0,31700.0,32150.0,14000.0,14750.0
2017-09-23,11350.0,31683.333333333332,115200.0,22400.0,26733.333333333332,27166.666666666668,31516.666666666668,31966.666666666668,14000.0,14750.0
2017-09-24,11350.0,31666.666666666668,115200.0,22400.0,26566.666666666668,27033.333333333332,31333.333333333332,31783.333333333332,14000.0,14750.0
2017-09-25,11350.0,31650.0,115200.0,22400.0,26400.0,26900.0,31150.0,31600.0,14000.0,14750.0
2017-09-26,11350.0,31500.0,115300.0,22450.0,26300.0,26850.0,31050.0,31350.0,14000.0,14700.0
2017-09-27,11300.0,31500.0,114950.0,22350.0,26100.0,26700.0,30650.0,30900.0,13950.0,14700.0
2017-09-28,11400.0,31200.0,115200.0,22350.0,26000.0,26450.0,30800.0,31050.0,13950.0,14700.0
2017-09-29,11350.0,30500.0,115300.0,22250.0,26000.0,26600.0,31050.0,31200.0,14000.0,14700.0
2017-09-30,11366.666666666666,30400.0,115200.0,22266.666666666668,25766.666666666668,26500.0,31583.333333333332,31416.666666666668,14000.0,14700.0
2017-10-01,11383.333333333334,30300.0,115100.0,22283.333333333332,25533.333333333332,26400.0,32116.666666666668,31633.333333333332,14000.0,14700.0
2017-10-02,11400.0,30200.0,115000.0,22300.0,25300.0,26300.0,32650.0,31850.0,14000.0,14700.0
2017-10-03,11350.0,30050.0,115250.0,22300.0,25250.0,26100.0,33200.0,31950.0,14000.0,14650.0
2017-10-04,11350.0,30000.0,115000.0,22250.0,25000.0,25950.0,33650.0,32000.0,14000.0,14650.0
2017-10-05,11350.0,30050.0,115200.0,22200.0,24950.0,25950.0,33600.0,31800.0,14000.0,14700.0
2017-10-06,11400.0,30000.0,114750.0,22200.0,24700.0,25850.0,33750.0,32200.0,14000.0,14650.0
2017-10-07,11383.333333333334,30066.666666666668,114650.0,22166.666666666668,24500.0,25616.666666666668,33816.666666666664,31866.666666666668,13966.666666666666,14633.333333333334
2017-10-08,11366.666666666666,30133.333333333332,114550.0,22133.333333333332,24300.0,25383.333333333332,33883.333333333336,31533.333333333332,13933.333333333334,14616.666666666666
2017-10-09,11350.0,30200.0,114450.0,22100.0,24100.0,25150.0,33950.0,31200.0,13900.0,14600.0
2017-10-10,11400.0,30100.0,114700.0,22100.0,23900.0,25050.0,34500.0,31150.0,14000.0,14600.0
2017-10-11,11350.0,30350.0,114500.0,22100.0,23750.0,24950.0,34050.0,30800.0,14000.0,14600.0
2017-10-12,11350.0,30150.0,114700.0,22150.0,23500.0,24700.0,34050.0,30500.0,14000.0,14650.0
2017-10-13,11400.0,30350.0,114700.0,22150.0,23600.0,24800.0,33400.0,30500.0,13950.0,14600.0
2017-10-14,11400.0,30366.666666666668,114700.0,22116.666666666668,23566.666666666668,24733.333333333332,33166.666666666664,30433.333333333332,13950.0,14600.0
2017-10-15,11400.0,30383.333333333332,114700.0,22083.333333333332,23533.333333333332,24666.666666666668,32933.333333333336,30366.666666666668,13950.0,14600.0
2017-10-16,11400.0,30400.0,114700.0,22050.0,23500.0,24600.0,32700.0,30300.0,13950.0,14600.0
2017-10-17,11400.0,30350.0,114600.0,22050.0,23350.0,24450.0,32650.0,30150.0,13950.0,14550.0
2017-10-18,11400.0,30400.0,114550.0,22000.0,23150.0,24300.0,32450.0,29850.0,13950.0,14550.0
2017-10-19,11400.0,30400.0,114600.0,22050.0,23200.0,24250.0,32300.0,29950.0,13950.0,14550.0
2017-10-20,11400.0,30300.0,114600.0,22050.0,23200.0,24350.0,32050.0,29850.0,13950.0,14550.0
2017-10-21,11383.333333333334,30200.0,114633.33333333333,21900.0,23083.333333333332,24183.333333333332,31516.666666666668,29650.0,13933.333333333334,14550.0
2017-10-22,11366.666666666666,30100.0,114666.66666666667,21750.0,22966.666666666668,24016.666666666668,30983.333333333332,29450.0,13916.666666666666,14550.0
2017-10-23,11350.0,30000.0,114700.0,21600.0,22850.0,23850.0,30450.0,29250.0,13900.0,14550.0
2017-10-24,11300.0,30000.0,112900.0,21600.0,23150.0,23850.0,30350.0,29050.0,13850.0,14450.0
2017-10-25,11300.0,29950.0,114250.0,21500.0,23250.0,23850.0,30300.0,29300.0,13850.0,14450.0
2017-10-26,11400.0,30250.0,114350.0,21900.0,23600.0,24050.0,30900.0,29950.0,13950.0,14550.0
2017-10-27,11350.0,30100.0,114250.0,21650.0,23350.0,23700.0,29600.0,29250.0,13900.0,14450.0
2017-10-28,11366.666666666666,30233.333333333332,114083.33333333333,21850.0,23466.666666666668,23783.333333333332,29950.0,29300.0,13900.0,14483.333333333334
2017-10-29,11383.333333333334,30366.666666666668,113916.66666666667,22050.0,23583.333333333332,23866.666666666668,30300.0,29350.0,13900.0,14516.666666666666
2017-10-30,11400.0,30500.0,113750.0,22250.0,23700.0,23950.0,30650.0,29400.0,13900.0,14550.0
2017-10-31,11350.0,30150.0,113850.0,21900.0,23800.0,23550.0,30500.0,29050.0,13850.0,14500.0
2017-11-01,11400.0,30350.0,113850.0,22250.0,24500.0,24100.0,31250.0,30000.0,13900.0,14500.0
2017-11-02,11400.0,30550.0,113600.0,22100.0,24400.0,23700.0,30850.0,29350.0,13950.0,14450.0
2017-11-03,11400.0,30300.0,113750.0,22050.0,24400.0,23650.0,30900.0,29200.0,13950.0,14450.0
2017-11-04,11400.0,30350.0,113766.66666666667,22033.333333333332,24616.666666666668,23650.0,31466.666666666668,29533.333333333332,13950.0,14450.0
2017-11-05,11400.0,30400.0,113783.33333333333,22016.666666666668,24833.333333333332,23650.0,32033.333333333332,29866.666666666668,13950.0,14450.0
2017-11-06,11400.0,30450.0,113800.0,22000.0,25050.0,23650.0,32600.0,30200.0,13950.0,14450.0
2017-11-07,11400.0,30550.0,113800.0,22000.0,25300.0,23550.0,32750.0,30500.0,13950.0,14450.0
2017-11-08,11350.0,30250.0,113950.0,21700.0,25050.0,23300.0,32850.0,30000.0,13850.0,14400.0
2017-11-09,11350.0,30200.0,113950.0,21700.0,25150.0,23350.0,33050.0,30100.0,13900.0,14400.0
2017-11-10,11350.0,30500.0,113550.0,21950.0,25650.0,23850.0,32750.0,30550.0,13900.0,14400.0
2017-11-11,11366.666666666666,30583.333333333332,113616.66666666667,21966.666666666668,25766.666666666668,23966.666666666668,33316.666666666664,30850.0,13900.0,14416.666666666666
2017-11-12,11383.333333333334,30666.666666666668,113683.33333333333,21983.333333333332,25883.333333333332,24083.333333333332,33883.333333333336,31150.0,13900.0,14433.333333333334
2017-11-13,11400.0,30750.0,113750.0,22000.0,26000.0,24200.0,34450.0,31450.0,13900.0,14450.0
2017-11-14,11300.0,30400.0,113550.0,21700.0,25700.0,24050.0,34150.0,30550.0,13850.0,14350.0
2017-11-15,11400.0,30900.0,113750.0,22050.0,26050.0,24500.0,34550.0,31650.0,13900.0,14400.0
2017-11-16,11400.0,30850.0,113900.0,22100.0,26150.0,24500.0,34650.0,31800.0,13900.0,14450.0
2017-11-17,11400.0,30950.0,113750.0,22150.0,26250.0,24650.0,34850.0,31750.0,13900.0,14400.0
2017-11-18,11400.0,30966.666666666668,113800.0,22216.666666666668,26300.0,24716.666666666668,35200.0,31833.333333333332,13900.0,14416.666666666666
2017-11-19,11400.0,30983.333333333332,113850.0,22283.333333333332,26350.0,24783.333333333332,35550.0,31916.666666666668,13900.0,14433.333333333334
2017-11-20,11400.0,31000.0,113900.0,22350.0,26400.0,24850.0,35900.0,32000.0,13900.0,14450.0
2017-11-21,11450.0,31100.0,113900.0,22500.0,26600.0,24950.0,35850.0,31700.0,13900.0,14450.0
2017-11-22,11400.0,30850.0,114000.0,22350.0,26200.0,24600.0,36000.0,30900.0,13850.0,14350.0
2017-11-23,11400.0,30900.0,114000.0,22500.0,26100.0,24600.0,35900.0,30800.0,13850.0,14350.0
2017-11-24,11400.0,30900.0,114150.0,22650.0,26000.0,24650.0,35800.0,30900.0,13850.0,14350.0
2017-11-25,11416.666666666666,30966.666666666668,114133.33333333333,22833.333333333332,26066.666666666668,24650.0,36266.666666666664,31066.666666666668,13866.666666666666,14366.666666666666
2017-11-26,11433.333333333334,31033.333333333332,114116.66666666667,23016.666666666668,26133.333333333332,24650.0,36733.333333333336,31233.333333333332,13883.333333333334,14383.333333333334
2017-11-27,11450.0,31100.0,114100.0,23200.0,26200.0,24650.0,37200.0,31400.0,13900.0,14400.0
2017-11-28,11450.0,31200.0,113750.0,23300.0,26450.0,24700.0,36600.0,31500.0,13900.0,14400.0
2017-11-29,11450.0,31000.0,114150.0,23500.0,26450.0,24800.0,36800.0,31550.0,13900.0,14400.0
2017-11-30,11450.0,31300.0,114150.0,23550.0,26350.0,24750.0,37000.0,31600.0,13900.0,14400.0
2017-12-01,10700.0,29350.0,112600.0,25100.0,28050.0,27300.0,39900.0,33300.0,14000.0,14800.0
2017-12-02,10966.666666666666,30100.0,113150.0,24633.333333333332,27500.0,26383.333333333332,39266.666666666664,33316.666666666664,13966.666666666666,14666.666666666666
2017-12-03,11233.333333333334,30850.0,113700.0,24166.666666666668,26950.0,25466.666666666668,38633.333333333336,33333.333333333336,13933.333333333334,14533.333333333334
2017-12-04,11500.0,31600.0,114250.0,23700.0,26400.0,24550.0,38000.0,33350.0,13900.0,14400.0
2017-12-05,11500.0,31850.0,114250.0,23800.0,26400.0,24650.0,38000.0,33650.0,13900.0,14400.0
2017-12-06,11500.0,31900.0,114250.0,23900.0,26350.0,24650.0,37700.0,33050.0,13900.0,14400.0
2017-12-07,11500.0,31850.0,114100.0,24000.0,26450.0,24650.0,37400.0,32800.0,13900.0,14400.0
2017-12-08,11500.0,31850.0,114200.0,24050.0,26600.0,24700.0,37100.0,32650.0,13900.0,14400.0
2017-12-09,11500.0,32000.0,114216.66666666667,24133.333333333332,26550.0,24666.666666666668,36700.0,32583.333333333332,13900.0,14400.0
2017-12-10,11500.0,32150.0,114233.33333333333,24216.666666666668,26500.0,24633.333333333332,36300.0,32516.666666666668,13900.0,14400.0
2017-12-11,11500.0,32300.0,114250.0,24300.0,26450.0,24600.0,35900.0,32450.0,13900.0,14400.0
2017-12-12,11500.0,32600.0,114250.0,24550.0,26400.0,24650.0,35450.0,32650.0,13850.0,14400.0
2017-12-13,11550.0,32600.0,114250.0,24800.0,26400.0,24650.0,35250.0,32500.0,13900.0,14400.0
2017-12-14,11550.0,32800.0,114250.0,24900.0,26450.0,24600.0,35000.0,32650.0,13900.0,14400.0
2017-12-15,11550.0,32900.0,114250.0,25050.0,26500.0,24600.0,34950.0,32850.0,13900.0,14400.0
2017-12-16,11550.0,33016.666666666664,114233.33333333333,25116.666666666668,26450.0,24583.333333333332,35233.333333333336,33566.666666666664,13900.0,14400.0
2017-12-17,11550.0,33133.333333333336,114216.66666666667,25183.333333333332,26400.0,24566.666666666668,35516.666666666664,34283.333333333336,13900.0,14400.0
2017-12-18,11550.0,33250.0,114200.0,25250.0,26350.0,24550.0,35800.0,35000.0,13900.0,14400.0
2017-12-19,11600.0,33800.0,114100.0,25550.0,26350.0,24550.0,35050.0,35250.0,13950.0,14400.0
2017-12-20,11600.0,34000.0,114250.0,25700.0,26400.0,24550.0,35150.0,36350.0,13950.0,14400.0
2017-12-21,11600.0,34150.0,114350.0,26000.0,26500.0,24550.0,35450.0,37700.0,13950.0,14400.0
2017-12-22,11600.0,34150.0,114900.0,26150.0,26600.0,24600.0,35950.0,39750.0,13900.0,14300.0
2017-12-23,11316.666666666666,34400.0,115216.66666666667,25833.333333333332,25066.666666666668,24116.666666666668,35666.666666666664,37983.333333333336,13616.666666666666,14050.0
2017-12-24,11033.333333333334,34650.0,115533.33333333333,25516.666666666668,23533.333333333332,23633.333333333332,35383.333333333336,36216.666666666664,13333.333333333334,13800.0
2017-12-25,10750.0,34900.0,115850.0,25200.0,22000.0,23150.0,35100.0,34450.0,13050.0,13550.0
2017-12-26,11250.0,33250.0,116900.0,26150.0,25350.0,23900.0,36850.0,37450.0,13500.0,14300.0
2017-12-27,11600.0,34650.0,114150.0,26700.0,26550.0,24400.0,37400.0,42750.0,13950.0,14350.0
2017-12-28,11650.0,34700.0,114050.0,26900.0,26550.0,24350.0,37600.0,43400.0,13900.0,14300.0
2017-12-29,11700.0,34850.0,114250.0,26900.0,26500.0,24300.0,37500.0,43000.0,13950.0,14350.0
2017-12-30,11483.333333333334,35116.666666666664,114783.33333333333,26333.333333333332,24966.666666666668,23666.666666666668,37366.666666666664,42566.666666666664,13633.333333333334,14083.333333333334
2017-12-31,11266.666666666666,35383.333333333336,115316.66666666667,25766.666666666668,23433.333333333332,23033.333333333332,37233.333333333336,42133.333333333336,13316.666666666666,13816.666666666666
2018-01-01,11050.0,35650.0,115850.0,25200.0,21900.0,22400.0,37100.0,41700.0,13000.0,13550.0
2018-01-02,11750.0,34800.0,114200.0,26650.0,26300.0,24100.0,38700.0,44350.0,13800.0,14250.0
2018-01-03,11750.0,34750.0,113650.0,26450.0,26300.0,24150.0,38950.0,45000.0,13850.0,14250.0
2018-01-04,11750.0,34400.0,114250.0,26200.0,26300.0,24250.0,38600.0,45550.0,13850.0,14250.0
2018-01-05,11800.0,34550.0,114250.0,26100.0,26350.0,24150.0,38450.0,45500.0,13800.0,14250.0
2018-01-06,11800.0,34600.0,114216.66666666667,26066.666666666668,26416.666666666668,24183.333333333332,38466.666666666664,45216.666666666664,13800.0,14250.0
2018-01-07,11800.0,34650.0,114183.33333333333,26033.333333333332,26483.333333333332,24216.666666666668,38483.333333333336,44933.333333333336,13800.0,14250.0
2018-01-08,11800.0,34700.0,114150.0,26000.0,26550.0,24250.0,38500.0,44650.0,13800.0,14250.0
2018-01-09,11850.0,34950.0,114150.0,25900.0,26400.0,24200.0,38800.0,44650.0,13800.0,14200.0
2018-01-10,11850.0,35150.0,113550.0,25800.0,26400.0,24200.0,38750.0,44250.0,13800.0,14200.0
2018-01-11,11900.0,35150.0,113900.0,25750.0,26300.0,24250.0,39000.0,44250.0,13800.0,14250.0
2018-01-12,11950.0,35100.0,113500.0,25700.0,26250.0,24300.0,39150.0,44200.0,13800.0,14200.0
2018-01-13,11950.0,34966.666666666664,113600.0,25583.333333333332,26216.666666666668,24266.666666666668,39483.333333333336,44216.666666666664,13800.0,14200.0
2018-01-14,11950.0,34833.333333333336,113700.0,25466.666666666668,26183.333333333332,24233.333333333332,39816.666666666664,44233.333333333336,13800.0,14200.0
2018-01-15,11950.0,34700.0,113800.0,25350.0,26150.0,24200.0,40150.0,44250.0,13800.0,14200.0
2018-01-16,12000.0,34600.0,114150.0,25200.0,26000.0,24150.0,39750.0,43800.0,13800.0,14200.0
2018-01-17,12000.0,34400.0,114150.0,25100.0,25800.0,24200.0,39700.0,43600.0,13800.0,14150.0
2018-01-18,12050.0,34250.0,114150.0,25000.0,25700.0,24100.0,39550.0,43400.0,13800.0,14150.0
2018-01-19,12050.0,34600.0,114150.0,24850.0,25850.0,24150.0,39700.0,43150.0,13800.0,14150.0
2018-01-20,12050.0,34366.666666666664,114133.33333333333,24816.666666666668,25750.0,24166.666666666668,39800.0,43083.333333333336,13800.0,14150.0
2018-01-21,12050.0,34133.333333333336,114116.66666666667,24783.333333333332,25650.0,24183.333333333332,39900.0,43016.666666666664,13800.0,14150.0
2018-01-22,12050.0,33900.0,114100.0,24750.0,25550.0,24200.0,40000.0,42950.0,13800.0,14150.0
2018-01-23,12050.0,33750.0,114150.0,24800.0,25400.0,24100.0,40150.0,43000.0,13800.0,14150.0
2018-01-24,12100.0,33600.0,114150.0,24600.0,25200.0,24150.0,40200.0,42050.0,13800.0,14150.0
2018-01-25,12100.0,33350.0,114400.0,24550.0,25200.0,24100.0,40300.0,41850.0,13800.0,14150.0
2018-01-26,12100.0,33000.0,114200.0,24450.0,25150.0,24100.0,40500.0,41500.0,13800.0,14150.0
2018-01-27,12100.0,32783.333333333336,114183.33333333333,24366.666666666668,25133.333333333332,24033.333333333332,40566.666666666664,41483.333333333336,13800.0,14150.0
2018-01-28,12100.0,32566.666666666668,114166.66666666667,24283.333333333332,25116.666666666668,23966.666666666668,40633.333333333336,41466.666666666664,13800.0,14150.0
2018-01-29,12100.0,32350.0,114150.0,24200.0,25100.0,23900.0,40700.0,41450.0,13800.0,14150.0
2018-01-30,12100.0,32300.0,114100.0,24150.0,25100.0,23950.0,40700.0,41200.0,13800.0,14150.0
2018-01-31,12100.0,32100.0,114150.0,24000.0,25050.0,23950.0,40450.0,41150.0,13800.0,14100.0
2018-02-01,12100.0,32300.0,113750.0,23900.0,24950.0,24000.0,40200.0,40600.0,13750.0,14100.0
2018-02-02,12100.0,32400.0,114000.0,23850.0,25050.0,24050.0,39800.0,40300.0,13750.0,14100.0
2018-02-03,12100.0,32383.333333333332,114000.0,23800.0,25083.333333333332,24150.0,39566.666666666664,40283.333333333336,13733.333333333334,14083.333333333334
2018-02-04,12100.0,32366.666666666668,114000.0,23750.0,25116.666666666668,24250.0,39333.333333333336,40266.666666666664,13716.666666666666,14066.666666666666
2018-02-05,12100.0,32350.0,114000.0,23700.0,25150.0,24350.0,39100.0,40250.0,13700.0,14050.0
2018-02-06,12100.0,32500.0,114000.0,23550.0,25050.0,24500.0,39050.0,40300.0,13750.0,14100.0
2018-02-07,12100.0,32500.0,114000.0,23550.0,25050.0,25000.0,39150.0,40550.0,13750.0,14100.0
2018-02-08,12100.0,32400.0,113950.0,23550.0,25200.0,25500.0,39300.0,40550.0,13750.0,14100.0
2018-02-09,12100.0,32500.0,113950.0,23400.0,25450.0,26150.0,39900.0,40650.0,13750.0,14100.0
2018-02-10,12100.0,32483.333333333332,113966.66666666667,23416.666666666668,25500.0,26816.666666666668,40216.666666666664,40966.666666666664,13750.0,14100.0
2018-02-11,12100.0,32466.666666666668,113983.33333333333,23433.333333333332,25550.0,27483.333333333332,40533.333333333336,41283.333333333336,13750.0,14100.0
2018-02-12,12100.0,32450.0,114000.0,23450.0,25600.0,28150.0,40850.0,41600.0,13750.0,14100.0
2018-02-13,12100.0,32500.0,113700.0,23500.0,25700.0,28600.0,41100.0,42250.0,13750.0,14100.0
2018-02-14,12100.0,32400.0,113700.0,23350.0,25750.0,29050.0,41350.0,42600.0,13750.0,14100.0
2018-02-15,12100.0,32350.0,113750.0,23450.0,25750.0,29400.0,41400.0,43000.0,13750.0,14100.0
2018-02-16,12350.0,28950.0,116100.0,21450.0,23650.0,31850.0,39500.0,48000.0,13100.0,13250.0
2018-02-17,12250.0,29933.333333333332,115350.0,22083.333333333332,24416.666666666668,31316.666666666668,40333.333333333336,46733.333333333336,13316.666666666666,13533.333333333334
2018-02-18,12150.0,30916.666666666668,114600.0,22716.666666666668,25183.333333333332,30783.333333333332,41166.666666666664,45466.666666666664,13533.333333333334,13816.666666666666
2018-02-19,12050.0,31900.0,113850.0,23350.0,25950.0,30250.0,42000.0,44200.0,13750.0,14100.0
2018-02-20,12050.0,31850.0,113800.0,23300.0,26000.0,30400.0,41800.0,44400.0,13750.0,14100.0
2018-02-21,12050.0,31700.0,113650.0,23200.0,26150.0,30600.0,41500.0,45300.0,13750.0,14100.0
2018-02-22,12050.0,31550.0,113650.0,23200.0,26250.0,30800.0,41050.0,45400.0,13750.0,14100.0
2018-02-23,12050.0,31450.0,113600.0,23150.0,26250.0,31000.0,40850.0,45200.0,13750.0,14100.0
2018-02-24,12050.0,31416.666666666668,113633.33333333333,23150.0,26300.0,31066.666666666668,40650.0,45250.0,13750.0,14100.0
2018-02-25,12050.0,31383.333333333332,113666.66666666667,23150.0,26350.0,31133.333333333332,40450.0,45300.0,13750.0,14100.0
2018-02-26,12050.0,31350.0,113700.0,23150.0,26400.0,31200.0,40250.0,45350.0,13750.0,14100.0
2018-02-27,12000.0,31300.0,113850.0,23100.0,26450.0,31250.0,40350.0,45800.0,13750.0,14100.0
2018-02-28,12000.0,31150.0,113850.0,23050.0,26450.0,31250.0,40200.0,45850.0,13750.0,14100.0
2018-03-01,12000.0,31100.0,113950.0,23100.0,26400.0,31300.0,40250.0,45850.0,13750.0,14100.0
2018-03-02,12000.0,31150.0,114050.0,23050.0,26500.0,31350.0,40550.0,45550.0,13750.0,14050.0
2018-03-03,12000.0,31116.666666666668,114050.0,23050.0,26566.666666666668,31416.666666666668,40966.666666666664,46000.0,13750.0,14050.0
2018-03-04,12000.0,31083.333333333332,114050.0,23050.0,26633.333333333332,31483.333333333332,41383.333333333336,46450.0,13750.0,14050.0
2018-03-05,12000.0,31050.0,114050.0,23050.0,26700.0,31550.0,41800.0,46900.0,13750.0,14050.0
2018-03-06,11950.0,31150.0,114050.0,23000.0,26700.0,31450.0,41800.0,47700.0,13750.0,14050.0
2018-03-07,12000.0,31200.0,114050.0,22950.0,26750.0,31600.0,41850.0,47550.0,13750.0,14050.0
2018-03-08,11950.0,31300.0,114050.0,22900.0,26900.0,31600.0,42050.0,47400.0,13750.0,14050.0
2018-03-09,11950.0,31400.0,114000.0,22850.0,27050.0,31700.0,42450.0,48200.0,13750.0,14000.0
2018-03-10,11950.0,31483.333333333332,114050.0,22816.666666666668,27166.666666666668,31750.0,43050.0,48800.0,13750.0,14000.0
2018-03-11,11950.0,31566.666666666668,114100.0,22783.333333333332,27283.333333333332,31800.0,43650.0,49400.0,13750.0,14000.0
2018-03-12,11950.0,31650.0,114150.0,22750.0,27400.0,31850.0,44250.0,50000.0,13750.0,14000.0
2018-03-13,11950.0,31800.0,114150.0,22700.0,27400.0,31900.0,44700.0,49700.0,13750.0,14000.0
2018-03-14,11950.0,31800.0,114150.0,22650.0,27700.0,32050.0,44550.0,49350.0,13750.0,14000.0
2018-03-15,11950.0,31900.0,114050.0,22650.0,27750.0,32200.0,44850.0,48900.0,13750.0,14000.0
2018-03-16,11900.0,31800.0,114200.0,22500.0,27550.0,32400.0,45800.0,48850.0,13650.0,14000.0
2018-03-17,11916.666666666666,31883.333333333332,114116.66666666667,22516.666666666668,27766.666666666668,32783.333333333336,45400.0,48383.333333333336,13683.333333333334,14000.0
2018-03-18,11933.333333333334,31966.666666666668,114033.33333333333,22533.333333333332,27983.333333333332,33166.666666666664,45000.0,47916.666666666664,13716.666666666666,14000.0
2018-03-19,11950.0,32050.0,113950.0,22550.0,28200.0,33550.0,44600.0,47450.0,13750.0,14000.0
2018-03-20,11950.0,32000.0,113950.0,22550.0,28400.0,33750.0,44350.0,46950.0,13750.0,14000.0
2018-03-21,11950.0,32000.0,114150.0,22500.0,28400.0,34200.0,44300.0,46750.0,13700.0,14000.0
2018-03-22,11950.0,32150.0,113850.0,22550.0,28650.0,34450.0,44250.0,46250.0,13750.0,14000.0
2018-03-23,11950.0,32200.0,114000.0,22500.0,28700.0,34900.0,43700.0,46000.0,13750.0,14000.0
2018-03-24,11933.333333333334,32266.666666666668,114016.66666666667,22500.0,29050.0,35166.666666666664,43750.0,45700.0,13733.333333333334,14000.0
2018-03-25,11916.666666666666,32333.333333333332,114033.33333333333,22500.0,29400.0,35433.333333333336,43800.0,45400.0,13716.666666666666,14000.0
2018-03-26,11900.0,32400.0,114050.0,22500.0,29750.0,35700.0,43850.0,45100.0,13700.0,14000.0
2018-03-27,11900.0,32400.0,114050.0,22450.0,30000.0,35700.0,43800.0,45150.0,13750.0,14000.0
2018-03-28,11850.0,32600.0,113800.0,22500.0,30800.0,36050.0,43300.0,44400.0,13750.0,14050.0
2018-03-29,11900.0,32500.0,113950.0,22400.0,31100.0,35750.0,43200.0,45050.0,13700.0,14000.0
2018-03-30,12150.0,29050.0,115450.0,21450.0,28950.0,40650.0,43100.0,45650.0,12950.0,13200.0
2018-03-31,12066.666666666666,30250.0,115000.0,21866.666666666668,30350.0,38933.333333333336,43200.0,45300.0,13200.0,13466.666666666666
2018-04-01,11983.333333333334,31450.0,114550.0,22283.333333333332,31750.0,37216.666666666664,43300.0,44950.0,13450.0,13733.333333333334
2018-04-02,11900.0,32650.0,114100.0,22700.0,33150.0,35500.0,43400.0,44600.0,13700.0,14000.0
2018-04-03,11900.0,32650.0,114050.0,22500.0,33700.0,35600.0,43700.0,44750.0,13700.0,14000.0
2018-04-04,11900.0,32750.0,114200.0,22550.0,33750.0,35250.0,43700.0,44800.0,13700.0,13950.0
2018-04-05,11850.0,32650.0,114200.0,22450.0,34400.0,35350.0,44050.0,44600.0,13700.0,14000.0
2018-04-06,11850.0,32650.0,114150.0,22400.0,34950.0,35100.0,44000.0,44500.0,13700.0,14000.0
2018-04-07,11850.0,32750.0,114133.33333333333,22533.333333333332,35233.333333333336,35116.666666666664,44100.0,44566.666666666664,13716.666666666666,14016.666666666666
2018-04-08,11850.0,32850.0,114116.66666666667,22666.666666666668,35516.666666666664,35133.333333333336,44200.0,44633.333333333336,13733.333333333334,14033.333333333334
2018-04-09,11850.0,32950.0,114100.0,22800.0,35800.0,35150.0,44300.0,44700.0,13750.0,14050.0
2018-04-10,11850.0,32900.0,114250.0,22900.0,36150.0,35050.0,44400.0,44950.0,13700.0,14000.0
2018-04-11,11850.0,32750.0,114250.0,23000.0,36700.0,35350.0,44450.0,44650.0,13700.0,14000.0
2018-04-12,11850.0,32800.0,114250.0,23100.0,37050.0,35450.0,44550.0,44500.0,13700.0,14000.0
2018-04-13,11900.0,33150.0,114300.0,23300.0,37600.0,35800.0,44250.0,44600.0,13700.0,14000.0
2018-04-14,11866.666666666666,33183.333333333336,114266.66666666667,23283.333333333332,37583.333333333336,35583.333333333336,44016.666666666664,43900.0,13700.0,14000.0
2018-04-15,11833.333333333334,33216.666666666664,114233.33333333333,23266.666666666668,37566.666666666664,35366.666666666664,43783.333333333336,43200.0,13700.0,14000.0
2018-04-16,11800.0,33250.0,114200.0,23250.0,37550.0,35150.0,43550.0,42500.0,13700.0,14000.0
2018-04-17,11800.0,33350.0,114200.0,23450.0,37550.0,34950.0,43100.0,42000.0,13700.0,14000.0
2018-04-18,11800.0,33500.0,114200.0,23550.0,37550.0,34750.0,42300.0,41450.0,13700.0,14000.0
2018-04-19,11800.0,33550.0,114200.0,23600.0,37800.0,34750.0,41900.0,40900.0,13700.0,14000.0
2018-04-20,11800.0,33550.0,114350.0,23600.0,37900.0,34800.0,41350.0,40500.0,13700.0,13950.0
2018-04-21,11800.0,33700.0,114300.0,23633.333333333332,37816.666666666664,34700.0,40816.666666666664,39833.333333333336,13700.0,13966.666666666666
2018-04-22,11800.0,33850.0,114250.0,23666.666666666668,37733.333333333336,34600.0,40283.333333333336,39166.666666666664,13700.0,13983.333333333334
2018-04-23,11800.0,34000.0,114200.0,23700.0,37650.0,34500.0,39750.0,38500.0,13700.0,14000.0
2018-04-24,11750.0,34100.0,114200.0,23750.0,37750.0,34500.0,39650.0,38100.0,13700.0,14000.0
2018-04-25,11750.0,34000.0,114200.0,23750.0,37550.0,34250.0,39550.0,37700.0,13700.0,13950.0
2018-04-26,11750.0,34050.0,114200.0,23800.0,37500.0,34000.0,39200.0,37300.0,13750.0,13950.0
2018-04-27,11750.0,34050.0,114200.0,23750.0,37400.0,33650.0,39350.0,36700.0,13750.0,13950.0
2018-04-28,11750.0,34133.333333333336,114233.33333333333,23800.0,37300.0,33300.0,39433.333333333336,36433.333333333336,13733.333333333334,13950.0
2018-04-29,11750.0,34216.666666666664,114266.66666666667,23850.0,37200.0,32950.0,39516.666666666664,36166.666666666664,13716.666666666666,13950.0
2018-04-30,11750.0,34300.0,114300.0,23900.0,37100.0,32600.0,39600.0,35900.0,13700.0,13950.0
2018-05-01,10700.0,36650.0,108150.0,31850.0,45500.0,34350.0,41450.0,39600.0,13750.0,15350.0
2018-05-02,11750.0,34450.0,114200.0,24050.0,36750.0,32000.0,39550.0,35500.0,13750.0,14000.0
2018-05-03,11750.0,34400.0,114200.0,24150.0,36600.0,31500.0,39450.0,35300.0,13750.0,13950.0
2018-05-04,11750.0,34550.0,114200.0,24250.0,36550.0,31050.0,39300.0,35050.0,13700.0,13950.0
2018-05-05,11750.0,34633.333333333336,114133.33333333333,24383.333333333332,36600.0,30750.0,39366.666666666664,34900.0,13700.0,13950.0
2018-05-06,11750.0,34716.666666666664,114066.66666666667,24516.666666666668,36650.0,30450.0,39433.333333333336,34750.0,13700.0,13950.0
2018-05-07,11750.0,34800.0,114000.0,24650.0,36700.0,30150.0,39500.0,34600.0,13700.0,13950.0
2018-05-08,11750.0,35050.0,114450.0,24750.0,36850.0,29950.0,39200.0,34400.0,13700.0,13950.0
2018-05-09,11750.0,35350.0,114500.0,24900.0,36800.0,30050.0,39000.0,34600.0,13700.0,13950.0
2018-05-10,10800.0,37200.0,108150.0,33050.0,46350.0,33950.0,41850.0,31150.0,13750.0,15450.0
2018-05-11,11700.0,35750.0,114550.0,25250.0,36600.0,30000.0,39450.0,34700.0,13700.0,13950.0
2018-05-12,11716.666666666666,36033.333333333336,114716.66666666667,25366.666666666668,36533.333333333336,29800.0,39900.0,34766.666666666664,13700.0,13950.0
2018-05-13,11733.333333333334,36316.666666666664,114883.33333333333,25483.333333333332,36466.666666666664,29600.0,40350.0,34833.333333333336,13700.0,13950.0
2018-05-14,11750.0,36600.0,115050.0,25600.0,36400.0,29400.0,40800.0,34900.0,13700.0,13950.0
2018-05-15,11700.0,36750.0,115950.0,25500.0,35850.0,28800.0,40800.0,34750.0,13650.0,13950.0
2018-05-16,11750.0,37050.0,116800.0,25750.0,36200.0,29300.0,40450.0,35050.0,13650.0,13900.0
2018-05-17,11750.0,37000.0,116500.0,25800.0,36250.0,29300.0,41000.0,35200.0,13700.0,13950.0
2018-05-18,11700.0,37000.0,116000.0,25850.0,36450.0,29450.0,41550.0,36700.0,13700.0,13950.0
2018-05-19,11700.0,36866.666666666664,115900.0,25816.666666666668,36416.666666666664,29300.0,41083.333333333336,36816.666666666664,13700.0,13950.0
2018-05-20,11700.0,36733.333333333336,115800.0,25783.333333333332,36383.333333333336,29150.0,40616.666666666664,36933.333333333336,13700.0,13950.0
2018-05-21,11700.0,36600.0,115700.0,25750.0,36350.0,29000.0,40150.0,37050.0,13700.0,13950.0
2018-05-22,11700.0,36500.0,115300.0,25700.0,36250.0,28700.0,40050.0,36300.0,13700.0,13950.0
2018-05-23,11700.0,36100.0,115150.0,25650.0,36250.0,28600.0,39400.0,35650.0,13700.0,13950.0
2018-05-24,11700.0,35900.0,115250.0,25600.0,36050.0,28400.0,38050.0,35000.0,13700.0,13900.0
2018-05-25,11700.0,35700.0,115350.0,25700.0,36300.0,28600.0,38250.0,35250.0,13700.0,13950.0
2018-05-26,11700.0,35650.0,115283.33333333333,25700.0,36216.666666666664,28550.0,37750.0,35233.333333333336,13700.0,13950.0
2018-05-27,11700.0,35600.0,115216.66666666667,25700.0,36133.333333333336,28500.0,37250.0,35216.666666666664,13700.0,13950.0
2018-05-28,11700.0,35550.0,115150.0,25700.0,36050.0,28450.0,36750.0,35200.0,13700.0,13950.0
2018-05-29,10850.0,38200.0,113150.0,31200.0,47900.0,34000.0,48950.0,33050.0,13750.0,15350.0
2018-05-30,11700.0,35250.0,115650.0,25700.0,36300.0,28800.0,35850.0,35700.0,13700.0,14000.0
2018-05-31,11700.0,35100.0,115450.0,25500.0,36050.0,28500.0,34950.0,35400.0,13700.0,13950.0
2018-06-01,11700.0,35100.0,115525.0,25437.5,36000.0,28462.5,34837.5,35625.0,13700.0,13937.5
2018-06-02,11700.0,35100.0,115600.0,25375.0,35950.0,28425.0,34725.0,35850.0,13700.0,13925.0
2018-06-03,11700.0,35100.0,115675.0,25312.5,35900.0,28387.5,34612.5,36075.0,13700.0,13912.5
2018-06-04,11700.0,35100.0,115750.0,25250.0,35850.0,28350.0,34500.0,36300.0,13700.0,13900.0
2018-06-05,11700.0,35100.0,116000.0,25200.0,35700.0,28100.0,34350.0,36500.0,13700.0,13900.0
2018-06-06,11700.0,35350.0,115850.0,25250.0,35700.0,28200.0,35300.0,37350.0,13700.0,13950.0
2018-06-07,11700.0,35400.0,115750.0,25150.0,35700.0,28200.0,35300.0,37950.0,13700.0,13900.0
2018-06-08,11700.0,35550.0,115950.0,25150.0,35650.0,28350.0,35750.0,38700.0,13700.0,13900.0
2018-06-09,11700.0,36016.666666666664,116900.0,25150.0,35733.333333333336,28483.333333333332,38333.333333333336,40016.666666666664,13700.0,13900.0
2018-06-10,11700.0,36483.333333333336,117850.0,25150.0,35816.666666666664,28616.666666666668,40916.666666666664,41333.333333333336,13700.0,13900.0
2018-06-11,11700.0,36950.0,118800.0,25150.0,35900.0,28750.0,43500.0,42650.0,13700.0,13900.0
2018-06-12,11700.0,38050.0,120200.0,25300.0,36150.0,29000.0,46200.0,43800.0,13700.0,13900.0
2018-06-13,11650.0,38850.0,122250.0,24950.0,35950.0,28900.0,47850.0,45400.0,13600.0,13900.0
2018-06-14,11660.0,38980.0,121500.0,25020.0,35990.0,29050.0,47600.0,45690.0,13620.0,13900.0
2018-06-15,11670.0,39110.0,120750.0,25090.0,36030.0,29200.0,47350.0,45980.0,13640.0,13900.0
2018-06-16,11680.0,39240.0,120000.0,25160.0,36070.0,29350.0,47100.0,46270.0,13660.0,13900.0
2018-06-17,11690.0,39370.0,119250.0,25230.0,36110.0,29500.0,46850.0,46560.0,13680.0,13900.0
2018-06-18,11700.0,39500.0,118500.0,25300.0,36150.0,29650.0,46600.0,46850.0,13700.0,13900.0
2018-06-19,11700.0,39300.0,118100.0,25300.0,35850.0,29650.0,44800.0,46950.0,13700.0,13900.0
2018-06-20,11700.0,39150.0,117400.0,25350.0,35750.0,29450.0,43000.0,45600.0,13750.0,13950.0
2018-06-21,11700.0,38850.0,117500.0,25100.0,35650.0,29300.0,40850.0,44550.0,13700.0,13900.0
2018-06-22,11700.0,38700.0,117000.0,25100.0,35400.0,29100.0,38850.0,42750.0,13700.0,13900.0
2018-06-23,11700.0,38516.666666666664,116783.33333333333,25066.666666666668,35150.0,29083.333333333332,38083.333333333336,41950.0,13700.0,13900.0
2018-06-24,11700.0,38333.333333333336,116566.66666666667,25033.333333333332,34900.0,29066.666666666668,37316.666666666664,41150.0,13700.0,13900.0
2018-06-25,11700.0,38150.0,116350.0,25000.0,34650.0,29050.0,36550.0,40350.0,13700.0,13900.0
2018-06-26,11700.0,37850.0,116250.0,25000.0,34450.0,29150.0,35850.0,40350.0,13700.0,13900.0
2018-06-27,11700.0,38350.0,116125.0,25000.0,34275.0,29100.0,35375.0,40250.0,13700.0,13900.0
2018-06-28,11700.0,38850.0,116000.0,25000.0,34100.0,29050.0,34900.0,40150.0,13700.0,13900.0
2018-06-29,11700.0,37400.0,115950.0,25100.0,34000.0,29050.0,34500.0,41450.0,13650.0,13900.0
2018-06-30,11700.0,37283.333333333336,115866.66666666667,25233.333333333332,33766.666666666664,29016.666666666668,34816.666666666664,42533.333333333336,13650.0,13900.0
2018-07-01,11700.0,37166.666666666664,115783.33333333333,25366.666666666668,33533.333333333336,28983.333333333332,35133.333333333336,43616.666666666664,13650.0,13900.0
2018-07-02,11700.0,37050.0,115700.0,25500.0,33300.0,28950.0,35450.0,44700.0,13650.0,13900.0
2018-07-03,11700.0,37050.0,115450.0,25600.0,33050.0,28900.0,35450.0,45250.0,13650.0,13850.0
2018-07-04,11700.0,37100.0,115400.0,25700.0,32950.0,28850.0,35550.0,45650.0,13650.0,13850.0
2018-07-05,11700.0,37050.0,115400.0,25850.0,32750.0,28750.0,35550.0,47000.0,13650.0,13850.0
2018-07-06,11650.0,37000.0,115150.0,25900.0,32350.0,28600.0,34850.0,47250.0,13600.0,13800.0
2018-07-07,11650.0,37283.333333333336,115283.33333333333,26150.0,32266.666666666668,28650.0,36000.0,47783.333333333336,13616.666666666666,13816.666666666666
2018-07-08,11650.0,37566.666666666664,115416.66666666667,26400.0,32183.333333333332,28700.0,37150.0,48316.666666666664,13633.333333333334,13833.333333333334
2018-07-09,11650.0,37850.0,115550.0,26650.0,32100.0,28750.0,38300.0,48850.0,13650.0,13850.0
2018-07-10,11700.0,38100.0,115500.0,26750.0,31850.0,28750.0,38450.0,49100.0,13600.0,13850.0
2018-07-11,11650.0,38250.0,115100.0,26900.0,31750.0,28950.0,38400.0,48800.0,13600.0,13800.0
2018-07-12,11700.0,38450.0,115300.0,27050.0,31300.0,28950.0,39250.0,49650.0,13600.0,13850.0
2018-07-13,11700.0,38500.0,115250.0,27200.0,31250.0,28850.0,39250.0,49900.0,13600.0,13850.0
2018-07-14,11700.0,38683.333333333336,115283.33333333333,27200.0,31066.666666666668,28733.333333333332,39416.666666666664,50350.0,13600.0,13850.0
2018-07-15,11700.0,38866.666666666664,115316.66666666667,27200.0,30883.333333333332,28616.666666666668,39583.333333333336,50800.0,13600.0,13850.0
2018-07-16,11700.0,39050.0,115350.0,27200.0,30700.0,28500.0,39750.0,51250.0,13600.0,13850.0
2018-07-17,11700.0,39100.0,115400.0,27150.0,30250.0,28350.0,39800.0,51100.0,13600.0,13800.0
2018-07-18,11700.0,39050.0,115200.0,27350.0,29850.0,28200.0,39700.0,51400.0,13600.0,13850.0
2018-07-19,11700.0,39500.0,115500.0,27350.0,29500.0,28100.0,39350.0,51400.0,13600.0,13800.0
2018-07-20,11700.0,39700.0,115650.0,27200.0,29100.0,28000.0,39900.0,51750.0,13600.0,13800.0
2018-07-21,11700.0,40200.0,115633.33333333333,27183.333333333332,28933.333333333332,27883.333333333332,39750.0,51366.666666666664,13600.0,13800.0
2018-07-22,11700.0,40700.0,115616.66666666667,27166.666666666668,28766.666666666668,27766.666666666668,39600.0,50983.333333333336,13600.0,13800.0
2018-07-23,11700.0,41200.0,115600.0,27150.0,28600.0,27650.0,39450.0,50600.0,13600.0,13800.0
2018-07-24,11700.0,41300.0,115600.0,27050.0,28700.0,27700.0,39100.0,49650.0,13600.0,13800.0
2018-07-25,11700.0,41150.0,115500.0,26950.0,28400.0,27400.0,37900.0,48900.0,13600.0,13800.0
2018-07-26,11700.0,41300.0,115550.0,26900.0,28250.0,27300.0,37300.0,47950.0,13600.0,13800.0
2018-07-27,11700.0,40850.0,115650.0,26800.0,28050.0,27350.0,36800.0,47350.0,13550.0,13800.0
2018-07-28,11683.333333333334,40533.333333333336,115533.33333333333,26650.0,27983.333333333332,27250.0,36450.0,46633.333333333336,13550.0,13783.333333333334
2018-07-29,11666.666666666666,40216.666666666664,115416.66666666667,26500.0,27916.666666666668,27150.0,36100.0,45916.666666666664,13550.0,13766.666666666666
2018-07-30,11650.0,39900.0,115300.0,26350.0,27850.0,27050.0,35750.0,45200.0,13550.0,13750.0
2018-07-31,11700.0,39750.0,115500.0,26400.0,27700.0,26950.0,36500.0,45050.0,13550.0,13800.0
2018-08-01,11700.0,39200.0,115500.0,26250.0,27700.0,27000.0,36450.0,44700.0,13600.0,13800.0
2018-08-02,11700.0,39050.0,115500.0,26100.0,27750.0,27000.0,36400.0,44250.0,13550.0,13750.0
2018-08-03,11700.0,38850.0,115500.0,26000.0,27800.0,26950.0,36800.0,44150.0,13550.0,13750.0
2018-08-04,11683.333333333334,38666.666666666664,115450.0,25900.0,27733.333333333332,26966.666666666668,36916.666666666664,43500.0,13550.0,13766.666666666666
2018-08-05,11666.666666666666,38483.333333333336,115400.0,25800.0,27666.666666666668,26983.333333333332,37033.333333333336,42850.0,13550.0,13783.333333333334
2018-08-06,11650.0,38300.0,115350.0,25700.0,27600.0,27000.0,37150.0,42200.0,13550.0,13800.0
2018-08-07,11650.0,37850.0,115600.0,25500.0,27550.0,26800.0,37200.0,41950.0,13500.0,13750.0
2018-08-08,11650.0,37700.0,115350.0,25400.0,27500.0,26550.0,36950.0,41800.0,13550.0,13750.0
2018-08-09,11650.0,37700.0,115700.0,25300.0,27500.0,26750.0,37050.0,41700.0,13550.0,13750.0
2018-08-10,11650.0,37550.0,115700.0,25200.0,27350.0,26550.0,36850.0,41600.0,13550.0,13750.0
2018-08-11,11650.0,37400.0,115733.33333333333,25133.333333333332,27283.333333333332,26600.0,36500.0,41566.666666666664,13550.0,13750.0
2018-08-12,11650.0,37250.0,115766.66666666667,25066.666666666668,27216.666666666668,26650.0,36150.0,41533.333333333336,13550.0,13750.0
2018-08-13,11650.0,37100.0,115800.0,25000.0,27150.0,26700.0,35800.0,41500.0,13550.0,13750.0
2018-08-14,11600.0,36950.0,115500.0,25050.0,27000.0,26450.0,35700.0,41400.0,13550.0,13750.0
2018-08-15,11600.0,36800.0,115500.0,25100.0,27050.0,26500.0,35350.0,41050.0,13550.0,13750.0
2018-08-16,11650.0,36550.0,115900.0,25000.0,26900.0,26500.0,34800.0,40850.0,13500.0,13700.0
2018-08-17,11100.0,34600.0,113950.0,24450.0,24250.0,26650.0,33950.0,32950.0,13350.0,14050.0
2018-08-18,11283.333333333334,35583.333333333336,114866.66666666667,24700.0,25233.333333333332,26700.0,35150.0,35850.0,13416.666666666666,13933.333333333334
2018-08-19,11466.666666666666,36566.666666666664,115783.33333333333,24950.0,26216.666666666668,26750.0,36350.0,38750.0,13483.333333333334,13816.666666666666
2018-08-20,11650.0,37550.0,116700.0,25200.0,27200.0,26800.0,37550.0,41650.0,13550.0,13700.0
2018-08-21,11650.0,38400.0,119150.0,25200.0,27350.0,27000.0,38850.0,42550.0,13550.0,13700.0
2018-08-22,11250.0,36700.0,125350.0,22700.0,23250.0,24700.0,27000.0,40250.0,12500.0,13100.0
2018-08-23,11600.0,38050.0,117350.0,25250.0,26900.0,27050.0,38200.0,42150.0,13500.0,13750.0
2018-08-24,11700.0,37850.0,117100.0,25050.0,26850.0,26750.0,37900.0,42150.0,13500.0,13700.0
2018-08-25,11700.0,37600.0,116866.66666666667,25000.0,26733.333333333332,26716.666666666668,37366.666666666664,41400.0,13500.0,13700.0
2018-08-26,11700.0,37350.0,116633.33333333333,24950.0,26616.666666666668,26683.333333333332,36833.333333333336,40650.0,13500.0,13700.0
2018-08-27,11700.0,37100.0,116400.0,24900.0,26500.0,26650.0,36300.0,39900.0,13500.0,13700.0
2018-08-28,11650.0,37000.0,116200.0,24950.0,26250.0,26650.0,35400.0,39350.0,13500.0,13700.0
2018-08-29,11650.0,36900.0,116000.0,24950.0,26100.0,26500.0,34900.0,38850.0,13500.0,13700.0
2018-08-30,11650.0,36650.0,115700.0,24950.0,26050.0,26600.0,33650.0,38500.0,13500.0,13700.0
2018-08-31,11650.0,36450.0,115650.0,24950.0,25800.0,26500.0,33250.0,37750.0,13500.0,13650.0
2018-09-01,11666.666666666666,36250.0,115666.66666666667,24900.0,25683.333333333332,26433.333333333332,32750.0,37166.666666666664,13483.333333333334,13666.666666666666
2018-09-02,11683.333333333334,36050.0,115683.33333333333,24850.0,25566.666666666668,26366.666666666668,32250.0,36583.333333333336,13466.666666666666,13683.333333333334
2018-09-03,11700.0,35850.0,115700.0,24800.0,25450.0,26300.0,31750.0,36000.0,13450.0,13700.0
2018-09-04,11700.0,35600.0,115650.0,24800.0,25250.0,26300.0,31000.0,36200.0,13500.0,13650.0
2018-09-05,11700.0,35400.0,115600.0,24700.0,25150.0,26200.0,31050.0,35800.0,13450.0,13650.0
2018-09-06,11650.0,35250.0,115400.0,24650.0,25150.0,26350.0,30900.0,35400.0,13500.0,13650.0
2018-09-07,11700.0,35000.0,115600.0,24550.0,25000.0,26050.0,31000.0,35650.0,13450.0,13600.0
2018-09-08,11700.0,34883.333333333336,115533.33333333333,24500.0,24950.0,26016.666666666668,30833.333333333332,35483.333333333336,13450.0,13600.0
2018-09-09,11700.0,34766.666666666664,115466.66666666667,24450.0,24900.0,25983.333333333332,30666.666666666668,35316.666666666664,13450.0,13600.0
2018-09-10,11700.0,34650.0,115400.0,24400.0,24850.0,25950.0,30500.0,35150.0,13450.0,13600.0
2018-09-11,10600.0,41350.0,109100.0,30850.0,28250.0,30700.0,36500.0,31550.0,13350.0,15000.0
2018-09-12,11700.0,34350.0,115400.0,24350.0,24500.0,25750.0,30600.0,35000.0,13450.0,13600.0
2018-09-13,11700.0,34200.0,115400.0,24350.0,24350.0,25700.0,30550.0,34850.0,13450.0,13600.0
2018-09-14,11700.0,34100.0,115400.0,24250.0,24200.0,25550.0,30400.0,34600.0,13450.0,13550.0
2018-09-15,11700.0,34016.666666666664,115433.33333333333,24166.666666666668,24050.0,25500.0,30383.333333333332,34566.666666666664,13450.0,13550.0
2018-09-16,11700.0,33933.333333333336,115466.66666666667,24083.333333333332,23900.0,25450.0,30366.666666666668,34533.333333333336,13450.0,13550.0
2018-09-17,11700.0,33850.0,115500.0,24000.0,23750.0,25400.0,30350.0,34500.0,13450.0,13550.0
2018-09-18,11700.0,33750.0,115350.0,23900.0,23600.0,25400.0,30250.0,34650.0,13450.0,13550.0
2018-09-19,11700.0,33650.0,115500.0,23800.0,23350.0,25300.0,30000.0,34550.0,13450.0,13550.0
2018-09-20,11700.0,33550.0,115500.0,23650.0,23250.0,25100.0,29750.0,34750.0,13450.0,13500.0
2018-09-21,11650.0,33550.0,115500.0,23650.0,23050.0,25150.0,29700.0,34800.0,13450.0,13550.0
2018-09-22,11666.666666666666,33416.666666666664,115550.0,23583.333333333332,22966.666666666668,25100.0,29783.333333333332,35150.0,13450.0,13533.333333333334
2018-09-23,11683.333333333334,33283.333333333336,115600.0,23516.666666666668,22883.333333333332,25050.0,29866.666666666668,35500.0,13450.0,13516.666666666666
2018-09-24,11700.0,33150.0,115650.0,23450.0,22800.0,25000.0,29950.0,35850.0,13450.0,13500.0
2018-09-25,11700.0,33050.0,115600.0,23300.0,22600.0,24850.0,30000.0,35750.0,13450.0,13500.0
2018-09-26,11750.0,33150.0,115750.0,23400.0,22450.0,24800.0,30400.0,36100.0,13400.0,13450.0
2018-09-27,11700.0,32950.0,115600.0,23200.0,22300.0,24650.0,30100.0,35600.0,13450.0,13500.0
2018-09-28,11700.0,33000.0,115650.0,23150.0,22200.0,24500.0,30300.0,35550.0,13400.0,13500.0
2018-09-29,11700.0,33116.666666666664,115633.33333333333,23150.0,22116.666666666668,24483.333333333332,30383.333333333332,35800.0,13400.0,13500.0
2018-09-30,11700.0,33233.333333333336,115616.66666666667,23150.0,22033.333333333332,24466.666666666668,30466.666666666668,36050.0,13400.0,13500.0
2018-10-01,11700.0,33350.0,115600.0,23150.0,21950.0,24450.0,30550.0,36300.0,13400.0,13500.0
2018-10-02,11700.0,33600.0,115750.0,23200.0,21850.0,24350.0,31000.0,36250.0,13400.0,13500.0
2018-10-03,11700.0,33750.0,115700.0,23300.0,21700.0,24250.0,31250.0,36300.0,13400.0,13450.0
2018-10-04,11700.0,33800.0,115750.0,23350.0,21500.0,24100.0,31300.0,36150.0,13350.0,13450.0
2018-10-05,11700.0,33950.0,115550.0,23300.0,21450.0,24000.0,31300.0,36150.0,13350.0,13450.0
2018-10-06,11700.0,33966.666666666664,115566.66666666667,23316.666666666668,21450.0,24033.333333333332,31483.333333333332,36350.0,13366.666666666666,13466.666666666666
2018-10-07,11700.0,33983.333333333336,115583.33333333333,23333.333333333332,21450.0,24066.666666666668,31666.666666666668,36550.0,13383.333333333334,13483.333333333334
2018-10-08,11700.0,34000.0,115600.0,23350.0,21450.0,24100.0,31850.0,36750.0,13400.0,13500.0
2018-10-09,11700.0,34200.0,115700.0,23250.0,21450.0,24050.0,32550.0,36450.0,13400.0,13450.0
2018-10-10,11700.0,34300.0,115800.0,23250.0,21550.0,24050.0,32400.0,36250.0,13400.0,13450.0
2018-10-11,11700.0,34400.0,115900.0,23350.0,21650.0,24100.0,32600.0,36150.0,13400.0,13450.0
2018-10-12,11700.0,34400.0,115900.0,23350.0,21700.0,24050.0,32650.0,36150.0,13400.0,13450.0
2018-10-13,11716.666666666666,34500.0,115733.33333333333,23366.666666666668,21900.0,24150.0,32900.0,36366.666666666664,13400.0,13450.0
2018-10-14,11733.333333333334,34600.0,115566.66666666667,23383.333333333332,22100.0,24250.0,33150.0,36583.333333333336,13400.0,13450.0
2018-10-15,11750.0,34700.0,115400.0,23400.0,22300.0,24350.0,33400.0,36800.0,13400.0,13450.0
2018-10-16,11750.0,34600.0,115600.0,23300.0,22500.0,24450.0,33800.0,37050.0,13400.0,13450.0
2018-10-17,11750.0,34650.0,115700.0,23200.0,22650.0,24600.0,33650.0,36600.0,13350.0,13400.0
2018-10-18,11750.0,34400.0,115600.0,23250.0,22700.0,24700.0,33900.0,36650.0,13400.0,13450.0
2018-10-19,11750.0,34350.0,115600.0,23250.0,22800.0,24850.0,34000.0,36750.0,13400.0,13450.0
2018-10-20,11750.0,34300.0,115600.0,23233.333333333332,22850.0,24900.0,34416.666666666664,36816.666666666664,13400.0,13433.333333333334
2018-10-21,11750.0,34250.0,115600.0,23216.666666666668,22900.0,24950.0,34833.333333333336,36883.333333333336,13400.0,13416.666666666666
2018-10-22,11750.0,34200.0,115600.0,23200.0,22950.0,25000.0,35250.0,36950.0,13400.0,13400.0
2018-10-23,11700.0,34000.0,115350.0,23150.0,23100.0,25200.0,35000.0,37250.0,13350.0,13400.0
2018-10-24,11750.0,34000.0,115550.0,23250.0,23100.0,25200.0,34850.0,36750.0,13350.0,13400.0
2018-10-25,11750.0,34100.0,115550.0,23150.0,23300.0,25400.0,34850.0,36450.0,13350.0,13400.0
2018-10-26,11750.0,34150.0,115550.0,23150.0,23350.0,25300.0,34550.0,36600.0,13350.0,13400.0
2018-10-27,11750.0,34033.333333333336,115550.0,23150.0,23366.666666666668,25333.333333333332,34566.666666666664,36633.333333333336,13350.0,13400.0
2018-10-28,11750.0,33916.666666666664,115550.0,23150.0,23383.333333333332,25366.666666666668,34583.333333333336,36666.666666666664,13350.0,13400.0
2018-10-29,11750.0,33800.0,115550.0,23150.0,23400.0,25400.0,34600.0,36700.0,13350.0,13400.0
2018-10-30,11750.0,33750.0,115500.0,23150.0,23500.0,25450.0,34350.0,36550.0,13350.0,13400.0
2018-10-31,11750.0,33900.0,115600.0,23150.0,23600.0,25500.0,34250.0,36400.0,13350.0,13400.0
2018-11-01,11750.0,33700.0,115600.0,23150.0,23600.0,25400.0,33800.0,36300.0,13350.0,13400.0
2018-11-02,11700.0,33600.0,115600.0,23150.0,23700.0,25500.0,33300.0,35900.0,13350.0,13400.0
2018-11-03,11716.666666666666,33600.0,115600.0,23183.333333333332,23683.333333333332,25450.0,33283.333333333336,36133.333333333336,13350.0,13383.333333333334
2018-11-04,11733.333333333334,33600.0,115600.0,23216.666666666668,23666.666666666668,25400.0,33266.666666666664,36366.666666666664,13350.0,13366.666666666666
2018-11-05,11750.0,33600.0,115600.0,23250.0,23650.0,25350.0,33250.0,36600.0,13350.0,13350.0
2018-11-06,11700.0,33500.0,115450.0,23200.0,23750.0,25350.0,33100.0,36650.0,13300.0,13350.0
2018-11-07,11750.0,33550.0,115650.0,23200.0,23850.0,25250.0,32950.0,36800.0,13350.0,13400.0
2018-11-08,11750.0,33500.0,115600.0,23200.0,24000.0,25250.0,32800.0,36700.0,13350.0,13400.0
2018-11-09,11750.0,33350.0,115600.0,23200.0,24050.0,25250.0,32600.0,36500.0,13350.0,13350.0
2018-11-10,11750.0,33433.333333333336,115650.0,23233.333333333332,24283.333333333332,25200.0,32766.666666666668,36733.333333333336,13333.333333333334,13350.0
2018-11-11,11750.0,33516.666666666664,115700.0,23266.666666666668,24516.666666666668,25150.0,32933.333333333336,36966.666666666664,13316.666666666666,13350.0
2018-11-12,11750.0,33600.0,115750.0,23300.0,24750.0,25100.0,33100.0,37200.0,13300.0,13350.0
2018-11-13,11750.0,33650.0,115750.0,23400.0,25000.0,25100.0,32900.0,37450.0,13300.0,13350.0
2018-11-14,11750.0,33700.0,115750.0,23600.0,25250.0,25050.0,32300.0,37100.0,13350.0,13350.0
2018-11-15,11750.0,34000.0,115750.0,23650.0,25400.0,24900.0,32200.0,37150.0,13300.0,13350.0
2018-11-16,11800.0,33950.0,115900.0,23800.0,25800.0,24850.0,32700.0,38000.0,13300.0,13350.0
2018-11-17,11783.333333333334,34016.666666666664,115883.33333333333,23866.666666666668,25800.0,24716.666666666668,32850.0,38000.0,13300.0,13350.0
2018-11-18,11766.666666666666,34083.333333333336,115866.66666666667,23933.333333333332,25800.0,24583.333333333332,33000.0,38000.0,13300.0,13350.0
2018-11-19,11750.0,34150.0,115850.0,24000.0,25800.0,24450.0,33150.0,38000.0,13300.0,13350.0
2018-11-20,10750.0,37400.0,113450.0,31350.0,28700.0,25900.0,51300.0,51700.0,13350.0,14750.0
2018-11-21,11750.0,34250.0,115750.0,24050.0,26100.0,24400.0,32700.0,37800.0,13300.0,13300.0
2018-11-22,11750.0,34300.0,115750.0,24100.0,26100.0,24400.0,32600.0,38250.0,13300.0,13300.0
2018-11-23,11750.0,34450.0,115750.0,24200.0,26100.0,24300.0,32400.0,37500.0,13300.0,13300.0
2018-11-24,11750.0,34650.0,115750.0,24266.666666666668,26250.0,24300.0,32416.666666666668,37533.333333333336,13283.333333333334,13300.0
2018-11-25,11750.0,34850.0,115750.0,24333.333333333332,26400.0,24300.0,32433.333333333332,37566.666666666664,13266.666666666666,13300.0
2018-11-26,11750.0,35050.0,115750.0,24400.0,26550.0,24300.0,32450.0,37600.0,13250.0,13300.0
2018-11-27,11750.0,35300.0,115750.0,24400.0,26600.0,24250.0,32200.0,37350.0,13250.0,13300.0
2018-11-28,11800.0,35350.0,115750.0,24450.0,26800.0,24250.0,32150.0,37400.0,13250.0,13300.0
2018-11-29,11800.0,35450.0,115700.0,24600.0,26900.0,24150.0,32200.0,37650.0,13250.0,13300.0
2018-11-30,11800.0,35500.0,115600.0,24650.0,27200.0,24250.0,32550.0,38000.0,13250.0,13300.0
2018-12-01,11800.0,35550.0,115616.66666666667,24766.666666666668,27483.333333333332,24200.0,32566.666666666668,38250.0,13250.0,13300.0
2018-12-02,11800.0,35600.0,115633.33333333333,24883.333333333332,27766.666666666668,24150.0,32583.333333333332,38500.0,13250.0,13300.0
2018-12-03,11800.0,35650.0,115650.0,25000.0,28050.0,24100.0,32600.0,38750.0,13250.0,13300.0
2018-12-04,11800.0,35700.0,115750.0,25200.0,28150.0,24100.0,32500.0,38700.0,13250.0,13250.0
2018-12-05,11800.0,35850.0,115750.0,25350.0,28300.0,24150.0,32500.0,38800.0,13200.0,13250.0
2018-12-06,11800.0,35850.0,115750.0,25450.0,28550.0,24150.0,32500.0,39050.0,13200.0,13250.0
2018-12-07,11800.0,35750.0,115750.0,25550.0,28750.0,24150.0,33000.0,39200.0,13200.0,13250.0
2018-12-08,11800.0,35783.333333333336,115716.66666666667,25600.0,28950.0,24150.0,33083.333333333336,38983.333333333336,13200.0,13250.0
2018-12-09,11800.0,35816.666666666664,115683.33333333333,25650.0,29150.0,24150.0,33166.666666666664,38766.666666666664,13200.0,13250.0
2018-12-10,11800.0,35850.0,115650.0,25700.0,29350.0,24150.0,33250.0,38550.0,13200.0,13250.0
2018-12-11,11800.0,36000.0,115600.0,25800.0,29500.0,24050.0,33500.0,38700.0,13200.0,13250.0
2018-12-12,11800.0,36100.0,115750.0,26000.0,29850.0,24000.0,33250.0,38350.0,13200.0,13250.0
2018-12-13,11800.0,36050.0,115650.0,26100.0,29900.0,24000.0,33250.0,38300.0,13200.0,13250.0
2018-12-14,11800.0,36150.0,115650.0,26150.0,30000.0,23900.0,33450.0,38450.0,13200.0,13250.0
2018-12-15,11800.0,36316.666666666664,115600.0,26183.333333333332,30100.0,23900.0,33466.666666666664,38383.333333333336,13200.0,13233.333333333334
2018-12-16,11800.0,36483.333333333336,115550.0,26216.666666666668,30200.0,23900.0,33483.333333333336,38316.666666666664,13200.0,13216.666666666666
2018-12-17,11800.0,36650.0,115500.0,26250.0,30300.0,23900.0,33500.0,38250.0,13200.0,13200.0
2018-12-18,11800.0,37100.0,115650.0,26300.0,30500.0,24050.0,33600.0,38350.0,13300.0,13150.0
2018-12-19,11800.0,37300.0,115700.0,26350.0,30600.0,24100.0,33900.0,38650.0,13200.0,13250.0
2018-12-20,11800.0,37600.0,115750.0,26450.0,30650.0,24050.0,33900.0,38800.0,13200.0,13250.0
2018-12-21,11850.0,37850.0,115800.0,26450.0,30750.0,24000.0,33900.0,39200.0,13200.0,13250.0
2018-12-22,11733.333333333334,38300.0,115833.33333333333,26816.666666666668,31050.0,24050.0,35250.0,40500.0,13083.333333333334,13266.666666666666
2018-12-23,11616.666666666666,38750.0,115866.66666666667,27183.333333333332,31350.0,24100.0,36600.0,41800.0,12966.666666666666,13283.333333333334
2018-12-24,11500.0,39200.0,115900.0,27550.0,31650.0,24150.0,37950.0,43100.0,12850.0,13300.0
2018-12-25,11000.0,39750.0,117200.0,26750.0,28000.0,24250.0,29150.0,36800.0,12100.0,12550.0
2018-12-26,11850.0,39100.0,116450.0,27500.0,31200.0,24500.0,34300.0,41550.0,13200.0,13300.0
2018-12-27,11800.0,39200.0,116150.0,27100.0,31300.0,24150.0,34450.0,41750.0,13200.0,13250.0
2018-12-28,11850.0,39550.0,116000.0,26800.0,31450.0,24200.0,34650.0,41650.0,13200.0,13250.0
2018-12-29,11850.0,39716.666666666664,115900.0,26850.0,31716.666666666668,24183.333333333332,34566.666666666664,41650.0,13200.0,13233.333333333334
2018-12-30,11850.0,39883.333333333336,115800.0,26900.0,31983.333333333332,24166.666666666668,34483.333333333336,41650.0,13200.0,13216.666666666666
2018-12-31,11850.0,40050.0,115700.0,26950.0,32250.0,24150.0,34400.0,41650.0,13200.0,13200.0
2019-01-01,12400.0,43250.0,123000.0,25950.0,31750.0,24650.0,34850.0,41350.0,11850.0,12900.0
2019-01-02,11850.0,39700.0,115800.0,26850.0,32500.0,24050.0,34400.0,41850.0,13150.0,13200.0
2019-01-03,11850.0,39350.0,115800.0,26800.0,32750.0,23950.0,33900.0,42500.0,13150.0,13200.0
2019-01-04,11850.0,39150.0,115800.0,26750.0,32850.0,24000.0,33600.0,41800.0,13150.0,13200.0
2019-01-05,11850.0,38933.333333333336,115700.0,26666.666666666668,33016.666666666664,24016.666666666668,33400.0,41283.333333333336,13150.0,13200.0
2019-01-06,11850.0,38716.666666666664,115600.0,26583.333333333332,33183.333333333336,24033.333333333332,33200.0,40766.666666666664,13150.0,13200.0
2019-01-07,11850.0,38500.0,115500.0,26500.0,33350.0,24050.0,33000.0,40250.0,13150.0,13200.0
2019-01-08,11900.0,38100.0,115450.0,26350.0,33700.0,24050.0,32750.0,39600.0,13150.0,13200.0
2019-01-09,11900.0,37850.0,115450.0,26350.0,33800.0,24100.0,32400.0,39300.0,13150.0,13200.0
2019-01-10,11900.0,37500.0,115450.0,26300.0,33850.0,24050.0,32100.0,38850.0,13150.0,13200.0
2019-01-11,11900.0,37150.0,115400.0,26300.0,33650.0,24150.0,31700.0,38550.0,13150.0,13200.0
2019-01-12,11900.0,36850.0,115400.0,26266.666666666668,33600.0,24133.333333333332,31466.666666666668,38166.666666666664,13150.0,13200.0
2019-01-13,11900.0,36550.0,115400.0,26233.333333333332,33550.0,24116.666666666668,31233.333333333332,37783.333333333336,13150.0,13200.0
2019-01-14,11900.0,36250.0,115400.0,26200.0,33500.0,24100.0,31000.0,37400.0,13150.0,13200.0
2019-01-15,11900.0,36150.0,115400.0,26150.0,33400.0,24150.0,30700.0,37000.0,13150.0,13100.0
2019-01-16,11900.0,36050.0,115400.0,26050.0,33400.0,24050.0,29800.0,36450.0,13150.0,13100.0
2019-01-17,11900.0,35950.0,115400.0,26000.0,33350.0,24050.0,29700.0,36300.0,13150.0,13100.0
2019-01-18,11900.0,35800.0,115400.0,25950.0,33350.0,24100.0,30100.0,36200.0,13150.0,13100.0
2019-01-19,11900.0,35600.0,115416.66666666667,25866.666666666668,33250.0,24050.0,29683.333333333332,35683.333333333336,13150.0,13100.0
2019-01-20,11900.0,35400.0,115433.33333333333,25783.333333333332,33150.0,24000.0,29266.666666666668,35166.666666666664,13150.0,13100.0
2019-01-21,11900.0,35200.0,115450.0,25700.0,33050.0,23950.0,28850.0,34650.0,13150.0,13100.0
2019-01-22,11900.0,35050.0,115450.0,25700.0,33000.0,23900.0,28800.0,34150.0,13150.0,13100.0
2019-01-23,11900.0,34800.0,115450.0,25550.0,32700.0,23950.0,28600.0,33900.0,13100.0,13100.0
2019-01-24,11900.0,34550.0,115450.0,25450.0,32600.0,24000.0,28750.0,33800.0,13100.0,13100.0
2019-01-25,11900.0,34300.0,115500.0,25350.0,32300.0,24000.0,28600.0,33800.0,13150.0,13100.0
2019-01-26,11916.666666666666,34166.666666666664,115616.66666666667,25333.333333333332,32016.666666666668,24000.0,28533.333333333332,33600.0,13150.0,13100.0
2019-01-27,11933.333333333334,34033.333333333336,115733.33333333333,25316.666666666668,31733.333333333332,24000.0,28466.666666666668,33400.0,13150.0,13100.0
2019-01-28,11950.0,33900.0,115850.0,25300.0,31450.0,24000.0,28400.0,33200.0,13150.0,13100.0
2019-01-29,11950.0,33750.0,115800.0,25250.0,31200.0,23950.0,28550.0,32950.0,13150.0,13100.0
2019-01-30,11950.0,33600.0,115800.0,25450.0,30750.0,24050.0,27750.0,32600.0,13150.0,13100.0
2019-01-31,11950.0,33500.0,115800.0,25150.0,30700.0,23950.0,27350.0,32000.0,13150.0,13100.0
2019-02-01,11950.0,33400.0,116350.0,25150.0,30550.0,24050.0,27300.0,32000.0,13150.0,13100.0
2019-02-02,11950.0,33333.333333333336,116350.0,25150.0,30433.333333333332,24066.666666666668,27300.0,31933.333333333332,13166.666666666666,13083.333333333334
2019-02-03,11950.0,33266.666666666664,116350.0,25150.0,30316.666666666668,24083.333333333332,27300.0,31866.666666666668,13183.333333333334,13066.666666666666
2019-02-04,11950.0,33200.0,116350.0,25150.0,30200.0,24100.0,27300.0,31800.0,13200.0,13050.0
2019-02-05,11100.0,33850.0,117350.0,22350.0,21400.0,23200.0,17800.0,17050.0,12050.0,12300.0
2019-02-06,11950.0,33350.0,116350.0,25000.0,29550.0,23950.0,27000.0,31650.0,13200.0,13050.0
2019-02-07,11900.0,33500.0,116350.0,24950.0,29350.0,24050.0,27050.0,31550.0,13150.0,13050.0
2019-02-08,11950.0,33650.0,116400.0,24850.0,29200.0,24050.0,27050.0,31600.0,13150.0,13050.0
2019-02-09,11950.0,33666.666666666664,116366.66666666667,24816.666666666668,29133.333333333332,24350.0,27250.0,31650.0,13150.0,13050.0
2019-02-10,11950.0,33683.333333333336,116333.33333333333,24783.333333333332,29066.666666666668,24650.0,27450.0,31700.0,13150.0,13050.0
2019-02-11,11950.0,33700.0,116300.0,24750.0,29000.0,24950.0,27650.0,31750.0,13150.0,13050.0
2019-02-12,11950.0,33550.0,116300.0,24700.0,28950.0,25150.0,27500.0,31500.0,13150.0,13050.0
2019-02-13,11950.0,33600.0,116350.0,24650.0,28950.0,25200.0,27450.0,31550.0,13150.0,13050.0
2019-02-14,11950.0,33500.0,116350.0,24600.0,28950.0,25350.0,27450.0,31400.0,13150.0,13050.0
2019-02-15,11950.0,33450.0,116350.0,24550.0,28800.0,25450.0,27350.0,31250.0,13150.0,13050.0
2019-02-16,11950.0,33416.666666666664,116350.0,24500.0,28733.333333333332,25566.666666666668,27383.333333333332,31333.333333333332,13150.0,13050.0
2019-02-17,11950.0,33383.333333333336,116350.0,24450.0,28666.666666666668,25683.333333333332,27416.666666666668,31416.666666666668,13150.0,13050.0
2019-02-18,11950.0,33350.0,116350.0,24400.0,28600.0,25800.0,27450.0,31500.0,13150.0,13050.0
2019-02-19,11900.0,33300.0,116300.0,24350.0,28600.0,25950.0,27150.0,31450.0,13200.0,13050.0
2019-02-20,11900.0,33150.0,116250.0,24300.0,28450.0,26000.0,27050.0,31300.0,13200.0,13050.0
2019-02-21,11900.0,33150.0,116400.0,24300.0,28400.0,25850.0,27250.0,31350.0,13200.0,13100.0
2019-02-22,11900.0,33100.0,116400.0,24300.0,28450.0,25950.0,27150.0,31450.0,13200.0,13100.0
2019-02-23,11900.0,33033.333333333336,116366.66666666667,24266.666666666668,28533.333333333332,25966.666666666668,27166.666666666668,31533.333333333332,13200.0,13116.666666666666
2019-02-24,11900.0,32966.666666666664,116333.33333333333,24233.333333333332,28616.666666666668,25983.333333333332,27183.333333333332,31616.666666666668,13200.0,13133.333333333334
2019-02-25,11900.0,32900.0,116300.0,24200.0,28700.0,26000.0,27200.0,31700.0,13200.0,13150.0
2019-02-26,11900.0,32950.0,116400.0,24150.0,28850.0,26100.0,27000.0,31700.0,13200.0,13150.0
2019-02-27,11900.0,32700.0,116100.0,24050.0,28800.0,25950.0,26950.0,31550.0,13200.0,13100.0
2019-02-28,11900.0,32800.0,116450.0,24150.0,29000.0,26100.0,27000.0,31700.0,13200.0,13150.0
2019-03-01,11900.0,32700.0,116450.0,24050.0,29000.0,26050.0,27050.0,32150.0,13200.0,13150.0
2019-03-02,11883.333333333334,32583.333333333332,116600.0,24033.333333333332,29266.666666666668,26083.333333333332,26933.333333333332,32550.0,13183.333333333334,13150.0
2019-03-03,11866.666666666666,32466.666666666668,116750.0,24016.666666666668,29533.333333333332,26116.666666666668,26816.666666666668,32950.0,13166.666666666666,13150.0
2019-03-04,11850.0,32350.0,116900.0,24000.0,29800.0,26150.0,26700.0,33350.0,13150.0,13150.0
2019-03-05,11850.0,32300.0,116850.0,23950.0,30150.0,26200.0,26950.0,33500.0,13200.0,13150.0
2019-03-06,11850.0,32200.0,116550.0,24050.0,30650.0,26650.0,27100.0,33950.0,13150.0,13200.0
2019-03-07,10900.0,26500.0,106150.0,19500.0,25000.0,21500.0,22400.0,27250.0,12450.0,13250.0
2019-03-08,11850.0,32050.0,116650.0,24000.0,30950.0,26950.0,27150.0,33750.0,13150.0,13200.0
2019-03-09,11850.0,32100.0,116566.66666666667,23950.0,31333.333333333332,27366.666666666668,27250.0,34000.0,13166.666666666666,13200.0
2019-03-10,11850.0,32150.0,116483.33333333333,23900.0,31716.666666666668,27783.333333333332,27350.0,34250.0,13183.333333333334,13200.0
2019-03-11,11850.0,32200.0,116400.0,23850.0,32100.0,28200.0,27450.0,34500.0,13200.0,13200.0
2019-03-12,11850.0,32200.0,116400.0,23800.0,32550.0,28600.0,28550.0,35150.0,13200.0,13200.0
2019-03-13,11850.0,32250.0,116400.0,23750.0,32800.0,29050.0,28200.0,35200.0,13150.0,13250.0
2019-03-14,11850.0,32300.0,116400.0,23750.0,32950.0,29350.0,28400.0,35700.0,13150.0,13250.0
2019-03-15,11850.0,32400.0,116400.0,23800.0,33050.0,29950.0,28500.0,35700.0,13150.0,13250.0
2019-03-16,11850.0,32450.0,116400.0,23783.333333333332,33250.0,30266.666666666668,28733.333333333332,35766.666666666664,13150.0,13250.0
2019-03-17,11850.0,32500.0,116400.0,23766.666666666668,33450.0,30583.333333333332,28966.666666666668,35833.333333333336,13150.0,13250.0
2019-03-18,11850.0,32550.0,116400.0,23750.0,33650.0,30900.0,29200.0,35900.0,13150.0,13250.0
2019-03-19,11850.0,32600.0,116400.0,23800.0,33700.0,31300.0,29150.0,35850.0,13150.0,13250.0
2019-03-20,11800.0,32450.0,116550.0,23500.0,33650.0,31300.0,28650.0,35250.0,13100.0,13200.0
2019-03-21,11850.0,32500.0,116400.0,23700.0,33750.0,31450.0,29300.0,35750.0,13150.0,13250.0
2019-03-22,11850.0,32550.0,116400.0,23650.0,33950.0,31550.0,29450.0,35650.0,13200.0,13250.0
2019-03-23,11833.333333333334,32533.333333333332,116400.0,23683.333333333332,34600.0,31766.666666666668,29616.666666666668,35616.666666666664,13183.333333333334,13250.0
2019-03-24,11816.666666666666,32516.666666666668,116400.0,23716.666666666668,35250.0,31983.333333333332,29783.333333333332,35583.333333333336,13166.666666666666,13250.0
2019-03-25,11800.0,32500.0,116400.0,23750.0,35900.0,32200.0,29950.0,35550.0,13150.0,13250.0
2019-03-26,11800.0,32450.0,116450.0,23850.0,36150.0,32350.0,29850.0,35400.0,13150.0,13250.0
2019-03-27,11800.0,32250.0,116300.0,23850.0,36500.0,32450.0,29950.0,35100.0,13150.0,13250.0
2019-03-28,11800.0,32300.0,116350.0,23850.0,36850.0,32800.0,30150.0,35000.0,13150.0,13250.0
2019-03-29,11800.0,32150.0,116300.0,23850.0,37050.0,33150.0,30150.0,35400.0,13200.0,13250.0
2019-03-30,11783.333333333334,32100.0,116300.0,23866.666666666668,37233.333333333336,33750.0,30000.0,35300.0,13183.333333333334,13250.0
2019-03-31,11766.666666666666,32050.0,116300.0,23883.333333333332,37416.666666666664,34350.0,29850.0,35200.0,13166.666666666666,13250.0
2019-04-01,11750.0,32000.0,116300.0,23900.0,37600.0,34950.0,29700.0,35100.0,13150.0,13250.0
2019-04-02,11750.0,32050.0,116400.0,23850.0,38000.0,35650.0,29700.0,34750.0,13150.0,13250.0
2019-04-03,11200.0,31700.0,101900.0,26150.0,40000.0,34000.0,37800.0,41000.0,13050.0,14650.0
2019-04-04,11750.0,32000.0,116300.0,23850.0,38350.0,36400.0,30700.0,35000.0,13150.0,13250.0
2019-04-05,11750.0,32000.0,116250.0,23900.0,38550.0,36650.0,31050.0,35100.0,13150.0,13300.0
2019-04-06,11750.0,32050.0,116266.66666666667,23900.0,38700.0,36833.333333333336,31283.333333333332,35350.0,13150.0,13283.333333333334
2019-04-07,11750.0,32100.0,116283.33333333333,23900.0,38850.0,37016.666666666664,31516.666666666668,35600.0,13150.0,13266.666666666666
2019-04-08,11750.0,32150.0,116300.0,23900.0,39000.0,37200.0,31750.0,35850.0,13150.0,13250.0
2019-04-09,11750.0,32200.0,116350.0,23950.0,39250.0,37550.0,31750.0,36050.0,13150.0,13300.0
2019-04-10,11750.0,32300.0,116350.0,24050.0,39400.0,38000.0,31800.0,35900.0,13150.0,13300.0
2019-04-11,11750.0,32500.0,116350.0,24050.0,39600.0,38200.0,31700.0,35750.0,13150.0,13300.0
2019-04-12,11750.0,32800.0,116350.0,24100.0,39850.0,38650.0,31850.0,36000.0,13150.0,13300.0
2019-04-13,11733.333333333334,32900.0,116333.33333333333,24116.666666666668,40166.666666666664,39700.0,32000.0,36100.0,13150.0,13283.333333333334
2019-04-14,11716.666666666666,33000.0,116316.66666666667,24133.333333333332,40483.333333333336,40750.0,32150.0,36200.0,13150.0,13266.666666666666
2019-04-15,11700.0,33100.0,116300.0,24150.0,40800.0,41800.0,32300.0,36300.0,13150.0,13250.0
2019-04-16,11700.0,33300.0,116300.0,24150.0,40850.0,42850.0,32250.0,36050.0,13150.0,13300.0
2019-04-17,12600.0,35100.0,120650.0,27250.0,39750.0,42600.0,26100.0,39300.0,13450.0,13450.0
2019-04-18,11800.0,33750.0,116500.0,24350.0,41550.0,44300.0,33150.0,39800.0,13150.0,13350.0
2019-04-19,9600.0,35000.0,111250.0,23500.0,45000.0,52000.0,24500.0,22000.0,11600.0,12000.0
2019-04-20,10300.0,34733.333333333336,112983.33333333333,23766.666666666668,43800.0,50300.0,28133.333333333332,28550.0,12116.666666666666,12433.333333333334
2019-04-21,11000.0,34466.666666666664,114716.66666666667,24033.333333333332,42600.0,48600.0,31766.666666666668,35100.0,12633.333333333334,12866.666666666666
2019-04-22,11700.0,34200.0,116450.0,24300.0,41400.0,46900.0,35400.0,41650.0,13150.0,13300.0
2019-04-23,11700.0,34500.0,116500.0,24400.0,41550.0,47300.0,35850.0,41350.0,13150.0,13300.0
2019-04-24,11700.0,34900.0,116500.0,24350.0,41500.0,47350.0,35200.0,40550.0,13150.0,13300.0
2019-04-25,11700.0,35050.0,116550.0,24350.0,41600.0,47850.0,35150.0,40650.0,13150.0,13300.0
2019-04-26,11700.0,35250.0,116550.0,24400.0,41500.0,48000.0,35350.0,40350.0,13150.0,13300.0
2019-04-27,11700.0,35400.0,116583.33333333333,24566.666666666668,41383.333333333336,48333.333333333336,35316.666666666664,40266.666666666664,13150.0,13316.666666666666
2019-04-28,11700.0,35550.0,116616.66666666667,24733.333333333332,41266.666666666664,48666.666666666664,35283.333333333336,40183.333333333336,13150.0,13333.333333333334
2019-04-29,11700.0,35700.0,116650.0,24900.0,41150.0,49000.0,35250.0,40100.0,13150.0,13350.0
2019-04-30,11700.0,35750.0,116700.0,25050.0,41000.0,49700.0,35250.0,41150.0,13150.0,13450.0
2019-05-01,11550.0,37850.0,110000.0,29500.0,42000.0,44700.0,29900.0,34650.0,13350.0,13950.0
2019-05-02,11700.0,35950.0,117150.0,25550.0,40350.0,53950.0,36600.0,41250.0,13150.0,13500.0
2019-05-03,11700.0,36200.0,117350.0,25550.0,40100.0,56450.0,37800.0,40900.0,13150.0,13500.0
2019-05-04,11700.0,36350.0,117416.66666666667,25633.333333333332,39866.666666666664,59000.0,38733.333333333336,42000.0,13150.0,13533.333333333334
2019-05-05,11700.0,36500.0,117483.33333333333,25716.666666666668,39633.333333333336,61550.0,39666.666666666664,43100.0,13150.0,13566.666666666666
2019-05-06,11700.0,36650.0,117550.0,25800.0,39400.0,64100.0,40600.0,44200.0,13150.0,13600.0
2019-05-07,11700.0,36550.0,117300.0,25950.0,39050.0,63700.0,41950.0,45550.0,13150.0,13650.0
2019-05-08,11700.0,36250.0,117350.0,26000.0,38800.0,61350.0,42300.0,45800.0,13150.0,13650.0
2019-05-09,11700.0,36150.0,117250.0,25950.0,38650.0,59450.0,42700.0,45550.0,13150.0,13700.0
2019-05-10,11700.0,35950.0,117450.0,25750.0,38600.0,58650.0,42050.0,44600.0,13100.0,13700.0
2019-05-11,11700.0,35766.666666666664,117416.66666666667,25833.333333333332,38233.333333333336,57516.666666666664,41350.0,43683.333333333336,13116.666666666666,13716.666666666666
2019-05-12,11700.0,35583.333333333336,117383.33333333333,25916.666666666668,37866.666666666664,56383.333333333336,40650.0,42766.666666666664,13133.333333333334,13733.333333333334
2019-05-13,11700.0,35400.0,117350.0,26000.0,37500.0,55250.0,39950.0,41850.0,13150.0,13750.0
2019-05-14,11700.0,35200.0,117350.0,26050.0,37350.0,53450.0,39200.0,41100.0,13150.0,13750.0
2019-05-15,11700.0,34850.0,117600.0,26050.0,37300.0,51750.0,38350.0,41100.0,13150.0,13800.0
2019-05-16,11700.0,34650.0,117250.0,26000.0,36500.0,50100.0,37250.0,39850.0,13150.0,13800.0
2019-05-17,11700.0,34600.0,117350.0,25950.0,36300.0,49050.0,37000.0,39000.0,13250.0,13800.0
2019-05-18,11700.0,34466.666666666664,117333.33333333333,25966.666666666668,36016.666666666664,47766.666666666664,36933.333333333336,39450.0,13216.666666666666,13800.0
2019-05-19,11700.0,34333.333333333336,117316.66666666667,25983.333333333332,35733.333333333336,46483.333333333336,36866.666666666664,39900.0,13183.333333333334,13800.0
2019-05-20,11700.0,34200.0,117300.0,26000.0,35450.0,45200.0,36800.0,40350.0,13150.0,13800.0
2019-05-21,11700.0,34100.0,117250.0,25900.0,35500.0,44550.0,36350.0,40000.0,13150.0,13850.0
2019-05-22,11700.0,34100.0,117300.0,25900.0,35350.0,43550.0,36000.0,39250.0,13150.0,13850.0
2019-05-23,11700.0,34150.0,117400.0,25900.0,35200.0,42500.0,36250.0,38850.0,13150.0,13850.0
2019-05-24,11700.0,34250.0,117350.0,25850.0,35250.0,41950.0,36500.0,38850.0,13150.0,13850.0
2019-05-25,11700.0,34383.333333333336,117433.33333333333,25816.666666666668,35316.666666666664,41750.0,37133.333333333336,38933.333333333336,13150.0,13850.0
2019-05-26,11700.0,34516.666666666664,117516.66666666667,25783.333333333332,35383.333333333336,41550.0,37766.666666666664,39016.666666666664,13150.0,13850.0
2019-05-27,11700.0,34650.0,117600.0,25750.0,35450.0,41350.0,38400.0,39100.0,13150.0,13850.0
2019-05-28,11650.0,34700.0,118100.0,25400.0,35600.0,41050.0,39150.0,38700.0,13050.0,13850.0
2019-05-29,11700.0,35200.0,118300.0,25650.0,35950.0,41550.0,40500.0,39550.0,13200.0,13900.0
2019-05-30,11400.0,35000.0,115000.0,23000.0,25000.0,37500.0,30000.0,21250.0,12100.0,13250.0
2019-05-31,11700.0,35800.0,119350.0,25700.0,36650.0,41450.0,44050.0,39150.0,13150.0,13900.0
2019-06-01,11700.0,36316.666666666664,121183.33333333333,25683.333333333332,37166.666666666664,41600.0,48783.333333333336,40616.666666666664,13150.0,13900.0
2019-06-02,11700.0,36833.333333333336,123016.66666666667,25666.666666666668,37683.333333333336,41750.0,53516.666666666664,42083.333333333336,13150.0,13900.0
2019-06-03,11700.0,37350.0,124850.0,25650.0,38200.0,41900.0,58250.0,43550.0,13150.0,13900.0
2019-06-04,11700.0,38500.0,126350.0,25700.0,38900.0,42400.0,63600.0,46000.0,13150.0,13900.0
2019-06-05,12400.0,39250.0,128175.0,31850.0,46325.0,54950.0,51175.0,54250.0,14125.0,14150.0
2019-06-06,13100.0,40000.0,130000.0,38000.0,53750.0,67500.0,38750.0,62500.0,15100.0,14400.0
2019-06-07,11500.0,39250.0,119000.0,28650.0,43350.0,47550.0,57250.0,42100.0,13450.0,14300.0
2019-06-08,11566.666666666666,38550.0,119366.66666666667,27583.333333333332,41750.0,45566.666666666664,55583.333333333336,42716.666666666664,13333.333333333334,14166.666666666666
2019-06-09,11633.333333333334,37850.0,119733.33333333333,26516.666666666668,40150.0,43583.333333333336,53916.666666666664,43333.333333333336,13216.666666666666,14033.333333333334
2019-06-10,11700.0,37150.0,120100.0,25450.0,38550.0,41600.0,52250.0,43950.0,13100.0,13900.0
2019-06-11,11700.0,36650.0,119350.0,25350.0,38700.0,41500.0,50800.0,42700.0,13150.0,13900.0
2019-06-12,11650.0,36250.0,119250.0,25000.0,38700.0,41700.0,48550.0,41000.0,13050.0,13850.0
2019-06-13,11700.0,35950.0,118750.0,25250.0,39050.0,41850.0,49750.0,40200.0,13150.0,13900.0
2019-06-14,11700.0,35650.0,118550.0,25150.0,39100.0,41950.0,50500.0,40200.0,13150.0,13900.0
2019-06-15,11700.0,35283.333333333336,118516.66666666667,25100.0,39233.333333333336,41816.666666666664,50383.333333333336,39983.333333333336,13150.0,13883.333333333334
2019-06-16,11700.0,34916.666666666664,118483.33333333333,25050.0,39366.666666666664,41683.333333333336,50266.666666666664,39766.666666666664,13150.0,13866.666666666666
2019-06-17,11700.0,34550.0,118450.0,25000.0,39500.0,41550.0,50150.0,39550.0,13150.0,13850.0
2019-06-18,11700.0,34300.0,118400.0,25000.0,39500.0,41450.0,49650.0,39100.0,13150.0,13850.0
2019-06-19,11700.0,34200.0,118400.0,24900.0,39400.0,41350.0,49650.0,39550.0,13150.0,13850.0
2019-06-20,11700.0,34150.0,118400.0,24800.0,39450.0,41200.0,49950.0,40100.0,13150.0,13850.0
2019-06-21,11700.0,33950.0,118400.0,24750.0,39200.0,41150.0,51300.0,41150.0,13150.0,13850.0
2019-06-22,11700.0,33733.333333333336,118383.33333333333,24783.333333333332,39200.0,40966.666666666664,51783.333333333336,41650.0,13150.0,13850.0
2019-06-23,11700.0,33516.666666666664,118366.66666666667,24816.666666666668,39200.0,40783.333333333336,52266.666666666664,42150.0,13150.0,13850.0
2019-06-24,11700.0,33300.0,118350.0,24850.0,39200.0,40600.0,52750.0,42650.0,13150.0,13850.0
2019-06-25,11700.0,33050.0,118200.0,24950.0,39150.0,40650.0,53100.0,42600.0,13150.0,13850.0
2019-06-26,11700.0,32850.0,118300.0,24900.0,38850.0,40500.0,53800.0,42550.0,13150.0,13850.0
2019-06-27,11700.0,32750.0,118200.0,24950.0,38850.0,40350.0,53850.0,42800.0,13150.0,13850.0
2019-06-28,11700.0,32650.0,118150.0,24850.0,38550.0,40150.0,54400.0,43800.0,13150.0,13850.0
2019-06-29,11700.0,32616.666666666668,118133.33333333333,24883.333333333332,38166.666666666664,39883.333333333336,54616.666666666664,44566.666666666664,13150.0,13850.0
2019-06-30,11700.0,32583.333333333332,118116.66666666667,24916.666666666668,37783.333333333336,39616.666666666664,54833.333333333336,45333.333333333336,13150.0,13850.0
2019-07-01,11700.0,32550.0,118100.0,24950.0,37400.0,39350.0,55050.0,46100.0,13150.0,13850.0
2019-07-02,11700.0,32550.0,117900.0,24900.0,37100.0,39200.0,55350.0,47400.0,13100.0,13850.0
2019-07-03,11700.0,32850.0,117900.0,24900.0,37100.0,39050.0,56150.0,49500.0,13100.0,13850.0
2019-07-04,11750.0,33450.0,118200.0,25000.0,36900.0,38850.0,57850.0,52400.0,13150.0,13850.0
2019-07-05,11700.0,33500.0,117750.0,24900.0,36600.0,38800.0,57300.0,52650.0,13100.0,13850.0
2019-07-06,11700.0,33783.333333333336,117650.0,24900.0,36366.666666666664,38650.0,57650.0,53266.666666666664,13100.0,13850.0
2019-07-07,11700.0,34066.666666666664,117550.0,24900.0,36133.333333333336,38500.0,58000.0,53883.333333333336,13100.0,13850.0
2019-07-08,11700.0,34350.0,117450.0,24900.0,35900.0,38350.0,58350.0,54500.0,13100.0,13850.0
2019-07-09,11700.0,34800.0,117750.0,24900.0,35950.0,38100.0,58450.0,55050.0,13100.0,13850.0
2019-07-10,11700.0,35300.0,117750.0,24950.0,35650.0,37900.0,58150.0,55800.0,13100.0,13850.0
2019-07-11,11700.0,35500.0,117750.0,24800.0,35000.0,37550.0,58000.0,56750.0,13100.0,13850.0
2019-07-12,11700.0,35800.0,117700.0,24800.0,34850.0,37400.0,58450.0,56900.0,13100.0,13850.0
2019-07-13,11700.0,36050.0,117650.0,24783.333333333332,34783.333333333336,37416.666666666664,58966.666666666664,58133.333333333336,13100.0,13850.0
2019-07-14,11700.0,36300.0,117600.0,24766.666666666668,34716.666666666664,37433.333333333336,59483.333333333336,59366.666666666664,13100.0,13850.0
2019-07-15,11700.0,36550.0,117550.0,24750.0,34650.0,37450.0,60000.0,60600.0,13100.0,13850.0
2019-07-16,11700.0,36350.0,117650.0,24700.0,34350.0,37350.0,60150.0,61000.0,13100.0,13850.0
2019-07-17,11700.0,36500.0,117750.0,24700.0,34250.0,37150.0,59650.0,61250.0,13100.0,13850.0
2019-07-18,11700.0,36500.0,117700.0,24750.0,33950.0,36900.0,59350.0,62000.0,13100.0,13850.0
2019-07-19,11750.0,36700.0,117950.0,24800.0,33850.0,36950.0,59850.0,63100.0,13100.0,13850.0
2019-07-20,11733.333333333334,36416.666666666664,117900.0,24783.333333333332,33700.0,36850.0,59616.666666666664,63216.666666666664,13100.0,13850.0
2019-07-21,11716.666666666666,36133.333333333336,117850.0,24766.666666666668,33550.0,36750.0,59383.333333333336,63333.333333333336,13100.0,13850.0
2019-07-22,11700.0,35850.0,117800.0,24750.0,33400.0,36650.0,59150.0,63450.0,13100.0,13850.0
2019-07-23,11750.0,35400.0,118050.0,24850.0,33400.0,36750.0,58900.0,64150.0,13100.0,13850.0
2019-07-24,11700.0,35100.0,117950.0,24900.0,33000.0,36300.0,58750.0,64850.0,13100.0,13850.0
2019-07-25,11750.0,34900.0,117750.0,25050.0,32650.0,36250.0,58500.0,65000.0,13100.0,13800.0
2019-07-26,11700.0,35200.0,117950.0,25000.0,32800.0,36200.0,58150.0,64800.0,13100.0,13800.0
2019-07-27,11700.0,34950.0,117883.33333333333,24966.666666666668,32500.0,36066.666666666664,57983.333333333336,66000.0,13100.0,13800.0
2019-07-28,11700.0,34700.0,117816.66666666667,24933.333333333332,32200.0,35933.333333333336,57816.666666666664,67200.0,13100.0,13800.0
2019-07-29,11700.0,34450.0,117750.0,24900.0,31900.0,35800.0,57650.0,68400.0,13100.0,13800.0
2019-07-30,11700.0,34100.0,117650.0,24950.0,31600.0,35650.0,57350.0,69000.0,13100.0,13800.0
2019-07-31,11700.0,33950.0,117800.0,24950.0,31700.0,35500.0,57600.0,68950.0,13100.0,13800.0
2019-08-01,11700.0,33850.0,117750.0,24950.0,31450.0,35250.0,57300.0,69000.0,13100.0,13800.0
2019-08-02,11700.0,33600.0,117750.0,24950.0,31350.0,35250.0,57600.0,68750.0,13100.0,13800.0
2019-08-03,11700.0,33566.666666666664,117750.0,24933.333333333332,31166.666666666668,35100.0,58500.0,68900.0,13100.0,13800.0
2019-08-04,11700.0,33533.333333333336,117750.0,24916.666666666668,30983.333333333332,34950.0,59400.0,69050.0,13100.0,13800.0
2019-08-05,11700.0,33500.0,117750.0,24900.0,30800.0,34800.0,60300.0,69200.0,13100.0,13800.0
2019-08-06,11700.0,33500.0,117800.0,24900.0,30550.0,34600.0,61600.0,70100.0,13100.0,13800.0
2019-08-07,11700.0,33600.0,117850.0,24900.0,30650.0,34800.0,63950.0,70700.0,13100.0,13800.0
2019-08-08,11700.0,33700.0,118000.0,24900.0,30350.0,34550.0,66850.0,71000.0,13150.0,13800.0
2019-08-09,11700.0,33800.0,119050.0,24900.0,30300.0,34550.0,70650.0,72300.0,13150.0,13750.0
2019-08-10,11700.0,33916.666666666664,119066.66666666667,24883.333333333332,30183.333333333332,34566.666666666664,71183.33333333333,72566.66666666667,13133.333333333334,13750.0
2019-08-11,11700.0,34033.333333333336,119083.33333333333,24866.666666666668,30066.666666666668,34583.333333333336,71716.66666666667,72833.33333333333,13116.666666666666,13750.0
2019-08-12,11700.0,34150.0,119100.0,24850.0,29950.0,34600.0,72250.0,73100.0,13100.0,13750.0
2019-08-13,11700.0,33850.0,118600.0,24700.0,29700.0,34550.0,71550.0,72750.0,13100.0,13750.0
2019-08-14,11750.0,33700.0,118800.0,24800.0,29500.0,34400.0,70750.0,73400.0,13150.0,13750.0
2019-08-15,11700.0,33200.0,118350.0,24700.0,29350.0,34150.0,69600.0,72350.0,13100.0,13750.0
2019-08-16,11750.0,33050.0,118650.0,24850.0,29300.0,34100.0,68050.0,71300.0,13150.0,13750.0
2019-08-17,11733.333333333334,32733.333333333332,118500.0,24766.666666666668,29000.0,34016.666666666664,66516.66666666667,69766.66666666667,13150.0,13766.666666666666
2019-08-18,11716.666666666666,32416.666666666668,118350.0,24683.333333333332,28700.0,33933.333333333336,64983.333333333336,68233.33333333333,13150.0,13783.333333333334
2019-08-19,11700.0,32100.0,118200.0,24600.0,28400.0,33850.0,63450.0,66700.0,13150.0,13800.0
2019-08-20,11700.0,31900.0,118250.0,25000.0,28400.0,34000.0,62300.0,65650.0,13150.0,13800.0
2019-08-21,11700.0,31750.0,118200.0,25000.0,27850.0,33850.0,61200.0,64250.0,13150.0,13800.0
2019-08-22,11700.0,31650.0,118400.0,24900.0,27550.0,33650.0,60300.0,63700.0,13150.0,13750.0
2019-08-23,11700.0,31550.0,118250.0,24900.0,27300.0,33600.0,58750.0,62750.0,13150.0,13750.0
2019-08-24,11700.0,31400.0,118233.33333333333,24916.666666666668,27016.666666666668,33483.333333333336,57750.0,62116.666666666664,13150.0,13750.0
2019-08-25,11700.0,31250.0,118216.66666666667,24933.333333333332,26733.333333333332,33366.666666666664,56750.0,61483.333333333336,13150.0,13750.0
2019-08-26,11700.0,31100.0,118200.0,24950.0,26450.0,33250.0,55750.0,60850.0,13150.0,13750.0
2019-08-27,11700.0,30800.0,118100.0,24850.0,26150.0,33250.0,55250.0,60150.0,13100.0,13750.0
2019-08-28,11700.0,30950.0,118200.0,24850.0,25950.0,33150.0,54700.0,59400.0,13150.0,13750.0
2019-08-29,11700.0,30800.0,118200.0,24850.0,25750.0,33100.0,54400.0,58600.0,13150.0,13750.0
2019-08-30,11700.0,30750.0,118100.0,24950.0,25700.0,33150.0,53400.0,57150.0,13150.0,13750.0
2019-08-31,11700.0,30650.0,118000.0,24883.333333333332,25400.0,33050.0,53300.0,57483.333333333336,13150.0,13750.0
2019-09-01,11700.0,30550.0,117900.0,24816.666666666668,25100.0,32950.0,53200.0,57816.666666666664,13150.0,13750.0
2019-09-02,11700.0,30450.0,117800.0,24750.0,24800.0,32850.0,53100.0,58150.0,13150.0,13750.0
2019-09-03,11700.0,30300.0,118250.0,24750.0,24750.0,32900.0,52150.0,59000.0,13150.0,13750.0
2019-09-04,11700.0,30100.0,118250.0,24700.0,24550.0,32750.0,51900.0,59550.0,13150.0,13700.0
2019-09-05,11700.0,30100.0,118250.0,24650.0,24300.0,32600.0,51350.0,59700.0,13150.0,13700.0
2019-09-06,11700.0,30050.0,118250.0,24600.0,24250.0,32500.0,50650.0,60100.0,13150.0,13700.0
2019-09-07,11700.0,30166.666666666668,118200.0,24550.0,24183.333333333332,32533.333333333332,50183.333333333336,60383.333333333336,13150.0,13700.0
2019-09-08,11700.0,30283.333333333332,118150.0,24500.0,24116.666666666668,32566.666666666668,49716.666666666664,60666.666666666664,13150.0,13700.0
2019-09-09,11700.0,30400.0,118100.0,24450.0,24050.0,32600.0,49250.0,60950.0,13150.0,13700.0
2019-09-10,11700.0,30500.0,118100.0,24400.0,24000.0,32600.0,49000.0,61400.0,13150.0,13700.0
2019-09-11,11700.0,30850.0,118000.0,24400.0,24050.0,32450.0,48350.0,60250.0,13150.0,13700.0
2019-09-12,11700.0,31050.0,118000.0,24350.0,23900.0,32400.0,47550.0,60350.0,13150.0,13700.0
2019-09-13,11700.0,31450.0,118100.0,24300.0,23750.0,32350.0,47000.0,60150.0,13150.0,13700.0
2019-09-14,11700.0,31566.666666666668,118100.0,24250.0,23683.333333333332,32283.333333333332,46566.666666666664,59750.0,13133.333333333334,13700.0
2019-09-15,11700.0,31683.333333333332,118100.0,24200.0,23616.666666666668,32216.666666666668,46133.333333333336,59350.0,13116.666666666666,13700.0
2019-09-16,11700.0,31800.0,118100.0,24150.0,23550.0,32150.0,45700.0,58950.0,13100.0,13700.0
2019-09-17,11700.0,31900.0,118100.0,24100.0,23550.0,32150.0,45300.0,58850.0,13100.0,13700.0
2019-09-18,11700.0,32150.0,118100.0,24050.0,23450.0,32050.0,44450.0,57850.0,13100.0,13700.0
2019-09-19,11700.0,32050.0,118100.0,24000.0,23300.0,32000.0,43450.0,57750.0,13100.0,13700.0
2019-09-20,11700.0,31850.0,118100.0,23950.0,23300.0,31900.0,43150.0,57200.0,13100.0,13700.0
2019-09-21,11700.0,31833.333333333332,118050.0,23950.0,23233.333333333332,31883.333333333332,43150.0,56800.0,13100.0,13700.0
2019-09-22,11700.0,31816.666666666668,118000.0,23950.0,23166.666666666668,31866.666666666668,43150.0,56400.0,13100.0,13700.0
2019-09-23,11700.0,31800.0,117950.0,23950.0,23100.0,31850.0,43150.0,56000.0,13100.0,13700.0
2019-09-24,11700.0,31750.0,118200.0,23850.0,23150.0,31750.0,43200.0,55450.0,13150.0,13700.0
2019-09-25,11700.0,31600.0,118100.0,23750.0,23150.0,31800.0,42950.0,55100.0,13150.0,13700.0
2019-09-26,11700.0,31650.0,118200.0,23700.0,23050.0,31600.0,42850.0,54750.0,13150.0,13700.0
2019-09-27,11750.0,31500.0,118200.0,23700.0,22950.0,31600.0,42650.0,54600.0,13150.0,13700.0
2019-09-28,11733.333333333334,31516.666666666668,118133.33333333333,23700.0,22900.0,31616.666666666668,42716.666666666664,54550.0,13133.333333333334,13700.0
2019-09-29,11716.666666666666,31533.333333333332,118066.66666666667,23700.0,22850.0,31633.333333333332,42783.333333333336,54500.0,13116.666666666666,13700.0
2019-09-30,11700.0,31550.0,118000.0,23700.0,22800.0,31650.0,42850.0,54450.0,13100.0,13700.0
2019-10-01,11700.0,31750.0,118000.0,23650.0,22800.0,31450.0,42750.0,54200.0,13100.0,13700.0
2019-10-02,11750.0,32050.0,117900.0,23600.0,22800.0,31450.0,42700.0,54750.0,13100.0,13700.0
2019-10-03,11750.0,32150.0,118050.0,23500.0,22650.0,31200.0,43000.0,55400.0,13100.0,13750.0
2019-10-04,11750.0,32300.0,118050.0,23450.0,22450.0,31250.0,42950.0,55600.0,13100.0,13750.0
2019-10-05,11750.0,32383.333333333332,118033.33333333333,23466.666666666668,22516.666666666668,31333.333333333332,43216.666666666664,55816.666666666664,13083.333333333334,13733.333333333334
2019-10-06,11750.0,32466.666666666668,118016.66666666667,23483.333333333332,22583.333333333332,31416.666666666668,43483.333333333336,56033.333333333336,13066.666666666666,13716.666666666666
2019-10-07,11750.0,32550.0,118000.0,23500.0,22650.0,31500.0,43750.0,56250.0,13050.0,13700.0
2019-10-08,11750.0,32650.0,118150.0,23450.0,22900.0,31350.0,44350.0,56400.0,13050.0,13700.0
2019-10-09,11750.0,32800.0,118150.0,23500.0,23350.0,31400.0,44250.0,55900.0,13050.0,13750.0
2019-10-10,11750.0,32900.0,118150.0,23450.0,23600.0,31350.0,44450.0,56450.0,13050.0,13700.0
2019-10-11,11750.0,33050.0,118100.0,23450.0,23950.0,31300.0,44900.0,57300.0,13050.0,13750.0
2019-10-12,11750.0,33216.666666666664,118100.0,23416.666666666668,24350.0,31266.666666666668,45283.333333333336,56950.0,13050.0,13750.0
2019-10-13,11750.0,33383.333333333336,118100.0,23383.333333333332,24750.0,31233.333333333332,45666.666666666664,56600.0,13050.0,13750.0
2019-10-14,11750.0,33550.0,118100.0,23350.0,25150.0,31200.0,46050.0,56250.0,13050.0,13750.0
2019-10-15,11750.0,33550.0,118200.0,23350.0,25500.0,31150.0,46200.0,56500.0,13150.0,13750.0
2019-10-16,11750.0,33750.0,118400.0,23250.0,25950.0,31350.0,45800.0,54350.0,13100.0,13800.0
2019-10-17,11750.0,33750.0,118250.0,23300.0,26050.0,31200.0,45750.0,55950.0,13100.0,13750.0
2019-10-18,11750.0,33850.0,118250.0,23350.0,26400.0,31300.0,45550.0,55950.0,13100.0,13750.0
2019-10-19,11750.0,33933.333333333336,118183.33333333333,23350.0,26433.333333333332,31266.666666666668,45433.333333333336,56133.333333333336,13083.333333333334,13750.0
2019-10-20,11750.0,34016.666666666664,118116.66666666667,23350.0,26466.666666666668,31233.333333333332,45316.666666666664,56316.666666666664,13066.666666666666,13750.0
2019-10-21,11750.0,34100.0,118050.0,23350.0,26500.0,31200.0,45200.0,56500.0,13050.0,13750.0
2019-10-22,11750.0,34100.0,118050.0,23400.0,26600.0,31250.0,45050.0,56400.0,13050.0,13750.0
2019-10-23,11750.0,34050.0,118050.0,23400.0,26550.0,31300.0,44850.0,55400.0,13050.0,13800.0
2019-10-24,11750.0,34100.0,118000.0,23400.0,26550.0,31350.0,44500.0,54450.0,13050.0,13800.0
2019-10-25,11750.0,34050.0,118050.0,23300.0,26600.0,31350.0,44350.0,54350.0,13050.0,13800.0
2019-10-26,11750.0,34066.666666666664,118050.0,23283.333333333332,26566.666666666668,31283.333333333332,43650.0,54250.0,13050.0,13800.0
2019-10-27,11750.0,34083.333333333336,118050.0,23266.666666666668,26533.333333333332,31216.666666666668,42950.0,54150.0,13050.0,13800.0
2019-10-28,11750.0,34100.0,118050.0,23250.0,26500.0,31150.0,42250.0,54050.0,13050.0,13800.0
2019-10-29,11750.0,34000.0,118050.0,23200.0,26350.0,31150.0,42100.0,54150.0,13050.0,13800.0
2019-10-30,11750.0,33950.0,118050.0,23200.0,26500.0,31200.0,41850.0,54000.0,13050.0,13800.0
2019-10-31,11750.0,33950.0,118250.0,23150.0,26550.0,31200.0,40950.0,51600.0,13050.0,13850.0
2019-11-01,11750.0,33900.0,118150.0,23250.0,26750.0,31150.0,41050.0,53600.0,13050.0,13800.0
2019-11-02,11750.0,33900.0,118100.0,23233.333333333332,26883.333333333332,31200.0,41033.333333333336,53766.666666666664,13066.666666666666,13800.0
2019-11-03,11750.0,33900.0,118050.0,23216.666666666668,27016.666666666668,31250.0,41016.666666666664,53933.333333333336,13083.333333333334,13800.0
2019-11-04,11750.0,33900.0,118000.0,23200.0,27150.0,31300.0,41000.0,54100.0,13100.0,13800.0
2019-11-05,11750.0,33950.0,117950.0,23200.0,27550.0,31300.0,41300.0,53800.0,13100.0,13800.0
2019-11-06,11750.0,33950.0,118000.0,23200.0,27850.0,31250.0,41000.0,53850.0,13100.0,13800.0
2019-11-07,11750.0,33950.0,117900.0,23150.0,28000.0,31350.0,41200.0,53700.0,13350.0,13800.0
2019-11-08,11750.0,33850.0,118050.0,23200.0,28150.0,31350.0,41600.0,53550.0,13100.0,13800.0
2019-11-09,11750.0,33900.0,118033.33333333333,23266.666666666668,28383.333333333332,31366.666666666668,41850.0,53600.0,13200.0,13800.0
2019-11-10,11750.0,33950.0,118016.66666666667,23333.333333333332,28616.666666666668,31383.333333333332,42100.0,53650.0,13300.0,13800.0
2019-11-11,11750.0,34000.0,118000.0,23400.0,28850.0,31400.0,42350.0,53700.0,13400.0,13800.0
2019-11-12,11750.0,34000.0,117950.0,23500.0,29050.0,31400.0,41900.0,53100.0,13100.0,13800.0
2019-11-13,11750.0,34200.0,117950.0,23600.0,29050.0,31400.0,42200.0,53150.0,13150.0,13800.0
2019-11-14,11750.0,34300.0,117950.0,23700.0,29200.0,31450.0,41900.0,53100.0,13150.0,13800.0
2019-11-15,11800.0,34650.0,118250.0,23850.0,29600.0,31500.0,41600.0,52800.0,13150.0,13800.0
2019-11-16,11783.333333333334,34683.333333333336,118166.66666666667,23916.666666666668,29750.0,31500.0,41000.0,52133.333333333336,13150.0,13800.0
2019-11-17,11766.666666666666,34716.666666666664,118083.33333333333,23983.333333333332,29900.0,31500.0,40400.0,51466.666666666664,13150.0,13800.0
2019-11-18,11750.0,34750.0,118000.0,24050.0,30050.0,31500.0,39800.0,50800.0,13150.0,13800.0
2019-11-19,11750.0,34750.0,118000.0,24100.0,30100.0,31500.0,39700.0,49900.0,13150.0,13800.0
2019-11-20,11750.0,34800.0,118000.0,24200.0,30450.0,31600.0,39300.0,49450.0,13200.0,13800.0
2019-11-21,11750.0,34700.0,118000.0,24250.0,30600.0,31600.0,38800.0,48600.0,13200.0,13800.0
2019-11-22,11750.0,34800.0,118000.0,24300.0,30700.0,31600.0,38500.0,47700.0,13200.0,13800.0
2019-11-23,11750.0,34816.666666666664,118000.0,24383.333333333332,30733.333333333332,31583.333333333332,37850.0,47000.0,13233.333333333334,13800.0
2019-11-24,11750.0,34833.333333333336,118000.0,24466.666666666668,30766.666666666668,31566.666666666668,37200.0,46300.0,13266.666666666666,13800.0
2019-11-25,11750.0,34850.0,118000.0,24550.0,30800.0,31550.0,36550.0,45600.0,13300.0,13800.0
2019-11-26,11750.0,34900.0,118000.0,24700.0,30850.0,31550.0,36200.0,45150.0,13200.0,13800.0
2019-11-27,11750.0,34950.0,118000.0,24800.0,30900.0,31600.0,35350.0,44350.0,13200.0,13800.0
2019-11-28,11750.0,34750.0,117950.0,24850.0,31000.0,31600.0,35200.0,43700.0,13200.0,13800.0
2019-11-29,11750.0,34700.0,117950.0,24950.0,31050.0,31650.0,34800.0,43150.0,13200.0,13800.0
2019-11-30,11750.0,34666.666666666664,117966.66666666667,25000.0,31233.333333333332,31733.333333333332,34350.0,42450.0,13216.666666666666,13800.0
2019-12-01,11750.0,34633.333333333336,117983.33333333333,25050.0,31416.666666666668,31816.666666666668,33900.0,41750.0,13233.333333333334,13800.0
2019-12-02,11750.0,34600.0,118000.0,25100.0,31600.0,31900.0,33450.0,41050.0,13250.0,13800.0
2019-12-03,11750.0,34450.0,118100.0,25150.0,31700.0,31900.0,33050.0,40750.0,13250.0,13800.0
2019-12-04,11750.0,34200.0,118050.0,25200.0,31850.0,31900.0,32450.0,40250.0,13250.0,13800.0
2019-12-05,11750.0,34200.0,118050.0,25250.0,31950.0,31850.0,32150.0,39900.0,13250.0,13800.0
2019-12-06,11750.0,34100.0,118050.0,25250.0,32000.0,31850.0,31950.0,39700.0,13250.0,13800.0
2019-12-07,11733.333333333334,34083.333333333336,117950.0,25283.333333333332,32133.333333333332,31833.333333333332,31750.0,39366.666666666664,13266.666666666666,13800.0
2019-12-08,11716.666666666666,34066.666666666664,117850.0,25316.666666666668,32266.666666666668,31816.666666666668,31550.0,39033.333333333336,13283.333333333334,13800.0
2019-12-09,11700.0,34050.0,117750.0,25350.0,32400.0,31800.0,31350.0,38700.0,13300.0,13800.0
2019-12-10,11750.0,34200.0,118050.0,25350.0,32800.0,32000.0,31300.0,38650.0,13300.0,13800.0
2019-12-11,11800.0,34050.0,118550.0,25600.0,33050.0,32200.0,31900.0,37650.0,13300.0,13850.0
2019-12-12,11750.0,34200.0,118050.0,25600.0,33150.0,32050.0,31550.0,37950.0,13300.0,13800.0
2019-12-13,11750.0,34250.0,118050.0,25700.0,33450.0,32200.0,31850.0,37750.0,13350.0,13850.0
2019-12-14,11750.0,34283.333333333336,118050.0,25783.333333333332,33716.666666666664,32233.333333333332,32000.0,37566.666666666664,13350.0,13850.0
2019-12-15,11750.0,34316.666666666664,118050.0,25866.666666666668,33983.333333333336,32266.666666666668,32150.0,37383.333333333336,13350.0,13850.0
2019-12-16,11750.0,34350.0,118050.0,25950.0,34250.0,32300.0,32300.0,37200.0,13350.0,13850.0
2019-12-17,11750.0,34550.0,118050.0,26000.0,34600.0,32350.0,32550.0,37000.0,13350.0,13850.0
2019-12-18,11750.0,34600.0,118050.0,26000.0,34950.0,32450.0,32500.0,36850.0,13400.0,13850.0
2019-12-19,11750.0,34450.0,118000.0,26100.0,35250.0,32450.0,32500.0,37100.0,13400.0,13850.0
2019-12-20,11750.0,34600.0,118000.0,26200.0,35600.0,32450.0,32700.0,37100.0,13400.0,13850.0
2019-12-21,11750.0,34733.333333333336,118216.66666666667,26216.666666666668,35950.0,32483.333333333332,33366.666666666664,37716.666666666664,13400.0,13850.0
2019-12-22,11750.0,34866.666666666664,118433.33333333333,26233.333333333332,36300.0,32516.666666666668,34033.333333333336,38333.333333333336,13400.0,13850.0
2019-12-23,11750.0,35000.0,118650.0,26250.0,36650.0,32550.0,34700.0,38950.0,13400.0,13850.0
2019-12-24,11500.0,34300.0,120500.0,26700.0,38000.0,32850.0,33300.0,39800.0,13300.0,13850.0
2019-12-25,10400.0,30300.0,113100.0,25400.0,33650.0,31900.0,25000.0,32200.0,13500.0,13800.0
2019-12-26,11800.0,35200.0,118800.0,26250.0,37400.0,32650.0,35250.0,39500.0,13450.0,13900.0
2019-12-27,11750.0,35000.0,118800.0,26350.0,37450.0,32600.0,35650.0,39000.0,13400.0,13850.0
2019-12-28,11766.666666666666,34983.333333333336,118850.0,26316.666666666668,37483.333333333336,32616.666666666668,35800.0,38900.0,13416.666666666666,13866.666666666666
2019-12-29,11783.333333333334,34966.666666666664,118900.0,26283.333333333332,37516.666666666664,32633.333333333332,35950.0,38800.0,13433.333333333334,13883.333333333334
2019-12-30,11800.0,34950.0,118950.0,26250.0,37550.0,32650.0,36100.0,38700.0,13450.0,13900.0
2019-12-31,11800.0,35150.0,118550.0,26250.0,37600.0,32600.0,36400.0,39150.0,13450.0,13900.0
2020-01-01,11800.0,35100.0,118500.0,26275.0,37400.0,32625.0,37900.0,40175.0,13475.0,13925.0
2020-01-02,11800.0,35050.0,118450.0,26300.0,37200.0,32650.0,39400.0,41200.0,13500.0,13950.0
2020-01-03,11850.0,35050.0,118700.0,26350.0,37250.0,32850.0,39800.0,42900.0,13550.0,13900.0
2020-01-04,11833.333333333334,34766.666666666664,118583.33333333333,26250.0,37166.666666666664,32933.333333333336,40800.0,44233.333333333336,13566.666666666666,13933.333333333334
2020-01-05,11816.666666666666,34483.333333333336,118466.66666666667,26150.0,37083.333333333336,33016.666666666664,41800.0,45566.666666666664,13583.333333333334,13966.666666666666
2020-01-06,11800.0,34200.0,118350.0,26050.0,37000.0,33100.0,42800.0,46900.0,13600.0,14000.0
2020-01-07,11800.0,34000.0,118300.0,25950.0,36600.0,33350.0,42950.0,47600.0,13600.0,14000.0
2020-01-08,11800.0,33950.0,118250.0,25900.0,36750.0,33400.0,43200.0,47550.0,13600.0,14000.0
2020-01-09,11800.0,33850.0,118300.0,25800.0,36800.0,33700.0,43550.0,47500.0,13650.0,14050.0
2020-01-10,11850.0,34050.0,118550.0,25900.0,37150.0,34050.0,43800.0,47600.0,13650.0,14050.0
2020-01-11,11833.333333333334,33883.333333333336,118416.66666666667,25833.333333333332,37183.333333333336,34183.333333333336,44266.666666666664,47850.0,13666.666666666666,14116.666666666666
2020-01-12,11816.666666666666,33716.666666666664,118283.33333333333,25766.666666666668,37216.666666666664,34316.666666666664,44733.333333333336,48100.0,13683.333333333334,14183.333333333334
2020-01-13,11800.0,33550.0,118150.0,25700.0,37250.0,34450.0,45200.0,48350.0,13700.0,14250.0
2020-01-14,11850.0,33400.0,118150.0,25700.0,37350.0,34850.0,45200.0,49350.0,13750.0,14300.0
2020-01-15,11850.0,33200.0,118150.0,25700.0,37250.0,35050.0,45850.0,50050.0,13750.0,14350.0
2020-01-16,11850.0,33150.0,118500.0,25650.0,37300.0,35150.0,46750.0,51200.0,13750.0,14350.0
2020-01-17,11850.0,33100.0,118150.0,25650.0,37350.0,35350.0,47000.0,52100.0,13750.0,14350.0
2020-01-18,11850.0,33000.0,118133.33333333333,25616.666666666668,37400.0,35416.666666666664,47083.333333333336,52850.0,13750.0,14366.666666666666
2020-01-19,11850.0,32900.0,118116.66666666667,25583.333333333332,37450.0,35483.333333333336,47166.666666666664,53600.0,13750.0,14383.333333333334
2020-01-20,11850.0,32800.0,118100.0,25550.0,37500.0,35550.0,47250.0,54350.0,13750.0,14400.0
2020-01-21,11850.0,32650.0,118100.0,25450.0,37500.0,35600.0,46950.0,55200.0,13800.0,14450.0
2020-01-22,11850.0,32600.0,118000.0,25350.0,37600.0,35650.0,47200.0,56300.0,13800.0,14450.0
2020-01-23,11850.0,32550.0,118050.0,25300.0,37600.0,35700.0,47750.0,57200.0,13800.0,14450.0
2020-01-24,11850.0,32500.0,118100.0,25250.0,37500.0,35700.0,47600.0,57150.0,13800.0,14450.0
2020-01-25,11850.0,32450.0,118100.0,25200.0,37666.666666666664,35750.0,48033.333333333336,57516.666666666664,13800.0,14450.0
2020-01-26,11850.0,32400.0,118100.0,25150.0,37833.333333333336,35800.0,48466.666666666664,57883.333333333336,13800.0,14450.0
2020-01-27,11850.0,32350.0,118100.0,25100.0,38000.0,35850.0,48900.0,58250.0,13800.0,14450.0
2020-01-28,11850.0,32400.0,118000.0,25000.0,38150.0,36000.0,49650.0,58500.0,13850.0,14450.0
2020-01-29,11850.0,32400.0,118050.0,25000.0,38400.0,36100.0,50150.0,58650.0,13850.0,14450.0
2020-01-30,11850.0,32400.0,118400.0,24950.0,38650.0,36250.0,50200.0,57950.0,13800.0,14450.0
2020-01-31,11850.0,32450.0,118050.0,24900.0,38850.0,36450.0,50300.0,57750.0,13800.0,14450.0
2020-02-01,11850.0,32433.333333333332,118050.0,24850.0,39100.0,39183.333333333336,50700.0,57883.333333333336,13800.0,14450.0
2020-02-02,11850.0,32416.666666666668,118050.0,24800.0,39350.0,41916.666666666664,51100.0,58016.666666666664,13800.0,14450.0
2020-02-03,11850.0,32400.0,118050.0,24750.0,39600.0,44650.0,51500.0,58150.0,13800.0,14450.0
2020-02-04,11850.0,32450.0,118050.0,24700.0,40000.0,46900.0,52200.0,58350.0,13800.0,14450.0
2020-02-05,11850.0,32450.0,118050.0,24700.0,40250.0,49850.0,52050.0,57900.0,13800.0,14450.0
2020-02-06,11850.0,32500.0,118400.0,24700.0,40700.0,51800.0,51850.0,57250.0,13800.0,14500.0
2020-02-07,11850.0,32650.0,118050.0,24750.0,41100.0,53800.0,52000.0,56800.0,13800.0,14500.0
2020-02-08,11850.0,32783.333333333336,118050.0,24766.666666666668,41166.666666666664,54366.666666666664,51616.666666666664,55716.666666666664,13800.0,14500.0
2020-02-09,11850.0,32916.666666666664,118050.0,24783.333333333332,41233.333333333336,54933.333333333336,51233.333333333336,54633.333333333336,13800.0,14500.0
2020-02-10,11850.0,33050.0,118050.0,24800.0,41300.0,55500.0,50850.0,53550.0,13800.0,14500.0
2020-02-11,11850.0,33200.0,118050.0,24900.0,41400.0,55700.0,50450.0,53400.0,13800.0,14500.0
2020-02-12,11850.0,33400.0,118000.0,24900.0,41200.0,55300.0,49850.0,52550.0,13800.0,14500.0
2020-02-13,11850.0,33500.0,118000.0,25050.0,40650.0,55100.0,49700.0,51800.0,13750.0,14500.0
2020-02-14,11900.0,34000.0,118150.0,25350.0,40450.0,54450.0,49400.0,50400.0,13800.0,14550.0
2020-02-15,11900.0,34100.0,118166.66666666667,25383.333333333332,40183.333333333336,53533.333333333336,48866.666666666664,49416.666666666664,13800.0,14566.666666666666
2020-02-16,11900.0,34200.0,118183.33333333333,25416.666666666668,39916.666666666664,52616.666666666664,48333.333333333336,48433.333333333336,13800.0,14583.333333333334
2020-02-17,11900.0,34300.0,118200.0,25450.0,39650.0,51700.0,47800.0,47450.0,13800.0,14600.0
2020-02-18,11850.0,34200.0,118050.0,25350.0,39550.0,50800.0,47450.0,46500.0,13750.0,14600.0
2020-02-19,11850.0,34000.0,118250.0,25450.0,39700.0,50100.0,46950.0,45500.0,13750.0,14650.0
2020-02-20,11850.0,34050.0,118250.0,25500.0,39450.0,49600.0,47700.0,44300.0,13750.0,14650.0
2020-02-21,11850.0,34200.0,117950.0,25450.0,38900.0,48800.0,48250.0,43700.0,13750.0,14700.0
2020-02-22,11850.0,34150.0,117933.33333333333,25483.333333333332,38616.666666666664,48433.333333333336,48250.0,42833.333333333336,13750.0,14716.666666666666
2020-02-23,11850.0,34100.0,117916.66666666667,25516.666666666668,38333.333333333336,48066.666666666664,48250.0,41966.666666666664,13750.0,14733.333333333334
2020-02-24,11850.0,34050.0,117900.0,25550.0,38050.0,47700.0,48250.0,41100.0,13750.0,14750.0
2020-02-25,11850.0,33950.0,117900.0,25500.0,37700.0,47300.0,47900.0,40450.0,13750.0,14800.0
2020-02-26,11850.0,33850.0,117900.0,25600.0,37450.0,46900.0,47350.0,39850.0,14050.0,14800.0
2020-02-27,11850.0,33600.0,117950.0,25700.0,37450.0,46850.0,46100.0,39700.0,13750.0,14850.0
2020-02-28,11850.0,33400.0,118050.0,25650.0,37150.0,46500.0,45000.0,38550.0,13750.0,14850.0
2020-02-29,11850.0,33300.0,117966.66666666667,25616.666666666668,37050.0,46366.666666666664,44683.333333333336,38466.666666666664,13833.333333333334,14900.0
2020-03-01,11850.0,33200.0,117883.33333333333,25583.333333333332,36950.0,46233.333333333336,44366.666666666664,38383.333333333336,13916.666666666666,14950.0
2020-03-02,11850.0,33100.0,117800.0,25550.0,36850.0,46100.0,44050.0,38300.0,14000.0,15000.0
2020-03-03,11850.0,33000.0,117850.0,25500.0,36800.0,46000.0,43500.0,38450.0,13750.0,15150.0
2020-03-04,11850.0,33000.0,117850.0,25550.0,36750.0,45750.0,43050.0,38400.0,13750.0,15350.0
2020-03-05,11850.0,32850.0,117850.0,25500.0,36800.0,45650.0,43100.0,38600.0,13700.0,15650.0
2020-03-06,11850.0,32800.0,117050.0,25550.0,36750.0,45550.0,42600.0,38350.0,13700.0,15800.0
2020-03-07,11850.0,32733.333333333332,117466.66666666667,25600.0,36916.666666666664,45366.666666666664,42300.0,38216.666666666664,13716.666666666666,15950.0
2020-03-08,11850.0,32666.666666666668,117883.33333333333,25650.0,37083.333333333336,45183.333333333336,42000.0,38083.333333333336,13733.333333333334,16100.0
2020-03-09,11850.0,32600.0,118300.0,25700.0,37250.0,45000.0,41700.0,37950.0,13750.0,16250.0
2020-03-10,11850.0,32550.0,118450.0,25700.0,37300.0,44900.0,41300.0,38000.0,13750.0,16250.0
2020-03-11,11850.0,32600.0,118000.0,25800.0,37450.0,44600.0,40700.0,37800.0,13750.0,16800.0
2020-03-12,11850.0,32550.0,117700.0,25800.0,37350.0,44450.0,40350.0,38200.0,13750.0,16450.0
2020-03-13,11850.0,32650.0,117700.0,25800.0,37400.0,44500.0,39650.0,38250.0,13750.0,16550.0
2020-03-14,11850.0,32733.333333333332,117766.66666666667,25800.0,37516.666666666664,44366.666666666664,38933.333333333336,38500.0,13750.0,16583.333333333332
2020-03-15,11850.0,32816.666666666664,117833.33333333333,25800.0,37633.333333333336,44233.333333333336,38216.666666666664,38750.0,13750.0,16616.666666666668
2020-03-16,11850.0,32900.0,117900.0,25800.0,37750.0,44100.0,37500.0,39000.0,13750.0,16650.0
2020-03-17,11850.0,32950.0,117850.0,25800.0,37800.0,44250.0,36950.0,39750.0,13750.0,16650.0
2020-03-18,11850.0,33000.0,117900.0,25750.0,37900.0,44400.0,36450.0,40000.0,13750.0,16800.0
2020-03-19,11850.0,33000.0,117900.0,25850.0,37850.0,44300.0,35900.0,40150.0,13700.0,16850.0
2020-03-20,11900.0,33000.0,117850.0,25850.0,37700.0,44400.0,35900.0,40350.0,13700.0,16950.0
2020-03-21,11883.333333333334,32850.0,117850.0,25883.333333333332,38100.0,44433.333333333336,35666.666666666664,40566.666666666664,13700.0,17050.0
2020-03-22,11866.666666666666,32700.0,117850.0,25916.666666666668,38500.0,44466.666666666664,35433.333333333336,40783.333333333336,13700.0,17150.0
2020-03-23,11850.0,32550.0,117850.0,25950.0,38900.0,44500.0,35200.0,41000.0,13700.0,17250.0
2020-03-24,11850.0,32400.0,118500.0,26050.0,39100.0,44700.0,34850.0,41550.0,13700.0,18000.0
2020-03-25,11050.0,31150.0,116300.0,26300.0,39050.0,43950.0,32150.0,33900.0,13750.0,17500.0
2020-03-26,11850.0,32000.0,118450.0,26150.0,39650.0,44450.0,34900.0,42050.0,13750.0,17650.0
2020-03-27,11850.0,32050.0,117500.0,26150.0,39900.0,44600.0,34700.0,42750.0,13750.0,17650.0
2020-03-28,11866.666666666666,31833.333333333332,117616.66666666667,26133.333333333332,40100.0,44716.666666666664,34250.0,42616.666666666664,13750.0,17733.333333333332
2020-03-29,11883.333333333334,31616.666666666668,117733.33333333333,26116.666666666668,40300.0,44833.333333333336,33800.0,42483.333333333336,13750.0,17816.666666666668
2020-03-30,11900.0,31400.0,117850.0,26100.0,40500.0,44950.0,33350.0,42350.0,13750.0,17900.0
2020-03-31,11900.0,31200.0,117900.0,26150.0,41050.0,45100.0,33150.0,42300.0,13750.0,17950.0
2020-04-01,11900.0,31050.0,118000.0,26100.0,41250.0,45200.0,32800.0,43100.0,13750.0,18000.0
2020-04-02,11900.0,30800.0,118000.0,26050.0,41250.0,45300.0,32700.0,43750.0,13800.0,18000.0
2020-04-03,11900.0,30650.0,117950.0,25950.0,41300.0,45250.0,32700.0,43850.0,13800.0,18100.0
2020-04-04,11900.0,30266.666666666668,117900.0,25950.0,41533.333333333336,45233.333333333336,32766.666666666668,43966.666666666664,13800.0,18133.333333333332
2020-04-05,11900.0,29883.333333333332,117850.0,25950.0,41766.666666666664,45216.666666666664,32833.333333333336,44083.333333333336,13800.0,18166.666666666668
2020-04-06,11900.0,29500.0,117800.0,25950.0,42000.0,45200.0,32900.0,44200.0,13800.0,18200.0
2020-04-07,11900.0,29450.0,117850.0,25950.0,42000.0,45250.0,32800.0,44550.0,13800.0,18200.0
2020-04-08,11900.0,29350.0,117850.0,26000.0,42150.0,45000.0,32700.0,44850.0,13800.0,18250.0
2020-04-09,11900.0,29500.0,117850.0,26050.0,42550.0,44850.0,32600.0,44400.0,13800.0,18250.0
2020-04-10,11550.0,31100.0,119150.0,28100.0,46300.0,45300.0,26300.0,32550.0,13800.0,18600.0
2020-04-11,11666.666666666666,30550.0,118716.66666666667,27416.666666666668,45283.333333333336,44800.0,28200.0,36000.0,13800.0,18500.0
2020-04-12,11783.333333333334,30000.0,118283.33333333333,26733.333333333332,44266.666666666664,44300.0,30100.0,39450.0,13800.0,18400.0
2020-04-13,11900.0,29450.0,117850.0,26050.0,43250.0,43800.0,32000.0,42900.0,13800.0,18300.0
2020-04-14,11900.0,29300.0,117800.0,26000.0,43100.0,43600.0,31850.0,43100.0,13800.0,18300.0
2020-04-15,11900.0,29200.0,117750.0,25850.0,43200.0,43150.0,32050.0,42250.0,13800.0,18350.0
2020-04-16,11950.0,29000.0,117700.0,25900.0,43050.0,42850.0,31000.0,41300.0,13800.0,18350.0
2020-04-17,11950.0,28800.0,117700.0,25950.0,43050.0,42600.0,30600.0,40350.0,13850.0,18350.0
2020-04-18,11950.0,28683.333333333332,117733.33333333333,25883.333333333332,43283.333333333336,42233.333333333336,30800.0,40100.0,13833.333333333334,18366.666666666668
2020-04-19,11950.0,28566.666666666668,117766.66666666667,25816.666666666668,43516.666666666664,41866.666666666664,31000.0,39850.0,13816.666666666666,18383.333333333332
2020-04-20,11950.0,28450.0,117800.0,25750.0,43750.0,41500.0,31200.0,39600.0,13800.0,18400.0
2020-04-21,11950.0,28600.0,118100.0,25750.0,43850.0,41100.0,31450.0,39100.0,13800.0,18400.0
2020-04-22,11950.0,28800.0,118650.0,25650.0,44200.0,40700.0,32000.0,39200.0,13800.0,18400.0
2020-04-23,11950.0,28950.0,119600.0,25650.0,44700.0,40650.0,32450.0,38800.0,13800.0,18400.0
2020-04-24,11950.0,28950.0,119400.0,25600.0,44750.0,40500.0,32150.0,38400.0,13800.0,18400.0
2020-04-25,11950.0,28766.666666666668,119066.66666666667,25566.666666666668,45000.0,40333.333333333336,32350.0,38533.333333333336,13800.0,18350.0
2020-04-26,11950.0,28583.333333333332,118733.33333333333,25533.333333333332,45250.0,40166.666666666664,32550.0,38666.666666666664,13800.0,18300.0
2020-04-27,11950.0,28400.0,118400.0,25500.0,45500.0,40000.0,32750.0,38800.0,13800.0,18250.0
2020-04-28,11900.0,28350.0,118300.0,25450.0,45550.0,39700.0,32700.0,38300.0,13800.0,18250.0
2020-04-29,11900.0,28500.0,118050.0,25400.0,45800.0,39550.0,31950.0,36600.0,13800.0,18200.0
2020-04-30,11900.0,28500.0,118050.0,25250.0,46300.0,39250.0,31650.0,35350.0,13800.0,18200.0
2020-05-01,12350.0,32950.0,122500.0,27750.0,52500.0,44500.0,38650.0,45300.0,13250.0,17050.0
2020-05-02,12200.0,31616.666666666668,120966.66666666667,26716.666666666668,51283.333333333336,42566.666666666664,35966.666666666664,41766.666666666664,13416.666666666666,17366.666666666668
2020-05-03,12050.0,30283.333333333332,119433.33333333333,25683.333333333332,50066.666666666664,40633.333333333336,33283.333333333336,38233.333333333336,13583.333333333334,17683.333333333332
2020-05-04,11900.0,28950.0,117900.0,24650.0,48850.0,38700.0,30600.0,34700.0,13750.0,18000.0
2020-05-05,11900.0,29050.0,117900.0,24500.0,49200.0,38300.0,30500.0,33700.0,13750.0,17950.0
2020-05-06,11900.0,29150.0,117950.0,24450.0,49700.0,38100.0,30150.0,33200.0,13750.0,17950.0
2020-05-07,11950.0,33950.0,120000.0,29300.0,57750.0,44650.0,38250.0,43800.0,14250.0,17750.0
2020-05-08,11900.0,29550.0,117850.0,24400.0,50200.0,37750.0,29400.0,33100.0,13750.0,17900.0
2020-05-09,11900.0,29950.0,117866.66666666667,24333.333333333332,50683.333333333336,37516.666666666664,28983.333333333332,33066.666666666664,13733.333333333334,17833.333333333332
2020-05-10,11900.0,30350.0,117883.33333333333,24266.666666666668,51166.666666666664,37283.333333333336,28566.666666666668,33033.333333333336,13716.666666666666,17766.666666666668
2020-05-11,11900.0,30750.0,117900.0,24200.0,51650.0,37050.0,28150.0,33000.0,13700.0,17700.0
2020-05-12,11900.0,31150.0,118000.0,24100.0,51950.0,36950.0,28100.0,32800.0,13700.0,17700.0
2020-05-13,11900.0,31650.0,118200.0,24050.0,52100.0,36800.0,28000.0,32300.0,13700.0,17650.0
2020-05-14,11900.0,32250.0,118150.0,24000.0,52200.0,36400.0,27800.0,32150.0,13700.0,17600.0
2020-05-15,11900.0,32700.0,118300.0,23950.0,52450.0,36100.0,27700.0,32250.0,13700.0,17550.0
2020-05-16,11900.0,33166.666666666664,118616.66666666667,23933.333333333332,53066.666666666664,35766.666666666664,27883.333333333332,31866.666666666668,13700.0,17533.333333333332
2020-05-17,11900.0,33633.333333333336,118933.33333333333,23916.666666666668,53683.333333333336,35433.333333333336,28066.666666666668,31483.333333333332,13700.0,17516.666666666668
2020-05-18,11900.0,34100.0,119250.0,23900.0,54300.0,35100.0,28250.0,31100.0,13700.0,17500.0
2020-05-19,11900.0,34300.0,119550.0,23950.0,55150.0,34800.0,28650.0,31500.0,13700.0,17450.0
2020-05-20,11900.0,34750.0,120600.0,24200.0,56100.0,34500.0,29750.0,32400.0,13700.0,17400.0
2020-05-21,12600.0,41000.0,122900.0,24450.0,58850.0,32850.0,29050.0,27800.0,13950.0,17550.0
2020-05-22,12300.0,37550.0,125800.0,24450.0,56800.0,32950.0,38150.0,33150.0,13950.0,16400.0
2020-05-23,12566.666666666666,38516.666666666664,126900.0,24500.0,55583.333333333336,33883.333333333336,38016.666666666664,35133.333333333336,13766.666666666666,16383.333333333334
2020-05-24,12833.333333333334,39483.333333333336,128000.0,24550.0,54366.666666666664,34816.666666666664,37883.333333333336,37116.666666666664,13583.333333333334,16366.666666666666
2020-05-25,13100.0,40450.0,129100.0,24600.0,53150.0,35750.0,37750.0,39100.0,13400.0,16350.0
2020-05-26,11900.0,37150.0,121100.0,24550.0,57250.0,34450.0,34250.0,38450.0,13700.0,17250.0
2020-05-27,11900.0,37050.0,120750.0,24600.0,57250.0,34200.0,33850.0,37900.0,13650.0,17250.0
2020-05-28,11900.0,37200.0,119750.0,24500.0,57600.0,33950.0,31600.0,36950.0,13650.0,17200.0
2020-05-29,11900.0,37150.0,119500.0,24550.0,58550.0,33650.0,30900.0,36050.0,13650.0,17150.0
2020-05-30,11766.666666666666,37583.333333333336,118983.33333333333,27050.0,60233.333333333336,33566.666666666664,31733.333333333332,36033.333333333336,13733.333333333334,17083.333333333332
2020-05-31,11633.333333333334,38016.666666666664,118466.66666666667,29550.0,61916.666666666664,33483.333333333336,32566.666666666668,36016.666666666664,13816.666666666666,17016.666666666668
2020-06-01,11500.0,38450.0,117950.0,32050.0,63600.0,33400.0,33400.0,36000.0,13900.0,16950.0
2020-06-02,11900.0,37750.0,118500.0,24450.0,59200.0,32500.0,29150.0,33200.0,13650.0,17050.0
2020-06-03,11900.0,38000.0,118300.0,24500.0,59150.0,31950.0,28600.0,32750.0,13650.0,17000.0
2020-06-04,11900.0,38200.0,118400.0,24550.0,59150.0,31800.0,27950.0,33700.0,13650.0,16850.0
2020-06-05,11900.0,38250.0,118300.0,24600.0,58850.0,31400.0,28050.0,33200.0,13650.0,16800.0
2020-06-06,11900.0,38383.333333333336,118300.0,24666.666666666668,58650.0,31150.0,28133.333333333332,33233.333333333336,13650.0,16766.666666666668
2020-06-07,11900.0,38516.666666666664,118300.0,24733.333333333332,58450.0,30900.0,28216.666666666668,33266.666666666664,13650.0,16733.333333333332
2020-06-08,11900.0,38650.0,118300.0,24800.0,58250.0,30650.0,28300.0,33300.0,13650.0,16700.0
2020-06-09,11850.0,38800.0,118250.0,25100.0,57700.0,30250.0,28300.0,33750.0,13650.0,16600.0
2020-06-10,11850.0,38950.0,118300.0,25200.0,56750.0,29850.0,28450.0,33400.0,13650.0,16550.0
2020-06-11,11850.0,39000.0,118150.0,25000.0,56300.0,29400.0,28800.0,33400.0,13650.0,16550.0
2020-06-12,11850.0,38900.0,118250.0,25050.0,55450.0,29250.0,28650.0,33200.0,13650.0,16500.0
2020-06-13,11850.0,38800.0,118250.0,25100.0,54650.0,28850.0,28716.666666666668,33183.333333333336,13650.0,16450.0
2020-06-14,11850.0,38700.0,118250.0,25150.0,53850.0,28450.0,28783.333333333332,33166.666666666664,13650.0,16400.0
2020-06-15,11850.0,38600.0,118250.0,25200.0,53050.0,28050.0,28850.0,33150.0,13650.0,16350.0
2020-06-16,11850.0,38450.0,118200.0,25400.0,51900.0,28000.0,29000.0,32950.0,13650.0,16300.0
2020-06-17,11850.0,38250.0,118150.0,25600.0,50800.0,27700.0,29150.0,32850.0,13600.0,16250.0
2020-06-18,11850.0,38100.0,118250.0,25700.0,50600.0,27800.0,29200.0,32700.0,13600.0,16200.0
2020-06-19,11850.0,37750.0,118250.0,25850.0,50150.0,27650.0,29200.0,32750.0,13600.0,16150.0
2020-06-20,11850.0,37566.666666666664,118250.0,25933.333333333332,49583.333333333336,27500.0,30200.0,33066.666666666664,13583.333333333334,16116.666666666666
2020-06-21,11850.0,37383.333333333336,118250.0,26016.666666666668,49016.666666666664,27350.0,31200.0,33383.333333333336,13566.666666666666,16083.333333333334
2020-06-22,11850.0,37200.0,118250.0,26100.0,48450.0,27200.0,32200.0,33700.0,13550.0,16050.0
2020-06-23,11850.0,37250.0,118300.0,26200.0,47650.0,26800.0,32400.0,33500.0,13600.0,16050.0
2020-06-24,11850.0,37250.0,118100.0,26200.0,47550.0,26500.0,31950.0,33700.0,13600.0,15950.0
2020-06-25,11850.0,37400.0,118200.0,26200.0,47100.0,26450.0,31550.0,33300.0,13600.0,15950.0
2020-06-26,11850.0,37450.0,118200.0,25950.0,46600.0,31500.0,31550.0,33150.0,13600.0,15950.0
2020-06-27,11850.0,37716.666666666664,118150.0,26083.333333333332,46066.666666666664,29516.666666666668,31183.333333333332,33183.333333333336,13600.0,15883.333333333334
2020-06-28,11850.0,37983.333333333336,118100.0,26216.666666666668,45533.333333333336,27533.333333333332,30816.666666666668,33216.666666666664,13600.0,15816.666666666666
2020-06-29,11850.0,38250.0,118050.0,26350.0,45000.0,25550.0,30450.0,33250.0,13600.0,15750.0
2020-06-30,11850.0,38550.0,118050.0,26350.0,44550.0,25400.0,30550.0,33500.0,13600.0,15700.0
2020-07-01,11850.0,38950.0,118100.0,26250.0,44050.0,25250.0,30650.0,33350.0,13600.0,15600.0
2020-07-02,11850.0,39200.0,118150.0,26200.0,43450.0,24850.0,30500.0,33100.0,13600.0,15550.0
2020-07-03,11850.0,39500.0,118150.0,26200.0,43000.0,24850.0,30350.0,33100.0,13600.0,15450.0
2020-07-04,11850.0,39416.666666666664,118166.66666666667,26183.333333333332,42633.333333333336,24816.666666666668,30483.333333333332,33450.0,13600.0,15450.0
2020-07-05,11850.0,39333.333333333336,118183.33333333333,26166.666666666668,42266.666666666664,24783.333333333332,30616.666666666668,33800.0,13600.0,15450.0
2020-07-06,11850.0,39250.0,118200.0,26150.0,41900.0,24750.0,30750.0,34150.0,13600.0,15450.0
2020-07-07,11850.0,39400.0,118150.0,26150.0,41350.0,24300.0,30700.0,34250.0,13600.0,15400.0
2020-07-08,11850.0,38950.0,118450.0,26300.0,41250.0,24200.0,31100.0,34500.0,13550.0,15350.0
2020-07-09,11850.0,38800.0,118150.0,26150.0,40550.0,23900.0,30800.0,34100.0,13550.0,15300.0
2020-07-10,11850.0,38250.0,118150.0,26200.0,40200.0,24200.0,30800.0,34100.0,13550.0,15200.0
2020-07-11,11850.0,37633.333333333336,118133.33333333333,26233.333333333332,39816.666666666664,23966.666666666668,31150.0,34350.0,13550.0,15183.333333333334
2020-07-12,11850.0,37016.666666666664,118116.66666666667,26266.666666666668,39433.333333333336,23733.333333333332,31500.0,34600.0,13550.0,15166.666666666666
2020-07-13,11850.0,36400.0,118100.0,26300.0,39050.0,23500.0,31850.0,34850.0,13550.0,15150.0
2020-07-14,12000.0,36050.0,118150.0,26350.0,38400.0,23500.0,32350.0,34550.0,13550.0,15100.0
2020-07-15,11850.0,35700.0,118200.0,26400.0,38050.0,23350.0,32250.0,34500.0,13550.0,15050.0
2020-07-16,11850.0,35300.0,118150.0,26300.0,37750.0,23150.0,32350.0,34450.0,13550.0,15050.0
2020-07-17,11850.0,34950.0,118150.0,26300.0,37350.0,23100.0,32700.0,35250.0,13550.0,14950.0
2020-07-18,11850.0,34516.666666666664,118150.0,26333.333333333332,36900.0,23083.333333333332,32766.666666666668,34850.0,13566.666666666666,14933.333333333334
2020-07-19,11850.0,34083.333333333336,118150.0,26366.666666666668,36450.0,23066.666666666668,32833.333333333336,34450.0,13583.333333333334,14916.666666666666
2020-07-20,11850.0,33650.0,118150.0,26400.0,36000.0,23050.0,32900.0,34050.0,13600.0,14900.0
2020-07-21,11850.0,33600.0,118150.0,26400.0,35850.0,23050.0,33100.0,34300.0,13600.0,14900.0
2020-07-22,11850.0,34300.0,118150.0,26400.0,35600.0,23000.0,33250.0,34350.0,13600.0,14900.0
2020-07-23,11850.0,33150.0,118150.0,26450.0,35400.0,23000.0,33000.0,34350.0,13600.0,14900.0
2020-07-24,11850.0,32950.0,118150.0,26450.0,35050.0,22850.0,33200.0,34750.0,13600.0,14850.0
2020-07-25,11850.0,33100.0,118200.0,26433.333333333332,34783.333333333336,22833.333333333332,34033.333333333336,34683.333333333336,13616.666666666666,14850.0
2020-07-26,11850.0,33250.0,118250.0,26416.666666666668,34516.666666666664,22816.666666666668,34866.666666666664,34616.666666666664,13633.333333333334,14850.0
2020-07-27,11850.0,33400.0,118300.0,26400.0,34250.0,22800.0,35700.0,34550.0,13650.0,14850.0
2020-07-28,11850.0,33800.0,118550.0,26350.0,34000.0,22850.0,36050.0,34600.0,13700.0,14800.0
2020-07-29,11850.0,34350.0,119300.0,26350.0,33750.0,22850.0,37300.0,34900.0,13700.0,14800.0
2020-07-30,11850.0,35050.0,120650.0,26300.0,33750.0,22900.0,38900.0,35100.0,13700.0,14800.0
2020-07-31,10900.0,39750.0,110000.0,53250.0,52500.0,35000.0,68750.0,53750.0,14350.0,18000.0
2020-08-01,11216.666666666666,37966.666666666664,113133.33333333333,44233.333333333336,46000.0,30883.333333333332,58583.333333333336,48333.333333333336,14133.333333333334,16933.333333333332
2020-08-02,11533.333333333334,36183.333333333336,116266.66666666667,35216.66666666667,39500.0,26766.666666666664,48416.66666666667,42916.666666666664,13916.666666666666,15866.666666666666
2020-08-03,11850.0,34400.0,119400.0,26200.0,33000.0,22650.0,38250.0,37500.0,13700.0,14800.0
2020-08-04,11850.0,34300.0,118950.0,26200.0,32950.0,22700.0,37950.0,37750.0,13700.0,14800.0
2020-08-05,11850.0,34050.0,118900.0,26200.0,32800.0,22600.0,36650.0,37450.0,13700.0,14800.0
2020-08-06,11850.0,33200.0,118850.0,26150.0,32950.0,22600.0,36050.0,36350.0,13650.0,14700.0
2020-08-07,11850.0,33300.0,118300.0,26200.0,32700.0,22650.0,35500.0,36000.0,13700.0,14800.0
2020-08-08,11850.0,32933.333333333336,118300.0,26216.666666666668,32783.333333333336,22683.333333333332,35100.0,35750.0,13716.666666666666,14783.333333333334
2020-08-09,11850.0,32566.666666666668,118300.0,26233.333333333332,32866.666666666664,22716.666666666668,34700.0,35500.0,13733.333333333334,14766.666666666666
2020-08-10,11850.0,32200.0,118300.0,26250.0,32950.0,22750.0,34300.0,35250.0,13750.0,14750.0
2020-08-11,11850.0,31700.0,118350.0,26300.0,33100.0,22900.0,34000.0,34800.0,13750.0,14750.0
2020-08-12,11850.0,31400.0,118350.0,26300.0,33150.0,23000.0,33600.0,34950.0,13750.0,14750.0
2020-08-13,11850.0,31150.0,118350.0,26350.0,33000.0,23000.0,33150.0,34650.0,13750.0,14750.0
2020-08-14,11850.0,31100.0,118400.0,26300.0,33000.0,22950.0,32850.0,34400.0,13750.0,14750.0
2020-08-15,11800.0,30816.666666666668,118083.33333333333,26083.333333333332,31716.666666666668,23383.333333333332,31033.333333333332,31733.333333333332,13716.666666666666,14333.333333333334
2020-08-16,11750.0,30533.333333333332,117766.66666666667,25866.666666666668,30433.333333333332,23816.666666666668,29216.666666666668,29066.666666666668,13683.333333333334,13916.666666666666
2020-08-17,11700.0,30250.0,117450.0,25650.0,29150.0,24250.0,27400.0,26400.0,13650.0,13500.0
2020-08-18,11850.0,31250.0,118250.0,26100.0,32400.0,23750.0,32100.0,33050.0,13750.0,14700.0
2020-08-19,11850.0,31300.0,118300.0,25950.0,32200.0,23950.0,31650.0,33000.0,13750.0,14700.0
2020-08-20,10950.0,33200.0,115000.0,38000.0,42350.0,30550.0,37950.0,34650.0,15300.0,17200.0
2020-08-21,11900.0,33600.0,119400.0,26750.0,31650.0,24000.0,25250.0,27300.0,13700.0,14800.0
2020-08-22,11883.333333333334,32716.666666666668,119016.66666666667,26500.0,31550.0,24283.333333333332,27066.666666666668,28900.0,13733.333333333334,14750.0
2020-08-23,11866.666666666666,31833.333333333332,118633.33333333333,26250.0,31450.0,24566.666666666668,28883.333333333332,30500.0,13766.666666666666,14700.0
2020-08-24,11850.0,30950.0,118250.0,26000.0,31350.0,24850.0,30700.0,32100.0,13800.0,14650.0
2020-08-25,11850.0,30800.0,118250.0,25950.0,31050.0,25100.0,30250.0,32050.0,13850.0,14650.0
2020-08-26,11850.0,30450.0,118250.0,25900.0,30900.0,25400.0,29900.0,31750.0,13850.0,14650.0
2020-08-27,11850.0,30300.0,118250.0,25850.0,30650.0,25750.0,29700.0,31500.0,13850.0,14650.0
2020-08-28,11850.0,30050.0,118300.0,25750.0,30600.0,25950.0,29600.0,31500.0,13850.0,14650.0
2020-08-29,11850.0,29983.333333333332,118283.33333333333,25700.0,30550.0,25983.333333333332,29550.0,31600.0,13850.0,14633.333333333334
2020-08-30,11850.0,29916.666666666668,118266.66666666667,25650.0,30500.0,26016.666666666668,29500.0,31700.0,13850.0,14616.666666666666
2020-08-31,11850.0,29850.0,118250.0,25600.0,30450.0,26050.0,29450.0,31800.0,13850.0,14600.0
2020-09-01,11850.0,29950.0,118200.0,25500.0,30600.0,26250.0,29400.0,31900.0,13850.0,14650.0
2020-09-02,11800.0,30150.0,118150.0,25450.0,30650.0,26250.0,29600.0,31800.0,13850.0,14600.0
2020-09-03,11850.0,30350.0,118100.0,25450.0,30450.0,26300.0,29650.0,32000.0,13900.0,14650.0
2020-09-04,11800.0,30550.0,118250.0,25400.0,30500.0,26350.0,29600.0,32000.0,13900.0,14650.0
2020-09-05,11800.0,30716.666666666668,118250.0,25366.666666666668,30616.666666666668,26383.333333333332,30050.0,32250.0,13916.666666666666,14616.666666666666
2020-09-06,11800.0,30883.333333333332,118250.0,25333.333333333332,30733.333333333332,26416.666666666668,30500.0,32500.0,13933.333333333334,14583.333333333334
2020-09-07,11800.0,31050.0,118250.0,25300.0,30850.0,26450.0,30950.0,32750.0,13950.0,14550.0
2020-09-08,11800.0,31300.0,118300.0,25200.0,30900.0,26450.0,31450.0,32550.0,13950.0,14550.0
2020-09-09,11800.0,31450.0,118300.0,25050.0,31000.0,26500.0,31750.0,32800.0,13950.0,14550.0
2020-09-10,11800.0,31500.0,118200.0,25000.0,31050.0,26600.0,31850.0,32600.0,13950.0,14550.0
2020-09-11,11800.0,31650.0,118200.0,25000.0,31050.0,26650.0,32050.0,32650.0,14000.0,14550.0
2020-09-12,11800.0,31533.333333333332,118200.0,24966.666666666668,31066.666666666668,26633.333333333332,32316.666666666668,32466.666666666668,14000.0,14550.0
2020-09-13,11800.0,31416.666666666668,118200.0,24933.333333333332,31083.333333333332,26616.666666666668,32583.333333333332,32283.333333333332,14000.0,14550.0
2020-09-14,11800.0,31300.0,118200.0,24900.0,31100.0,26600.0,32850.0,32100.0,14000.0,14550.0
2020-09-15,11800.0,31250.0,118050.0,24850.0,31100.0,26800.0,33000.0,31850.0,14000.0,14500.0
2020-09-16,11800.0,31400.0,118200.0,24800.0,31050.0,26800.0,33250.0,32050.0,14000.0,14500.0
2020-09-17,11800.0,31550.0,118200.0,24750.0,31050.0,26850.0,33300.0,32000.0,14000.0,14500.0
2020-09-18,11800.0,31550.0,118200.0,24700.0,30950.0,26800.0,33000.0,31550.0,14050.0,14500.0
2020-09-19,11800.0,31733.333333333332,118200.0,24650.0,30916.666666666668,26783.333333333332,33333.333333333336,31533.333333333332,14050.0,14483.333333333334
2020-09-20,11800.0,31916.666666666668,118200.0,24600.0,30883.333333333332,26766.666666666668,33666.666666666664,31516.666666666668,14050.0,14466.666666666666
2020-09-21,11800.0,32100.0,118200.0,24550.0,30850.0,26750.0,34000.0,31500.0,14050.0,14450.0
2020-09-22,11800.0,32150.0,118100.0,24550.0,30800.0,26750.0,34000.0,30800.0,14100.0,14450.0
2020-09-23,11800.0,32250.0,118200.0,24500.0,30700.0,26600.0,34250.0,30700.0,14100.0,14450.0
2020-09-24,11800.0,32100.0,116650.0,24500.0,30700.0,26550.0,34450.0,30600.0,14100.0,14450.0
2020-09-25,11800.0,32150.0,118200.0,24450.0,30700.0,26600.0,34800.0,30700.0,14100.0,14450.0
2020-09-26,11800.0,32066.666666666668,118183.33333333333,24400.0,30616.666666666668,26600.0,35400.0,30666.666666666668,14116.666666666666,14433.333333333334
2020-09-27,11800.0,31983.333333333332,118166.66666666667,24350.0,30533.333333333332,26600.0,36000.0,30633.333333333332,14133.333333333334,14416.666666666666
2020-09-28,11800.0,31900.0,118150.0,24300.0,30450.0,26600.0,36600.0,30600.0,14150.0,14400.0
2020-09-29,11800.0,31700.0,118150.0,24200.0,30350.0,26550.0,37000.0,30900.0,14150.0,14400.0
2020-09-30,11800.0,31450.0,118150.0,24150.0,30300.0,26550.0,37700.0,31550.0,14150.0,14400.0
2020-10-01,11800.0,31450.0,118150.0,24100.0,30250.0,26500.0,38200.0,31700.0,14150.0,14400.0
2020-10-02,11800.0,31400.0,118200.0,24100.0,30250.0,26550.0,38750.0,31800.0,14150.0,14350.0
2020-10-03,11800.0,31416.666666666668,118183.33333333333,24083.333333333332,30466.666666666668,26566.666666666668,39800.0,32000.0,14150.0,14366.666666666666
2020-10-04,11800.0,31433.333333333332,118166.66666666667,24066.666666666668,30683.333333333332,26583.333333333332,40850.0,32200.0,14150.0,14383.333333333334
2020-10-05,11800.0,31450.0,118150.0,24050.0,30900.0,26600.0,41900.0,32400.0,14150.0,14400.0
2020-10-06,11800.0,31550.0,118150.0,23950.0,31250.0,26700.0,42300.0,33300.0,14150.0,14350.0
2020-10-07,11800.0,31550.0,118150.0,23950.0,31500.0,26650.0,42800.0,33200.0,14150.0,14350.0
2020-10-08,11800.0,31600.0,118300.0,23900.0,31650.0,26600.0,43200.0,33150.0,14150.0,14350.0
2020-10-09,11800.0,31650.0,118150.0,23950.0,31950.0,26550.0,43500.0,33300.0,14150.0,14350.0
2020-10-10,11800.0,31666.666666666668,118166.66666666667,24033.333333333332,32366.666666666668,26616.666666666668,43583.333333333336,33233.333333333336,14150.0,14350.0
2020-10-11,11800.0,31683.333333333332,118183.33333333333,24116.666666666668,32783.333333333336,26683.333333333332,43666.666666666664,33166.666666666664,14150.0,14350.0
2020-10-12,11800.0,31700.0,118200.0,24200.0,33200.0,26750.0,43750.0,33100.0,14150.0,14350.0
2020-10-13,11800.0,31950.0,118200.0,24250.0,33350.0,26750.0,43550.0,33600.0,14150.0,14350.0
2020-10-14,11800.0,32000.0,118200.0,24400.0,33700.0,26750.0,43200.0,33700.0,14150.0,14350.0
2020-10-15,11800.0,32100.0,118200.0,24500.0,33850.0,26700.0,42950.0,34250.0,14150.0,14350.0
2020-10-16,11800.0,32250.0,118200.0,24600.0,34000.0,26800.0,42800.0,34150.0,14150.0,14350.0
2020-10-17,11800.0,32333.333333333332,117916.66666666667,24650.0,34100.0,26816.666666666668,42566.666666666664,34083.333333333336,14150.0,14350.0
2020-10-18,11800.0,32416.666666666668,117633.33333333333,24700.0,34200.0,26833.333333333332,42333.333333333336,34016.666666666664,14150.0,14350.0
2020-10-19,11800.0,32500.0,117350.0,24750.0,34300.0,26850.0,42100.0,33950.0,14150.0,14350.0
2020-10-20,11800.0,32400.0,118150.0,24850.0,34500.0,27000.0,42000.0,34300.0,14150.0,14400.0
2020-10-21,11800.0,32450.0,118150.0,24850.0,34550.0,27150.0,41750.0,34400.0,14150.0,14350.0
2020-10-22,11800.0,32500.0,118150.0,24900.0,34600.0,27100.0,41800.0,34350.0,14150.0,14300.0
2020-10-23,11800.0,32450.0,118150.0,24850.0,34700.0,27200.0,41850.0,34600.0,14150.0,14300.0
2020-10-24,11800.0,32566.666666666668,118133.33333333333,24850.0,34866.666666666664,27233.333333333332,42083.333333333336,34866.666666666664,14166.666666666666,14300.0
2020-10-25,11800.0,32683.333333333332,118116.66666666667,24850.0,35033.333333333336,27266.666666666668,42316.666666666664,35133.333333333336,14183.333333333334,14300.0
2020-10-26,11800.0,32800.0,118100.0,24850.0,35200.0,27300.0,42550.0,35400.0,14200.0,14300.0
2020-10-27,11800.0,33000.0,118150.0,24850.0,35250.0,27350.0,42850.0,35500.0,14200.0,14350.0
2020-10-28,11400.0,33000.0,118850.0,25250.0,35300.0,29050.0,37700.0,31100.0,14300.0,14800.0
2020-10-29,11950.0,32000.0,114100.0,26150.0,39250.0,31400.0,40600.0,41550.0,15750.0,15400.0
2020-10-30,12150.0,36000.0,122150.0,27600.0,37700.0,30450.0,37550.0,36550.0,14450.0,15650.0
2020-10-31,12033.333333333334,35350.0,120816.66666666667,26683.333333333332,36983.333333333336,29566.666666666668,39633.333333333336,36250.0,14383.333333333334,15216.666666666666
2020-11-01,11916.666666666666,34700.0,119483.33333333333,25766.666666666668,36266.666666666664,28683.333333333332,41716.666666666664,35950.0,14316.666666666666,14783.333333333334
2020-11-02,11800.0,34050.0,118150.0,24850.0,35550.0,27800.0,43800.0,35650.0,14250.0,14350.0
2020-11-03,11800.0,34200.0,118150.0,24900.0,35850.0,27900.0,43850.0,35200.0,14250.0,14400.0
2020-11-04,11800.0,34350.0,118300.0,24900.0,36050.0,27900.0,43750.0,35300.0,14250.0,14400.0
2020-11-05,11800.0,34500.0,118250.0,24950.0,36300.0,27950.0,43600.0,35500.0,14250.0,14400.0
2020-11-06,11800.0,34650.0,118250.0,25050.0,36700.0,28100.0,43350.0,35700.0,14250.0,14400.0
2020-11-07,11800.0,34733.333333333336,118250.0,25083.333333333332,36933.333333333336,28133.333333333332,43216.666666666664,35933.333333333336,14266.666666666666,14400.0
2020-11-08,11800.0,34816.666666666664,118250.0,25116.666666666668,37166.666666666664,28166.666666666668,43083.333333333336,36166.666666666664,14283.333333333334,14400.0
2020-11-09,11800.0,34900.0,118250.0,25150.0,37400.0,28200.0,42950.0,36400.0,14300.0,14400.0
2020-11-10,11800.0,35000.0,118250.0,25200.0,37750.0,28250.0,42800.0,36600.0,14300.0,14400.0
2020-11-11,11800.0,35000.0,118250.0,25300.0,38000.0,28300.0,42700.0,36650.0,14300.0,14400.0
2020-11-12,11800.0,35100.0,118350.0,25400.0,38200.0,28400.0,42300.0,36600.0,14300.0,14400.0
2020-11-13,11800.0,35100.0,118350.0,25550.0,38350.0,28500.0,42100.0,36350.0,14300.0,14350.0
2020-11-14,11800.0,35166.666666666664,118333.33333333333,25666.666666666668,38383.333333333336,28550.0,41950.0,36466.666666666664,14300.0,14366.666666666666
2020-11-15,11800.0,35233.333333333336,118316.66666666667,25783.333333333332,38416.666666666664,28600.0,41800.0,36583.333333333336,14300.0,14383.333333333334
2020-11-16,11800.0,35300.0,118300.0,25900.0,38450.0,28650.0,41650.0,36700.0,14300.0,14400.0
2020-11-17,11800.0,35350.0,118350.0,26000.0,38450.0,28600.0,41450.0,36700.0,14300.0,14400.0
2020-11-18,11800.0,35200.0,118200.0,26000.0,38300.0,28750.0,41300.0,36400.0,14350.0,14400.0
2020-11-19,11800.0,35250.0,118250.0,26050.0,38350.0,28750.0,41150.0,36150.0,14350.0,14400.0
2020-11-20,11800.0,35300.0,118250.0,26150.0,38450.0,28750.0,41150.0,36150.0,14350.0,14400.0
2020-11-21,11800.0,35283.333333333336,118400.0,26200.0,38400.0,28766.666666666668,41033.333333333336,36166.666666666664,14350.0,14400.0
2020-11-22,11800.0,35266.666666666664,118550.0,26250.0,38350.0,28783.333333333332,40916.666666666664,36183.333333333336,14350.0,14400.0
2020-11-23,11800.0,35250.0,118700.0,26300.0,38300.0,28800.0,40800.0,36200.0,14350.0,14400.0
2020-11-24,11800.0,35300.0,118550.0,26300.0,38150.0,28850.0,40850.0,36450.0,14350.0,14400.0
2020-11-25,11800.0,35350.0,118500.0,26300.0,38100.0,28850.0,40750.0,36750.0,14350.0,14400.0
2020-11-26,11800.0,35400.0,118500.0,26350.0,38000.0,28900.0,41150.0,37500.0,14350.0,14400.0
2020-11-27,11800.0,35250.0,118500.0,26300.0,37850.0,28800.0,42150.0,38050.0,14350.0,14400.0
2020-11-28,11800.0,35183.333333333336,118483.33333333333,26316.666666666668,37816.666666666664,28800.0,42933.333333333336,39133.333333333336,14350.0,14400.0
2020-11-29,11800.0,35116.666666666664,118466.66666666667,26333.333333333332,37783.333333333336,28800.0,43716.666666666664,40216.666666666664,14350.0,14400.0
2020-11-30,11800.0,35050.0,118450.0,26350.0,37750.0,28800.0,44500.0,41300.0,14350.0,14400.0
2020-12-01,11800.0,35000.0,118400.0,26350.0,37650.0,28800.0,45450.0,41900.0,14350.0,14350.0
2020-12-02,11800.0,34850.0,118450.0,26350.0,37500.0,28750.0,45700.0,42600.0,14400.0,14350.0
2020-12-03,11800.0,34750.0,118400.0,26400.0,37150.0,28750.0,46550.0,42750.0,14400.0,14350.0
2020-12-04,11800.0,34650.0,118400.0,26450.0,37450.0,28750.0,47450.0,43800.0,14400.0,14350.0
2020-12-05,11800.0,34583.333333333336,118433.33333333333,26566.666666666668,37466.666666666664,28733.333333333332,47850.0,44616.666666666664,14400.0,14350.0
2020-12-06,11800.0,34516.666666666664,118466.66666666667,26683.333333333332,37483.333333333336,28716.666666666668,48250.0,45433.333333333336,14400.0,14350.0
2020-12-07,11800.0,34450.0,118500.0,26800.0,37500.0,28700.0,48650.0,46250.0,14400.0,14350.0
2020-12-08,11800.0,34350.0,118500.0,27000.0,37500.0,28700.0,49200.0,46700.0,14400.0,14350.0
2020-12-09,12600.0,37200.0,124750.0,29800.0,47100.0,34400.0,50650.0,58150.0,14900.0,14800.0
2020-12-10,11800.0,34600.0,118600.0,27300.0,37350.0,28750.0,50050.0,47350.0,14400.0,14350.0
2020-12-11,11800.0,34800.0,118600.0,27500.0,37250.0,28750.0,50250.0,47750.0,14400.0,14350.0
2020-12-12,11800.0,35000.0,118616.66666666667,27700.0,37200.0,28716.666666666668,50433.333333333336,47633.333333333336,14400.0,14350.0
2020-12-13,11800.0,35200.0,118633.33333333333,27900.0,37150.0,28683.333333333332,50616.666666666664,47516.666666666664,14400.0,14350.0
2020-12-14,11800.0,35400.0,118650.0,28100.0,37100.0,28650.0,50800.0,47400.0,14400.0,14350.0
2020-12-15,11800.0,35550.0,118700.0,28250.0,37000.0,28650.0,51050.0,47850.0,14400.0,14350.0
2020-12-16,11800.0,35900.0,118850.0,28350.0,36850.0,28650.0,51300.0,47800.0,14400.0,14350.0
2020-12-17,11800.0,35950.0,118700.0,28400.0,36400.0,28650.0,51900.0,48300.0,14400.0,14350.0
2020-12-18,11800.0,36100.0,118850.0,28450.0,36700.0,28650.0,52650.0,48450.0,14400.0,14350.0
2020-12-19,11800.0,36100.0,118850.0,28566.666666666668,36516.666666666664,28583.333333333332,53416.666666666664,49533.333333333336,14400.0,14350.0
2020-12-20,11800.0,36100.0,118850.0,28683.333333333332,36333.333333333336,28516.666666666668,54183.333333333336,50616.666666666664,14400.0,14350.0
2020-12-21,11800.0,36100.0,118850.0,28800.0,36150.0,28450.0,54950.0,51700.0,14400.0,14350.0
2020-12-22,11800.0,36450.0,118800.0,28650.0,36000.0,28550.0,56600.0,53450.0,14400.0,14350.0
2020-12-23,11800.0,36300.0,118850.0,28850.0,35850.0,28500.0,57300.0,53450.0,14400.0,14400.0
2020-12-24,11950.0,39600.0,116750.0,32950.0,47200.0,38750.0,77500.0,69400.0,14800.0,15300.0
2020-12-25,11912.5,38712.5,117300.0,31800.0,44175.0,36225.0,73025.0,66600.0,14700.0,15075.0
2020-12-26,11875.0,37825.0,117850.0,30650.0,41150.0,33700.0,68550.0,63800.0,14600.0,14850.0
2020-12-27,11837.5,36937.5,118400.0,29500.0,38125.0,31175.0,64075.0,61000.0,14500.0,14625.0
2020-12-28,11800.0,36050.0,118950.0,28350.0,35100.0,28650.0,59600.0,58200.0,14400.0,14400.0
2020-12-29,11800.0,36000.0,119000.0,28250.0,34950.0,28600.0,59050.0,59050.0,14450.0,14400.0
2020-12-30,11800.0,36150.0,119150.0,28200.0,34650.0,28700.0,58250.0,59700.0,14450.0,14400.0
2020-12-31,12300.0,40850.0,103250.0,29750.0,38700.0,28500.0,59450.0,60900.0,14150.0,13950.0
2021-01-01,12175.0,39650.0,107125.0,29237.5,37512.5,28512.5,58962.5,62900.0,14225.0,14062.5
2021-01-02,12050.0,38450.0,111000.0,28725.0,36325.0,28525.0,58475.0,64900.0,14300.0,14175.0
2021-01-03,11925.0,37250.0,114875.0,28212.5,35137.5,28537.5,57987.5,66900.0,14375.0,14287.5
2021-01-04,11800.0,36050.0,118750.0,27700.0,33950.0,28550.0,57500.0,68900.0,14450.0,14400.0
2021-01-05,11800.0,36000.0,119300.0,27600.0,33850.0,28500.0,57350.0,68500.0,14500.0,14450.0
2021-01-06,11800.0,36100.0,119400.0,27650.0,33700.0,28450.0,56350.0,68850.0,14500.0,14400.0
2021-01-07,11800.0,36150.0,119400.0,27600.0,33550.0,28500.0,55900.0,69550.0,14500.0,14400.0
2021-01-08,11800.0,35800.0,119450.0,27550.0,33350.0,28450.0,54900.0,69800.0,14500.0,14400.0
2021-01-09,11800.0,35766.666666666664,119416.66666666667,27516.666666666668,33250.0,28400.0,54216.666666666664,69766.66666666667,14500.0,14400.0
2021-01-10,11800.0,35733.333333333336,119383.33333333333,27483.333333333332,33150.0,28350.0,53533.333333333336,69733.33333333333,14500.0,14400.0
2021-01-11,11800.0,35700.0,119350.0,27450.0,33050.0,28300.0,52850.0,69700.0,14500.0,14400.0
2021-01-12,11800.0,35700.0,119300.0,27350.0,32900.0,28200.0,52650.0,70150.0,14500.0,14400.0
2021-01-13,11800.0,35600.0,119250.0,27250.0,32950.0,28200.0,51800.0,69400.0,14500.0,14400.0
2021-01-14,11800.0,35600.0,119250.0,27200.0,32950.0,28250.0,51250.0,69550.0,14500.0,14450.0
2021-01-15,11800.0,35400.0,119550.0,27100.0,32800.0,28350.0,51350.0,69900.0,14500.0,14450.0
2021-01-16,11800.0,35300.0,119466.66666666667,27000.0,32750.0,28350.0,51700.0,69966.66666666667,14500.0,14450.0
2021-01-17,11800.0,35200.0,119383.33333333333,26900.0,32700.0,28350.0,52050.0,70033.33333333333,14500.0,14450.0
2021-01-18,11800.0,35100.0,119300.0,26800.0,32650.0,28350.0,52400.0,70100.0,14500.0,14450.0
2021-01-19,11800.0,35000.0,119350.0,26550.0,32600.0,28250.0,52050.0,69600.0,14500.0,14450.0
2021-01-20,11800.0,34850.0,119200.0,26550.0,32500.0,28250.0,51550.0,69150.0,14500.0,14450.0
2021-01-21,11800.0,34750.0,118850.0,26500.0,32400.0,28250.0,50550.0,68200.0,14500.0,14400.0
2021-01-22,11800.0,34750.0,118950.0,26400.0,32350.0,28200.0,49700.0,68100.0,14500.0,14400.0
2021-01-23,11800.0,34633.333333333336,119216.66666666667,26316.666666666668,32200.0,28150.0,49000.0,67833.33333333333,14500.0,14400.0
2021-01-24,11800.0,34516.666666666664,119483.33333333333,26233.333333333332,32050.0,28100.0,48300.0,67566.66666666667,14500.0,14400.0
2021-01-25,11800.0,34400.0,119750.0,26150.0,31900.0,28050.0,47600.0,67300.0,14500.0,14400.0
2021-01-26,11800.0,34200.0,119750.0,26100.0,31950.0,28050.0,47550.0,67050.0,14500.0,14400.0
2021-01-27,11800.0,34100.0,119850.0,25950.0,31800.0,28000.0,46950.0,67300.0,14500.0,14400.0
2021-01-28,11800.0,34050.0,119550.0,25750.0,31700.0,28750.0,46700.0,66750.0,14500.0,14400.0
2021-01-29,11850.0,33700.0,119950.0,25750.0,31650.0,28000.0,47650.0,67600.0,14500.0,14400.0
2021-01-30,11833.333333333334,33650.0,119833.33333333333,25600.0,31583.333333333332,27966.666666666668,47883.333333333336,67516.66666666667,14500.0,14400.0
2021-01-31,11816.666666666666,33600.0,119716.66666666667,25450.0,31516.666666666668,27933.333333333332,48116.666666666664,67433.33333333333,14500.0,14400.0
2021-02-01,11800.0,33550.0,119600.0,25300.0,31450.0,27900.0,48350.0,67350.0,14500.0,14400.0
2021-02-02,11800.0,33700.0,119500.0,25350.0,31400.0,28000.0,49250.0,68150.0,14500.0,14400.0
2021-02-03,11800.0,33550.0,119550.0,25400.0,31300.0,28000.0,50300.0,68700.0,14500.0,14350.0
2021-02-04,11800.0,33750.0,119550.0,25400.0,31350.0,27950.0,50550.0,68700.0,14500.0,14350.0
2021-02-05,11800.0,33800.0,119550.0,25550.0,31250.0,27950.0,50800.0,68500.0,14500.0,14350.0
2021-02-06,11800.0,33950.0,119533.33333333333,25600.0,31250.0,27950.0,50816.666666666664,68766.66666666667,14500.0,14350.0
2021-02-07,11800.0,34100.0,119516.66666666667,25650.0,31250.0,27950.0,50833.333333333336,69033.33333333333,14500.0,14350.0
2021-02-08,11800.0,34250.0,119500.0,25700.0,31250.0,27950.0,50850.0,69300.0,14500.0,14350.0
2021-02-09,11800.0,34350.0,119650.0,25750.0,31350.0,28000.0,50750.0,69350.0,14500.0,14400.0
2021-02-10,11800.0,34550.0,119650.0,25750.0,31750.0,28050.0,50250.0,69300.0,14500.0,14350.0
2021-02-11,11800.0,34550.0,119650.0,25850.0,32050.0,28250.0,50750.0,69400.0,14500.0,14350.0
2021-02-12,11550.0,32500.0,120000.0,24450.0,31900.0,28750.0,43150.0,60000.0,14700.0,14200.0
2021-02-13,11633.333333333334,33233.333333333336,119883.33333333333,24950.0,32166.666666666668,28700.0,45116.666666666664,63550.0,14633.333333333334,14250.0
2021-02-14,11716.666666666666,33966.666666666664,119766.66666666667,25450.0,32433.333333333332,28650.0,47083.333333333336,67100.0,14566.666666666666,14300.0
2021-02-15,11800.0,34700.0,119650.0,25950.0,32700.0,28600.0,49050.0,70650.0,14500.0,14350.0
2021-02-16,11800.0,34750.0,119650.0,26000.0,32750.0,28700.0,48350.0,70150.0,14500.0,14350.0
2021-02-17,11800.0,34750.0,119650.0,26050.0,32950.0,28850.0,48200.0,71000.0,14500.0,14350.0
2021-02-18,11800.0,34700.0,119600.0,26000.0,32900.0,28950.0,48000.0,72000.0,14500.0,14400.0
2021-02-19,11800.0,34750.0,119600.0,26000.0,32850.0,28950.0,47600.0,72100.0,14500.0,14350.0
2021-02-20,11800.0,34716.666666666664,119600.0,25966.666666666668,33000.0,29050.0,47433.333333333336,72566.66666666667,14500.0,14333.333333333334
2021-02-21,11800.0,34683.333333333336,119600.0,25933.333333333332,33150.0,29150.0,47266.666666666664,73033.33333333333,14500.0,14316.666666666666
2021-02-22,11800.0,34650.0,119600.0,25900.0,33300.0,29250.0,47100.0,73500.0,14500.0,14300.0
2021-02-23,11800.0,34600.0,119600.0,25800.0,33500.0,29200.0,46600.0,73900.0,14500.0,14300.0
2021-02-24,11800.0,34550.0,119600.0,25750.0,33650.0,29350.0,46400.0,74850.0,14500.0,14300.0
2021-02-25,11800.0,34500.0,119600.0,25850.0,33750.0,29400.0,46350.0,75300.0,14500.0,14300.0
2021-02-26,11800.0,34450.0,119800.0,25800.0,33850.0,29500.0,46500.0,75450.0,14550.0,14300.0
2021-02-27,11800.0,34400.0,119716.66666666667,25783.333333333332,33983.333333333336,29483.333333333332,46600.0,75833.33333333333,14550.0,14300.0
2021-02-28,11800.0,34350.0,119633.33333333333,25766.666666666668,34116.666666666664,29466.666666666668,46700.0,76216.66666666667,14550.0,14300.0
2021-03-01,11800.0,34300.0,119550.0,25750.0,34250.0,29450.0,46800.0,76600.0,14550.0,14300.0
2021-03-02,11800.0,34450.0,119550.0,25750.0,34400.0,29500.0,47050.0,77300.0,14550.0,14300.0
2021-03-03,11800.0,34450.0,119550.0,25750.0,34600.0,29500.0,47400.0,78100.0,14550.0,14350.0
2021-03-04,11800.0,34550.0,119550.0,25750.0,34750.0,29600.0,47200.0,78000.0,14550.0,14300.0
2021-03-05,11800.0,34700.0,119600.0,25750.0,34800.0,29500.0,47550.0,78300.0,14550.0,14300.0
2021-03-06,11800.0,34750.0,119600.0,25733.333333333332,34950.0,29483.333333333332,47683.333333333336,77966.66666666667,14566.666666666666,14300.0
2021-03-07,11800.0,34800.0,119600.0,25716.666666666668,35100.0,29466.666666666668,47816.666666666664,77633.33333333333,14583.333333333334,14300.0
2021-03-08,11800.0,34850.0,119600.0,25700.0,35250.0,29450.0,47950.0,77300.0,14600.0,14300.0
2021-03-09,11800.0,34850.0,119500.0,25750.0,35250.0,29550.0,48400.0,77450.0,14600.0,14300.0
2021-03-10,11800.0,34850.0,119450.0,25700.0,35200.0,29500.0,48300.0,77850.0,14600.0,14300.0
2021-03-11,12400.0,41300.0,114450.0,34050.0,39200.0,33200.0,69550.0,86150.0,14900.0,15650.0
2021-03-12,11800.0,35050.0,119300.0,25700.0,35300.0,29400.0,48650.0,77100.0,14550.0,14250.0
2021-03-13,11800.0,35000.0,119316.66666666667,25616.666666666668,35316.666666666664,29483.333333333332,48900.0,77366.66666666667,14566.666666666666,14266.666666666666
2021-03-14,11800.0,34950.0,119333.33333333333,25533.333333333332,35333.333333333336,29566.666666666668,49150.0,77633.33333333333,14583.333333333334,14283.333333333334
2021-03-15,11800.0,34900.0,119350.0,25450.0,35350.0,29650.0,49400.0,77900.0,14600.0,14300.0
2021-03-16,11800.0,34850.0,119200.0,25400.0,35350.0,29600.0,49300.0,78550.0,14600.0,14300.0
2021-03-17,11800.0,34950.0,119200.0,25300.0,35350.0,29700.0,49350.0,78650.0,14650.0,14300.0
2021-03-18,11850.0,34900.0,119200.0,25250.0,35250.0,29700.0,49300.0,78950.0,14650.0,14300.0
2021-03-19,11800.0,34950.0,119200.0,25300.0,35400.0,29800.0,49200.0,79100.0,14650.0,14300.0
2021-03-20,11800.0,34900.0,119200.0,25250.0,35366.666666666664,29766.666666666668,49116.666666666664,79116.66666666667,14666.666666666666,14300.0
2021-03-21,11800.0,34850.0,119200.0,25200.0,35333.333333333336,29733.333333333332,49033.333333333336,79133.33333333333,14683.333333333334,14300.0
2021-03-22,11800.0,34800.0,119200.0,25150.0,35300.0,29700.0,48950.0,79150.0,14700.0,14300.0
2021-03-23,11800.0,34700.0,119300.0,25100.0,35100.0,29600.0,48900.0,79050.0,14700.0,14300.0
2021-03-24,11800.0,34650.0,119300.0,25100.0,35100.0,29700.0,49300.0,78250.0,14700.0,14250.0
2021-03-25,11800.0,34500.0,119300.0,25000.0,35000.0,29700.0,49500.0,77900.0,14700.0,14250.0
2021-03-26,11800.0,34400.0,119300.0,24950.0,34900.0,29750.0,49950.0,77450.0,14700.0,14300.0
2021-03-27,11800.0,34400.0,119316.66666666667,24883.333333333332,34833.333333333336,29766.666666666668,50033.333333333336,77066.66666666667,14700.0,14300.0
2021-03-28,11800.0,34400.0,119333.33333333333,24816.666666666668,34766.666666666664,29783.333333333332,50116.666666666664,76683.33333333333,14700.0,14300.0
2021-03-29,11800.0,34400.0,119350.0,24750.0,34700.0,29800.0,50200.0,76300.0,14700.0,14300.0
2021-03-30,11800.0,34450.0,119300.0,24650.0,34650.0,29950.0,50050.0,75150.0,14700.0,14300.0
2021-03-31,11800.0,34550.0,119550.0,24600.0,34550.0,29900.0,50200.0,73900.0,14700.0,14300.0
2021-04-01,11800.0,34750.0,119650.0,24700.0,34400.0,29900.0,50100.0,73250.0,14750.0,14250.0
2021-04-02,13200.0,40750.0,125000.0,29200.0,37750.0,29000.0,51900.0,80900.0,14750.0,13500.0
2021-04-03,12733.333333333334,38950.0,123216.66666666667,27733.333333333332,36516.666666666664,29333.333333333332,51583.333333333336,77933.33333333333,14750.0,13750.0
2021-04-04,12266.666666666666,37150.0,121433.33333333333,26266.666666666668,35283.333333333336,29666.666666666668,51266.666666666664,74966.66666666667,14750.0,14000.0
2021-04-05,11800.0,35350.0,119650.0,24800.0,34050.0,30000.0,50950.0,72000.0,14750.0,14250.0
2021-04-06,11800.0,35550.0,119650.0,24850.0,34050.0,30000.0,51000.0,72250.0,14750.0,14250.0
2021-04-07,11800.0,35950.0,119650.0,25050.0,33900.0,30000.0,50650.0,71400.0,14800.0,14250.0
2021-04-08,11800.0,36250.0,119750.0,25200.0,33850.0,29950.0,50750.0,70800.0,14800.0,14250.0
2021-04-09,11800.0,36500.0,120150.0,25300.0,33850.0,30000.0,50400.0,71200.0,14800.0,14250.0
2021-04-10,11800.0,36883.333333333336,121050.0,25466.666666666668,33983.333333333336,30066.666666666668,51050.0,70933.33333333333,14800.0,14250.0
2021-04-11,11800.0,37266.666666666664,121950.0,25633.333333333332,34116.666666666664,30133.333333333332,51700.0,70666.66666666667,14800.0,14250.0
2021-04-12,11800.0,37650.0,122850.0,25800.0,34250.0,30200.0,52350.0,70400.0,14800.0,14250.0
2021-04-13,11800.0,37800.0,123200.0,25950.0,34200.0,30100.0,52050.0,69750.0,14800.0,14250.0
2021-04-14,11800.0,37800.0,122850.0,26100.0,34200.0,30150.0,52850.0,69500.0,14800.0,14250.0
2021-04-15,11800.0,37800.0,122450.0,26150.0,34200.0,30200.0,53250.0,70000.0,14800.0,14250.0
2021-04-16,11800.0,37750.0,122050.0,26150.0,34150.0,30200.0,52650.0,71300.0,14800.0,14250.0
2021-04-17,11800.0,37600.0,121950.0,26183.333333333332,34116.666666666664,30200.0,51783.333333333336,69500.0,14816.666666666666,14250.0
2021-04-18,11800.0,37450.0,121850.0,26216.666666666668,34083.333333333336,30200.0,50916.666666666664,67700.0,14833.333333333334,14250.0
2021-04-19,11800.0,37300.0,121750.0,26250.0,34050.0,30200.0,50050.0,65900.0,14850.0,14250.0
2021-04-20,11750.0,37150.0,121650.0,26300.0,33950.0,30100.0,49250.0,64800.0,14850.0,14250.0
2021-04-21,11750.0,36900.0,121750.0,26300.0,33850.0,30100.0,48600.0,63250.0,14850.0,14250.0
2021-04-22,11850.0,36750.0,121800.0,26300.0,33700.0,30150.0,47250.0,61700.0,14850.0,14250.0
2021-04-23,11750.0,36550.0,121850.0,26250.0,33650.0,30250.0,46200.0,60550.0,14850.0,14250.0
2021-04-24,11750.0,36416.666666666664,121850.0,26216.666666666668,33550.0,30250.0,45166.666666666664,59383.333333333336,14866.666666666666,14250.0
2021-04-25,11750.0,36283.333333333336,121850.0,26183.333333333332,33450.0,30250.0,44133.333333333336,58216.666666666664,14883.333333333334,14250.0
2021-04-26,11750.0,36150.0,121850.0,26150.0,33350.0,30250.0,43100.0,57050.0,14900.0,14250.0
2021-04-27,11750.0,35950.0,121850.0,26150.0,33250.0,30200.0,42000.0,56200.0,14900.0,14250.0
2021-04-28,11750.0,35900.0,121900.0,26100.0,33200.0,30150.0,41400.0,56000.0,14900.0,14300.0
2021-04-29,11750.0,35900.0,121900.0,26000.0,33100.0,30250.0,40700.0,55550.0,14950.0,14250.0
2021-04-30,11750.0,35900.0,122000.0,26000.0,33100.0,30200.0,40150.0,55000.0,14950.0,14250.0
2021-05-01,11750.0,35933.333333333336,122166.66666666667,25983.333333333332,33050.0,30183.333333333332,40066.666666666664,54633.333333333336,14950.0,14250.0
2021-05-02,11750.0,35966.666666666664,122333.33333333333,25966.666666666668,33000.0,30166.666666666668,39983.333333333336,54266.666666666664,14950.0,14250.0
2021-05-03,11750.0,36000.0,122500.0,25950.0,32950.0,30150.0,39900.0,53900.0,14950.0,14250.0
2021-05-04,11750.0,36250.0,122900.0,26000.0,33050.0,30200.0,40150.0,54800.0,15000.0,14250.0
2021-05-05,11750.0,36550.0,123100.0,26050.0,33150.0,30300.0,40300.0,55400.0,15000.0,14250.0
2021-05-06,11750.0,36600.0,123500.0,26050.0,33100.0,30250.0,40950.0,55550.0,15000.0,14250.0
2021-05-07,11750.0,37000.0,124100.0,26100.0,33200.0,30300.0,41100.0,55750.0,15000.0,14250.0
2021-05-08,11750.0,37316.666666666664,125950.0,26133.333333333332,33350.0,30350.0,43233.333333333336,57100.0,15016.666666666666,14250.0
2021-05-09,11750.0,37633.333333333336,127800.0,26166.666666666668,33500.0,30400.0,45366.666666666664,58450.0,15033.333333333334,14250.0
2021-05-10,11750.0,37950.0,129650.0,26200.0,33650.0,30450.0,47500.0,59800.0,15050.0,14250.0
2021-05-11,11750.0,39050.0,133250.0,26150.0,33800.0,30650.0,48500.0,62400.0,15100.0,14250.0
2021-05-12,11750.0,39041.666666666664,132266.66666666666,26133.333333333332,33733.333333333336,30625.0,47975.0,61833.333333333336,15100.0,14250.0
2021-05-13,11750.0,39033.333333333336,131283.33333333334,26116.666666666668,33666.666666666664,30600.0,47450.0,61266.666666666664,15100.0,14250.0
2021-05-14,11750.0,39025.0,130300.0,26100.0,33600.0,30575.0,46925.0,60700.0,15100.0,14250.0
2021-05-15,11750.0,39016.666666666664,129316.66666666667,26083.333333333332,33533.333333333336,30550.0,46400.0,60133.333333333336,15100.0,14250.0
2021-05-16,11750.0,39008.333333333336,128333.33333333333,26066.666666666668,33466.666666666664,30525.0,45875.0,59566.666666666664,15100.0,14250.0
2021-05-17,11750.0,39000.0,127350.0,26050.0,33400.0,30500.0,45350.0,59000.0,15100.0,14250.0
2021-05-18,11750.0,38900.0,126850.0,26000.0,33300.0,30450.0,43500.0,57950.0,15100.0,14250.0
2021-05-19,11750.0,38550.0,126400.0,26000.0,33400.0,30500.0,42000.0,56000.0,15150.0,14350.0
2021-05-20,11750.0,38200.0,125950.0,26000.0,33350.0,30450.0,40450.0,53950.0,15150.0,14250.0
2021-05-21,11750.0,37850.0,125300.0,26000.0,33350.0,30450.0,39500.0,51650.0,15150.0,14250.0
2021-05-22,11750.0,37700.0,125183.33333333333,25966.666666666668,33266.666666666664,30450.0,38733.333333333336,51016.666666666664,15200.0,14233.333333333334
2021-05-23,11750.0,37550.0,125066.66666666667,25933.333333333332,33183.333333333336,30450.0,37966.666666666664,50383.333333333336,15250.0,14216.666666666666
2021-05-24,11750.0,37400.0,124950.0,25900.0,33100.0,30450.0,37200.0,49750.0,15300.0,14200.0
2021-05-25,11750.0,37300.0,124850.0,25950.0,33000.0,30400.0,36850.0,49100.0,15200.0,14200.0
2021-05-26,12150.0,41650.0,120000.0,42000.0,38400.0,32900.0,38850.0,45250.0,14400.0,14250.0
2021-05-27,11750.0,37150.0,124450.0,26000.0,32900.0,30450.0,35850.0,48050.0,15200.0,14200.0
2021-05-28,11750.0,37000.0,124400.0,26000.0,32850.0,30400.0,35350.0,47450.0,15250.0,14200.0
2021-05-29,11750.0,37016.666666666664,124333.33333333333,26083.333333333332,32783.333333333336,30633.333333333332,34933.333333333336,47183.333333333336,15233.333333333334,14200.0
2021-05-30,11750.0,37033.333333333336,124266.66666666667,26166.666666666668,32716.666666666668,30866.666666666668,34516.666666666664,46916.666666666664,15216.666666666666,14200.0
2021-05-31,11750.0,37050.0,124200.0,26250.0,32650.0,31100.0,34100.0,46650.0,15200.0,14200.0
2021-06-01,12800.0,41800.0,127500.0,36950.0,45650.0,39150.0,45400.0,68550.0,15600.0,15550.0
2021-06-02,11750.0,36950.0,124000.0,26350.0,32350.0,30300.0,33800.0,45850.0,15200.0,14200.0
2021-06-03,11750.0,36900.0,124050.0,26350.0,32200.0,30300.0,33600.0,45250.0,15250.0,14200.0
2021-06-04,11750.0,37000.0,124050.0,26400.0,32250.0,30250.0,33900.0,44900.0,15250.0,14200.0
2021-06-05,11750.0,37016.666666666664,123983.33333333333,26433.333333333332,32133.333333333332,30216.666666666668,33883.333333333336,45083.333333333336,15250.0,14200.0
2021-06-06,11750.0,37033.333333333336,123916.66666666667,26466.666666666668,32016.666666666668,30183.333333333332,33866.666666666664,45266.666666666664,15250.0,14200.0
2021-06-07,11750.0,37050.0,123850.0,26500.0,31900.0,30150.0,33850.0,45450.0,15250.0,14200.0
2021-06-08,11750.0,37050.0,123600.0,26500.0,31850.0,30050.0,33550.0,45250.0,15250.0,14200.0
2021-06-09,11750.0,37200.0,123450.0,26500.0,31750.0,30100.0,33700.0,45250.0,15250.0,14200.0
2021-06-10,11700.0,37300.0,123600.0,26450.0,31800.0,30050.0,33700.0,45200.0,15250.0,14200.0
2021-06-11,11700.0,37400.0,123500.0,26450.0,31400.0,30050.0,33750.0,45850.0,15300.0,14200.0
2021-06-12,11716.666666666666,37466.666666666664,123500.0,26466.666666666668,31333.333333333332,30033.333333333332,33566.666666666664,45900.0,15300.0,14200.0
2021-06-13,11733.333333333334,37533.333333333336,123500.0,26483.333333333332,31266.666666666668,30016.666666666668,33383.333333333336,45950.0,15300.0,14200.0
2021-06-14,11750.0,37600.0,123500.0,26500.0,31200.0,30000.0,33200.0,46000.0,15300.0,14200.0
2021-06-15,11750.0,37700.0,123500.0,26450.0,30950.0,29950.0,32650.0,46250.0,15300.0,14200.0
2021-06-16,11750.0,37550.0,123600.0,26350.0,30950.0,29950.0,32500.0,46600.0,15300.0,14200.0
2021-06-17,11750.0,37650.0,123500.0,26300.0,30950.0,30000.0,32500.0,46950.0,15300.0,14200.0
2021-06-18,11750.0,37550.0,123500.0,26300.0,31000.0,29950.0,32400.0,47650.0,15300.0,14200.0
2021-06-19,11750.0,37533.333333333336,123483.33333333333,26250.0,30966.666666666668,29900.0,32533.333333333332,48483.333333333336,15300.0,14200.0
2021-06-20,11750.0,37516.666666666664,123466.66666666667,26200.0,30933.333333333332,29850.0,32666.666666666668,49316.666666666664,15300.0,14200.0
2021-06-21,11750.0,37500.0,123450.0,26150.0,30900.0,29800.0,32800.0,50150.0,15300.0,14200.0
2021-06-22,11750.0,37500.0,123650.0,26050.0,31000.0,29750.0,32700.0,50700.0,15300.0,14200.0
2021-06-23,11750.0,37500.0,123650.0,25950.0,31050.0,29750.0,32850.0,51150.0,15350.0,14200.0
2021-06-24,11750.0,37450.0,123650.0,25950.0,31200.0,29650.0,32900.0,51950.0,15350.0,14150.0
2021-06-25,11750.0,37200.0,123650.0,25900.0,31250.0,29700.0,33600.0,53600.0,15350.0,14150.0
2021-06-26,11750.0,37033.333333333336,123583.33333333333,25883.333333333332,31366.666666666668,29733.333333333332,33750.0,54033.333333333336,15350.0,14150.0
2021-06-27,11750.0,36866.666666666664,123516.66666666667,25866.666666666668,31483.333333333332,29766.666666666668,33900.0,54466.666666666664,15350.0,14150.0
2021-06-28,11750.0,36700.0,123450.0,25850.0,31600.0,29800.0,34050.0,54900.0,15350.0,14150.0
2021-06-29,11750.0,36500.0,123750.0,25750.0,31550.0,29750.0,34100.0,55900.0,15300.0,14150.0
2021-06-30,11700.0,36300.0,123750.0,25750.0,31700.0,29750.0,34450.0,56400.0,15350.0,14150.0
2021-07-01,11750.0,35950.0,123900.0,25650.0,31750.0,29800.0,34850.0,56700.0,15300.0,14150.0
2021-07-02,11700.0,35800.0,123850.0,25650.0,31750.0,29750.0,35250.0,56700.0,15300.0,14150.0
2021-07-03,11700.0,35600.0,123866.66666666667,25566.666666666668,31816.666666666668,29750.0,35666.666666666664,57083.333333333336,15316.666666666666,14150.0
2021-07-04,11700.0,35400.0,123883.33333333333,25483.333333333332,31883.333333333332,29750.0,36083.333333333336,57466.666666666664,15333.333333333334,14150.0
2021-07-05,11700.0,35200.0,123900.0,25400.0,31950.0,29750.0,36500.0,57850.0,15350.0,14150.0
2021-07-06,11750.0,35000.0,123900.0,25400.0,32100.0,29750.0,36450.0,58350.0,15350.0,14150.0
2021-07-07,11700.0,34750.0,123950.0,25350.0,32300.0,29800.0,37050.0,58200.0,15300.0,14150.0
2021-07-08,11700.0,34700.0,123950.0,25350.0,32300.0,29850.0,37050.0,58700.0,15300.0,14150.0
2021-07-09,11700.0,34450.0,123950.0,25300.0,32400.0,29900.0,37300.0,58800.0,15300.0,14150.0
2021-07-10,11700.0,34283.333333333336,123983.33333333333,25300.0,32416.666666666668,29883.333333333332,37266.666666666664,58933.333333333336,15316.666666666666,14133.333333333334
2021-07-11,11700.0,34116.666666666664,124016.66666666667,25300.0,32433.333333333332,29866.666666666668,37233.333333333336,59066.666666666664,15333.333333333334,14116.666666666666
2021-07-12,11700.0,33950.0,124050.0,25300.0,32450.0,29850.0,37200.0,59200.0,15350.0,14100.0
2021-07-13,11700.0,33750.0,124050.0,25300.0,32500.0,29850.0,37150.0,59200.0,15350.0,14100.0
2021-07-14,11700.0,33550.0,122350.0,25350.0,32550.0,29850.0,37200.0,59100.0,15350.0,14100.0
2021-07-15,11700.0,33400.0,123950.0,25350.0,32600.0,29900.0,37300.0,58750.0,15350.0,14150.0
2021-07-16,11700.0,33250.0,124000.0,25500.0,32750.0,29900.0,37750.0,58400.0,15350.0,14150.0
2021-07-17,11700.0,33416.666666666664,125716.66666666667,25600.0,33050.0,29983.333333333332,39283.333333333336,58583.333333333336,15366.666666666666,14133.333333333334
2021-07-18,11700.0,33583.333333333336,127433.33333333333,25700.0,33350.0,30066.666666666668,40816.666666666664,58766.666666666664,15383.333333333334,14116.666666666666
2021-07-19,11700.0,33750.0,129150.0,25800.0,33650.0,30150.0,42350.0,58950.0,15400.0,14100.0
2021-07-20,13000.0,36300.0,127500.0,30150.0,47500.0,45000.0,70000.0,85000.0,17150.0,16000.0
2021-07-21,11700.0,33950.0,127650.0,25800.0,33900.0,30300.0,42650.0,59600.0,15400.0,14150.0
2021-07-22,11700.0,33850.0,127100.0,25850.0,34000.0,30350.0,42300.0,59100.0,15400.0,14150.0
2021-07-23,11700.0,33750.0,126650.0,25900.0,34250.0,30350.0,42250.0,59200.0,15400.0,14150.0
2021-07-24,11700.0,33550.0,126000.0,25966.666666666668,34433.333333333336,30400.0,40900.0,57716.666666666664,15416.666666666666,14150.0
2021-07-25,11700.0,33350.0,125350.0,26033.333333333332,34616.666666666664,30450.0,39550.0,56233.333333333336,15433.333333333334,14150.0
2021-07-26,11700.0,33150.0,124700.0,26100.0,34800.0,30500.0,38200.0,54750.0,15450.0,14150.0
2021-07-27,11700.0,32800.0,124900.0,26150.0,35100.0,30650.0,37300.0,53800.0,15450.0,14150.0
2021-07-28,11750.0,32650.0,124850.0,26150.0,35350.0,30600.0,36500.0,52550.0,15500.0,14150.0
2021-07-29,11700.0,32400.0,124250.0,26200.0,35650.0,30650.0,35600.0,51100.0,15550.0,14150.0
2021-07-30,11700.0,32300.0,124100.0,26200.0,35750.0,30650.0,34750.0,50200.0,15550.0,14150.0
2021-07-31,11700.0,32233.333333333332,124083.33333333333,26183.333333333332,35866.666666666664,30716.666666666668,34233.333333333336,49650.0,15566.666666666666,14150.0
2021-08-01,11700.0,32166.666666666668,124066.66666666667,26166.666666666668,35983.333333333336,30783.333333333332,33716.666666666664,49100.0,15583.333333333334,14150.0
2021-08-02,11700.0,32100.0,124050.0,26150.0,36100.0,30850.0,33200.0,48550.0,15600.0,14150.0
2021-08-03,11700.0,32350.0,124050.0,26200.0,36350.0,30850.0,32850.0,47900.0,15600.0,14150.0
2021-08-04,11700.0,32650.0,124050.0,26150.0,36400.0,30850.0,32350.0,47400.0,15650.0,14100.0
2021-08-05,11700.0,32650.0,124050.0,26150.0,36350.0,30850.0,32450.0,47300.0,15650.0,14100.0
2021-08-06,11700.0,32500.0,124050.0,26150.0,36300.0,30850.0,31950.0,47250.0,15650.0,14100.0
2021-08-07,11700.0,32516.666666666668,124050.0,26083.333333333332,36266.666666666664,30833.333333333332,31783.333333333332,47066.666666666664,15666.666666666666,14100.0
2021-08-08,11700.0,32533.333333333332,124050.0,26016.666666666668,36233.333333333336,30816.666666666668,31616.666666666668,46883.333333333336,15683.333333333334,14100.0
2021-08-09,11700.0,32550.0,124050.0,25950.0,36200.0,30800.0,31450.0,46700.0,15700.0,14100.0
2021-08-10,11700.0,32850.0,124050.0,25900.0,36150.0,30800.0,31400.0,46100.0,15700.0,14100.0
2021-08-11,11250.0,29000.0,100650.0,23250.0,28500.0,24500.0,17500.0,28150.0,15200.0,13400.0
2021-08-12,11700.0,32900.0,124050.0,25850.0,35900.0,30800.0,31050.0,45200.0,15700.0,14100.0
2021-08-13,11700.0,32750.0,124000.0,25850.0,35750.0,30800.0,30850.0,44950.0,15750.0,14050.0
2021-08-14,11700.0,32666.666666666668,124000.0,25800.0,35516.666666666664,30733.333333333332,30616.666666666668,44466.666666666664,15750.0,14050.0
2021-08-15,11700.0,32583.333333333332,124000.0,25750.0,35283.333333333336,30666.666666666668,30383.333333333332,43983.333333333336,15750.0,14050.0
2021-08-16,11700.0,32500.0,124000.0,25700.0,35050.0,30600.0,30150.0,43500.0,15750.0,14050.0
2021-08-17,13000.0,39050.0,127500.0,29900.0,48750.0,45000.0,43750.0,75000.0,17150.0,16000.0
2021-08-18,11700.0,32400.0,124000.0,25550.0,34650.0,30600.0,30200.0,42250.0,15750.0,14050.0
2021-08-19,11650.0,32300.0,124000.0,25500.0,34500.0,30550.0,29950.0,42150.0,15800.0,14050.0
2021-08-20,11650.0,32150.0,124000.0,25450.0,34350.0,30550.0,29700.0,41700.0,15800.0,14050.0
2021-08-21,11650.0,32183.333333333332,124016.66666666667,25400.0,34133.333333333336,30466.666666666668,29366.666666666668,40966.666666666664,15816.666666666666,14050.0
2021-08-22,11650.0,32216.666666666668,124033.33333333333,25350.0,33916.666666666664,30383.333333333332,29033.333333333332,40233.333333333336,15833.333333333334,14050.0
2021-08-23,11650.0,32250.0,124050.0,25300.0,33700.0,30300.0,28700.0,39500.0,15850.0,14050.0
2021-08-24,11650.0,32350.0,124050.0,25200.0,33500.0,30250.0,28450.0,39000.0,15850.0,14050.0
2021-08-25,11650.0,32400.0,124000.0,25150.0,33200.0,30300.0,28250.0,38650.0,15850.0,14050.0
2021-08-26,11650.0,32550.0,124150.0,25100.0,32950.0,30250.0,28350.0,38050.0,15850.0,14050.0
2021-08-27,11650.0,32800.0,124100.0,25050.0,32650.0,30200.0,28150.0,37950.0,15850.0,14050.0
2021-08-28,11650.0,32916.666666666664,124083.33333333333,24950.0,32500.0,30216.666666666668,28266.666666666668,37616.666666666664,15866.666666666666,14050.0
2021-08-29,11650.0,33033.333333333336,124066.66666666667,24850.0,32350.0,30233.333333333332,28383.333333333332,37283.333333333336,15883.333333333334,14050.0
2021-08-30,11650.0,33150.0,124050.0,24750.0,32200.0,30250.0,28500.0,36950.0,15900.0,14050.0
2021-08-31,11650.0,33350.0,124050.0,24650.0,32100.0,30200.0,28650.0,36800.0,15900.0,14050.0
2021-09-01,11650.0,33700.0,124100.0,24600.0,31950.0,30200.0,28900.0,37150.0,15900.0,14050.0
2021-09-02,11650.0,33900.0,124050.0,24500.0,31750.0,30150.0,28900.0,37000.0,15900.0,14050.0
2021-09-03,11650.0,33950.0,124050.0,24400.0,31600.0,30050.0,28850.0,36500.0,15900.0,14050.0
2021-09-04,11650.0,34033.333333333336,124066.66666666667,24300.0,31533.333333333332,30016.666666666668,28750.0,36616.666666666664,15916.666666666666,14050.0
2021-09-05,11650.0,34116.666666666664,124083.33333333333,24200.0,31466.666666666668,29983.333333333332,28650.0,36733.333333333336,15933.333333333334,14050.0
2021-09-06,11650.0,34200.0,124100.0,24100.0,31400.0,29950.0,28550.0,36850.0,15950.0,14050.0
2021-09-07,11650.0,35850.0,124100.0,24050.0,31250.0,29900.0,28250.0,36700.0,15950.0,14050.0
2021-09-08,11700.0,34400.0,124000.0,23950.0,31250.0,29900.0,28350.0,36900.0,16000.0,14050.0
2021-09-09,11700.0,34600.0,124000.0,23950.0,31200.0,29950.0,28600.0,37100.0,16000.0,14050.0
2021-09-10,11650.0,34800.0,124000.0,23900.0,31150.0,29950.0,28400.0,36850.0,16000.0,14050.0
2021-09-11,11650.0,34800.0,124016.66666666667,23866.666666666668,31050.0,29933.333333333332,28266.666666666668,36600.0,16016.666666666666,14050.0
2021-09-12,11650.0,34800.0,124033.33333333333,23833.333333333332,30950.0,29916.666666666668,28133.333333333332,36350.0,16033.333333333334,14050.0
2021-09-13,11650.0,34800.0,124050.0,23800.0,30850.0,29900.0,28000.0,36100.0,16050.0,14050.0
2021-09-14,11650.0,34800.0,124050.0,23750.0,30550.0,29850.0,28200.0,35750.0,16050.0,14050.0
2021-09-15,11650.0,34800.0,124100.0,23700.0,30350.0,29850.0,28250.0,35750.0,16050.0,14050.0
2021-09-16,11650.0,34800.0,124100.0,23650.0,30350.0,29850.0,28500.0,36100.0,16050.0,14050.0
2021-09-17,11650.0,34900.0,124100.0,23600.0,30300.0,29800.0,28450.0,36300.0,16050.0,14050.0
2021-09-18,11650.0,34916.666666666664,124083.33333333333,23550.0,30233.333333333332,29750.0,28533.333333333332,36250.0,16050.0,14050.0
2021-09-19,11650.0,34933.333333333336,124066.66666666667,23500.0,30166.666666666668,29700.0,28616.666666666668,36200.0,16050.0,14050.0
2021-09-20,11650.0,34950.0,124050.0,23450.0,30100.0,29650.0,28700.0,36150.0,16050.0,14050.0
2021-09-21,11650.0,35050.0,124050.0,23400.0,30000.0,29650.0,28850.0,36150.0,16100.0,14050.0
2021-09-22,11650.0,35250.0,124050.0,23350.0,30000.0,29650.0,28900.0,36400.0,16100.0,14050.0
2021-09-23,11650.0,35350.0,124050.0,23300.0,29850.0,29650.0,28950.0,36650.0,16100.0,14050.0
2021-09-24,11650.0,35400.0,124050.0,23250.0,29850.0,29600.0,29150.0,36550.0,16100.0,14050.0
2021-09-25,11650.0,35466.666666666664,124050.0,23250.0,29816.666666666668,29616.666666666668,29366.666666666668,36950.0,16100.0,14050.0
2021-09-26,11650.0,35533.333333333336,124050.0,23250.0,29783.333333333332,29633.333333333332,29583.333333333332,37350.0,16100.0,14050.0
2021-09-27,11650.0,35600.0,124050.0,23250.0,29750.0,29650.0,29800.0,37750.0,16100.0,14050.0
2021-09-28,11650.0,35650.0,123650.0,23300.0,29750.0,29700.0,30250.0,38150.0,16150.0,14050.0
2021-09-29,11650.0,35700.0,123700.0,23300.0,29650.0,29600.0,30350.0,37800.0,16150.0,14050.0
2021-09-30,11650.0,35600.0,123650.0,23350.0,29650.0,29550.0,30350.0,38050.0,16150.0,14100.0
2021-10-01,11650.0,35500.0,124100.0,23350.0,29650.0,29600.0,30700.0,37900.0,16150.0,14050.0
2021-10-02,11650.0,35466.666666666664,124066.66666666667,23333.333333333332,29600.0,29583.333333333332,31583.333333333332,38033.333333333336,16166.666666666666,14050.0
2021-10-03,11650.0,35433.333333333336,124033.33333333333,23316.666666666668,29550.0,29566.666666666668,32466.666666666668,38166.666666666664,16183.333333333334,14050.0
2021-10-04,11650.0,35400.0,124000.0,23300.0,29500.0,29550.0,33350.0,38300.0,16200.0,14050.0
2021-10-05,11650.0,35350.0,124050.0,23250.0,29500.0,29550.0,33900.0,38600.0,16200.0,14050.0
2021-10-06,11650.0,35350.0,124150.0,23250.0,29500.0,29600.0,33800.0,38350.0,16200.0,14050.0
2021-10-07,11650.0,35450.0,124150.0,23200.0,29600.0,29650.0,34200.0,38650.0,16250.0,14050.0
2021-10-08,11650.0,35550.0,124150.0,23200.0,29550.0,29600.0,34250.0,38900.0,16300.0,14050.0
2021-10-09,11650.0,35616.666666666664,124150.0,23183.333333333332,29566.666666666668,29583.333333333332,34216.666666666664,39100.0,16350.0,14050.0
2021-10-10,11650.0,35683.333333333336,124150.0,23166.666666666668,29583.333333333332,29566.666666666668,34183.333333333336,39300.0,16400.0,14050.0
2021-10-11,11650.0,35750.0,124150.0,23150.0,29600.0,29550.0,34150.0,39500.0,16450.0,14050.0
2021-10-12,11650.0,35900.0,124150.0,23150.0,29600.0,29550.0,34250.0,39500.0,16500.0,14050.0
2021-10-13,11650.0,35900.0,124150.0,23150.0,29650.0,29550.0,34650.0,39900.0,16550.0,14050.0
2021-10-14,11650.0,36050.0,124150.0,23150.0,29850.0,29650.0,34850.0,39800.0,16600.0,14050.0
2021-10-15,11650.0,36050.0,124200.0,23150.0,29900.0,29650.0,34700.0,40100.0,16650.0,14000.0
2021-10-16,11650.0,36050.0,124233.33333333333,23116.666666666668,29866.666666666668,29583.333333333332,34533.333333333336,40100.0,16683.333333333332,14016.666666666666
2021-10-17,11650.0,36050.0,124266.66666666667,23083.333333333332,29833.333333333332,29516.666666666668,34366.666666666664,40100.0,16716.666666666668,14033.333333333334
2021-10-18,11650.0,36050.0,124300.0,23050.0,29800.0,29450.0,34200.0,40100.0,16750.0,14050.0
2021-10-19,11650.0,36100.0,124250.0,23050.0,29850.0,29600.0,34300.0,40050.0,16800.0,14000.0
2021-10-20,14150.0,43250.0,147500.0,28000.0,35750.0,33750.0,51250.0,58750.0,17000.0,14250.0
2021-10-21,11650.0,36000.0,124150.0,23000.0,29800.0,29450.0,34400.0,39400.0,16800.0,14050.0
2021-10-22,11650.0,36150.0,124150.0,22950.0,29750.0,29450.0,34750.0,38950.0,16850.0,14250.0
2021-10-23,11650.0,36083.333333333336,124150.0,22966.666666666668,29700.0,29450.0,34983.333333333336,38533.333333333336,16883.333333333332,14183.333333333334
2021-10-24,11650.0,36016.666666666664,124150.0,22983.333333333332,29650.0,29450.0,35216.666666666664,38116.666666666664,16916.666666666668,14116.666666666666
2021-10-25,11650.0,35950.0,124150.0,23000.0,29600.0,29450.0,35450.0,37700.0,16950.0,14050.0
2021-10-26,11650.0,36150.0,124150.0,23000.0,29600.0,29450.0,35400.0,37350.0,17050.0,14050.0
2021-10-27,11650.0,36050.0,124150.0,23100.0,29600.0,29450.0,35350.0,37250.0,17050.0,14050.0
2021-10-28,11650.0,36100.0,124200.0,23100.0,29650.0,29500.0,35350.0,37050.0,17200.0,14050.0
2021-10-29,11650.0,36050.0,124200.0,23150.0,29450.0,29450.0,35550.0,36200.0,17250.0,14050.0
2021-10-30,11650.0,36016.666666666664,124250.0,23183.333333333332,29383.333333333332,29450.0,35733.333333333336,35983.333333333336,17300.0,14066.666666666666
2021-10-31,11650.0,35983.333333333336,124300.0,23216.666666666668,29316.666666666668,29450.0,35916.666666666664,35766.666666666664,17350.0,14083.333333333334
2021-11-01,11650.0,35950.0,124350.0,23250.0,29250.0,29450.0,36100.0,35550.0,17400.0,14100.0
2021-11-02,11650.0,36050.0,124100.0,23350.0,29100.0,29500.0,36100.0,35100.0,17450.0,14100.0
2021-11-03,11650.0,35850.0,124350.0,23450.0,29100.0,29500.0,36500.0,35350.0,17550.0,14050.0
2021-11-04,11650.0,35850.0,124350.0,23550.0,29050.0,29400.0,37100.0,35500.0,17700.0,14050.0
2021-11-05,11650.0,35850.0,124300.0,23750.0,29050.0,29450.0,38100.0,35500.0,17700.0,14050.0
2021-11-06,11650.0,35883.333333333336,124283.33333333333,23950.0,28983.333333333332,29466.666666666668,38616.666666666664,35400.0,17750.0,14050.0
2021-11-07,11650.0,35916.666666666664,124266.66666666667,24150.0,28916.666666666668,29483.333333333332,39133.333333333336,35300.0,17800.0,14050.0
2021-11-08,11650.0,35950.0,124250.0,24350.0,28850.0,29500.0,39650.0,35200.0,17850.0,14050.0
2021-11-09,11650.0,36000.0,124250.0,24750.0,28700.0,29500.0,40450.0,35100.0,17950.0,14050.0
2021-11-10,11700.0,35700.0,124750.0,24950.0,29000.0,29700.0,41700.0,36200.0,18000.0,14100.0
2021-11-11,11650.0,35700.0,124250.0,25900.0,28650.0,29450.0,41350.0,35900.0,18050.0,14050.0
2021-11-12,11650.0,35700.0,124050.0,25050.0,28650.0,29500.0,41500.0,36250.0,18100.0,14050.0
2021-11-13,11650.0,35583.333333333336,124166.66666666667,25100.0,28550.0,29483.333333333332,41633.333333333336,36516.666666666664,18150.0,14050.0
2021-11-14,11650.0,35466.666666666664,124283.33333333333,25150.0,28450.0,29466.666666666668,41766.666666666664,36783.333333333336,18200.0,14050.0
2021-11-15,11650.0,35350.0,124400.0,25200.0,28350.0,29450.0,41900.0,37050.0,18250.0,14050.0
2021-11-16,11650.0,35350.0,124300.0,25300.0,28300.0,29450.0,41850.0,37450.0,18300.0,14050.0
2021-11-17,11650.0,35250.0,124100.0,25300.0,28250.0,29500.0,42000.0,37450.0,18350.0,14050.0
2021-11-18,11650.0,35200.0,124100.0,25300.0,28100.0,29450.0,41750.0,37600.0,18350.0,14050.0
2021-11-19,11650.0,35250.0,124200.0,25300.0,28100.0,29450.0,41600.0,37500.0,18400.0,14050.0
2021-11-20,11650.0,35183.333333333336,124200.0,25283.333333333332,28000.0,29433.333333333332,41733.333333333336,38300.0,18416.666666666668,14050.0
2021-11-21,11650.0,35116.666666666664,124200.0,25266.666666666668,27900.0,29416.666666666668,41866.666666666664,39100.0,18433.333333333332,14050.0
2021-11-22,11650.0,35050.0,124200.0,25250.0,27800.0,29400.0,42000.0,39900.0,18450.0,14050.0
2021-11-23,11650.0,35000.0,124200.0,25300.0,27600.0,29350.0,42100.0,41150.0,18500.0,14050.0
2021-11-24,11650.0,35050.0,124250.0,25300.0,27500.0,29300.0,41800.0,41450.0,18550.0,14050.0
2021-11-25,11650.0,35250.0,124250.0,25250.0,27450.0,29350.0,42050.0,42150.0,18600.0,14050.0
2021-11-26,11650.0,35300.0,124150.0,25200.0,27450.0,29250.0,42300.0,43450.0,18600.0,14050.0
2021-11-27,11650.0,35333.333333333336,124150.0,25166.666666666668,27400.0,29233.333333333332,42383.333333333336,44433.333333333336,18633.333333333332,14050.0
2021-11-28,11650.0,35366.666666666664,124150.0,25133.333333333332,27350.0,29216.666666666668,42466.666666666664,45416.666666666664,18666.666666666668,14050.0
2021-11-29,11650.0,35400.0,124150.0,25100.0,27300.0,29200.0,42550.0,46400.0,18700.0,14050.0
2021-11-30,11650.0,35400.0,124150.0,25000.0,27200.0,29250.0,42800.0,47300.0,18750.0,14050.0
2021-12-01,11650.0,35250.0,124200.0,24950.0,27200.0,29250.0,43200.0,48400.0,18850.0,14050.0
2021-12-02,11650.0,35250.0,124250.0,24900.0,27100.0,29250.0,43600.0,50750.0,18900.0,14050.0
2021-12-03,11650.0,35150.0,124250.0,24900.0,27150.0,29250.0,44300.0,52100.0,18950.0,14050.0
2021-12-04,11650.0,35150.0,124216.66666666667,24883.333333333332,27216.666666666668,29250.0,45083.333333333336,54716.666666666664,19000.0,14050.0
2021-12-05,11650.0,35150.0,124183.33333333333,24866.666666666668,27283.333333333332,29250.0,45866.666666666664,57333.333333333336,19050.0,14050.0
2021-12-06,11650.0,35150.0,124150.0,24850.0,27350.0,29250.0,46650.0,59950.0,19100.0,14050.0
2021-12-07,11650.0,35050.0,124200.0,24850.0,27400.0,29200.0,47200.0,61350.0,19150.0,14050.0
2021-12-08,11650.0,35100.0,124100.0,24850.0,27550.0,29200.0,48000.0,62400.0,19200.0,14100.0
2021-12-09,11650.0,35200.0,124250.0,24850.0,27600.0,29250.0,48550.0,63600.0,19250.0,14100.0
2021-12-10,11650.0,35250.0,124250.0,24850.0,27800.0,29200.0,49900.0,65400.0,19250.0,14100.0
2021-12-11,11650.0,35350.0,124250.0,25016.666666666668,27983.333333333332,29183.333333333332,50416.666666666664,66966.66666666667,19266.666666666668,14100.0
2021-12-12,11650.0,35450.0,124250.0,25183.333333333332,28166.666666666668,29166.666666666668,50933.333333333336,68533.33333333333,19283.333333333332,14100.0
2021-12-13,11650.0,35550.0,124250.0,25350.0,28350.0,29150.0,51450.0,70100.0,19300.0,14100.0
2021-12-14,11700.0,35550.0,124200.0,25550.0,28450.0,29250.0,51750.0,70650.0,19300.0,14100.0
2021-12-15,11700.0,35700.0,124200.0,25950.0,28250.0,28750.0,50850.0,69500.0,19400.0,14100.0
2021-12-16,11700.0,35750.0,124200.0,26200.0,28850.0,29350.0,51800.0,72650.0,19450.0,14100.0
2021-12-17,11700.0,35850.0,124300.0,26350.0,28900.0,29400.0,51600.0,73250.0,19450.0,14100.0
2021-12-18,11683.333333333334,35816.666666666664,124483.33333333333,26533.333333333332,29000.0,29483.333333333332,51316.666666666664,73466.66666666667,19466.666666666668,14100.0
2021-12-19,11666.666666666666,35783.333333333336,124666.66666666667,26716.666666666668,29100.0,29566.666666666668,51033.333333333336,73683.33333333333,19483.333333333332,14100.0
2021-12-20,11650.0,35750.0,124850.0,26900.0,29200.0,29650.0,50750.0,73900.0,19500.0,14100.0
2021-12-21,11650.0,36000.0,125400.0,27100.0,29400.0,29750.0,50700.0,73350.0,19550.0,14100.0
2021-12-22,11600.0,36050.0,123800.0,27500.0,29100.0,29600.0,50750.0,74550.0,19550.0,14150.0
2021-12-23,11650.0,36200.0,125050.0,28050.0,29400.0,29650.0,50350.0,76000.0,19550.0,14200.0
2021-12-24,11600.0,36500.0,125200.0,28700.0,29550.0,29700.0,50650.0,77400.0,19550.0,14200.0
2021-12-25,11633.333333333334,36650.0,124916.66666666667,28983.333333333332,29683.333333333332,29783.333333333332,50850.0,78183.33333333333,19566.666666666668,14166.666666666666
2021-12-26,11666.666666666666,36800.0,124633.33333333333,29266.666666666668,29816.666666666668,29866.666666666668,51050.0,78966.66666666667,19583.333333333332,14133.333333333334
2021-12-27,11700.0,36950.0,124350.0,29550.0,29950.0,29950.0,51250.0,79750.0,19600.0,14100.0
2021-12-28,11700.0,36950.0,124550.0,29600.0,30050.0,30000.0,51000.0,79150.0,19650.0,14100.0
2021-12-29,11750.0,37250.0,124550.0,30100.0,30100.0,29950.0,50300.0,77750.0,19750.0,14100.0
2021-12-30,11750.0,37600.0,124700.0,30300.0,30050.0,30100.0,49150.0,76250.0,19850.0,14100.0
2021-12-31,11750.0,37950.0,124850.0,30300.0,30100.0,30100.0,48650.0,75000.0,19900.0,14100.0
2022-01-01,11750.0,38000.0,124883.33333333333,30283.333333333332,30133.333333333332,30116.666666666668,48266.666666666664,74583.33333333333,19933.333333333332,14116.666666666666
2022-01-02,11750.0,38050.0,124916.66666666667,30266.666666666668,30166.666666666668,30133.333333333332,47883.333333333336,74166.66666666667,19966.666666666668,14133.333333333334
2022-01-03,11750.0,38100.0,124950.0,30250.0,30200.0,30150.0,47500.0,73750.0,20000.0,14150.0
2022-01-04,11750.0,38250.0,124450.0,30100.0,30150.0,30250.0,47050.0,73450.0,20000.0,14150.0
2022-01-05,11750.0,38200.0,124700.0,30350.0,30300.0,30300.0,46450.0,71700.0,20050.0,14150.0
2022-01-06,11750.0,38350.0,124650.0,29900.0,30300.0,30300.0,45600.0,69800.0,20050.0,14150.0
2022-01-07,11750.0,38400.0,124650.0,29750.0,30400.0,30250.0,44550.0,68400.0,20100.0,14200.0
2022-01-08,11733.333333333334,38583.333333333336,124600.0,29566.666666666668,30483.333333333332,30266.666666666668,43950.0,66850.0,20116.666666666668,14216.666666666666
2022-01-09,11716.666666666666,38766.666666666664,124550.0,29383.333333333332,30566.666666666668,30283.333333333332,43350.0,65300.0,20133.333333333332,14233.333333333334
2022-01-10,11700.0,38950.0,124500.0,29200.0,30650.0,30300.0,42750.0,63750.0,20150.0,14250.0
2022-01-11,11750.0,38950.0,124600.0,29000.0,30600.0,30250.0,41450.0,62250.0,20150.0,14300.0
2022-01-12,11750.0,39050.0,124650.0,28850.0,30550.0,30250.0,40750.0,61300.0,20200.0,14350.0
2022-01-13,11750.0,39300.0,124650.0,28700.0,30650.0,30350.0,39900.0,60400.0,20300.0,14450.0
2022-01-14,11750.0,39300.0,124650.0,28450.0,30750.0,30350.0,39550.0,59250.0,20250.0,14450.0
2022-01-15,11750.0,39283.333333333336,124650.0,28283.333333333332,30800.0,30383.333333333332,39600.0,58533.333333333336,20283.333333333332,14500.0
2022-01-16,11750.0,39266.666666666664,124650.0,28116.666666666668,30850.0,30416.666666666668,39650.0,57816.666666666664,20316.666666666668,14550.0
2022-01-17,11750.0,39250.0,124650.0,27950.0,30900.0,30450.0,39700.0,57100.0,20350.0,14600.0
2022-01-18,11800.0,39250.0,124700.0,27800.0,30950.0,30450.0,39750.0,57000.0,20350.0,14650.0
2022-01-19,11800.0,39200.0,124700.0,27600.0,30900.0,30450.0,39900.0,57000.0,20350.0,14700.0
2022-01-20,11800.0,39200.0,124700.0,27350.0,30950.0,30450.0,39950.0,55750.0,20350.0,14700.0
2022-01-21,11800.0,39100.0,124200.0,27150.0,31050.0,30350.0,39650.0,54950.0,20350.0,14750.0
2022-01-22,11800.0,38933.333333333336,124200.0,27000.0,31050.0,30366.666666666668,39533.333333333336,54066.666666666664,20316.666666666668,14750.0
2022-01-23,11800.0,38766.666666666664,124200.0,26850.0,31050.0,30383.333333333332,39416.666666666664,53183.333333333336,20283.333333333332,14750.0
2022-01-24,11800.0,38600.0,124200.0,26700.0,31050.0,30400.0,39300.0,52300.0,20250.0,14750.0
2022-01-25,11800.0,38350.0,124200.0,26600.0,30950.0,30300.0,39200.0,51550.0,20250.0,14750.0
2022-01-26,11800.0,38050.0,124250.0,26450.0,30900.0,30300.0,38650.0,50900.0,20200.0,14750.0
2022-01-27,11800.0,37850.0,124250.0,26200.0,30900.0,30300.0,38750.0,49850.0,20100.0,14750.0
2022-01-28,11800.0,37500.0,124250.0,26000.0,31000.0,30300.0,38800.0,49400.0,20050.0,14750.0
2022-01-29,11800.0,37333.333333333336,124116.66666666667,25866.666666666668,31066.666666666668,30333.333333333332,38550.0,49033.333333333336,19933.333333333332,14750.0
2022-01-30,11800.0,37166.666666666664,123983.33333333333,25733.333333333332,31133.333333333332,30366.666666666668,38300.0,48666.666666666664,19816.666666666668,14750.0
2022-01-31,11800.0,37000.0,123850.0,25600.0,31200.0,30400.0,38050.0,48300.0,19700.0,14750.0
2022-02-01,11000.0,31000.0,113750.0,18250.0,26000.0,24000.0,19000.0,22000.0,20350.0,13750.0
2022-02-02,11800.0,36650.0,124800.0,25300.0,31450.0,30400.0,38000.0,48300.0,19550.0,14750.0
2022-02-03,11800.0,36450.0,124550.0,25200.0,31650.0,30450.0,37800.0,48200.0,19500.0,14750.0
2022-02-04,11800.0,36050.0,124500.0,25000.0,31850.0,30400.0,37350.0,48700.0,19350.0,14750.0
2022-02-05,11800.0,35966.666666666664,124283.33333333333,24883.333333333332,32133.333333333332,30433.333333333332,37783.333333333336,49066.666666666664,19250.0,14750.0
2022-02-06,11800.0,35883.333333333336,124066.66666666667,24766.666666666668,32416.666666666668,30466.666666666668,38216.666666666664,49433.333333333336,19150.0,14750.0
2022-02-07,11800.0,35800.0,123850.0,24650.0,32700.0,30500.0,38650.0,49800.0,19050.0,14750.0
2022-02-08,11800.0,35750.0,124950.0,24500.0,33000.0,30550.0,39100.0,50250.0,18950.0,14750.0
2022-02-09,11800.0,35750.0,125050.0,24450.0,33400.0,30550.0,39700.0,50200.0,18850.0,14800.0
2022-02-10,11800.0,35750.0,125050.0,24450.0,34100.0,30500.0,40000.0,49950.0,18850.0,14750.0
2022-02-11,11800.0,35650.0,125050.0,24400.0,34300.0,30550.0,40450.0,49750.0,18750.0,14800.0
2022-02-12,11800.0,35616.666666666664,125066.66666666667,24316.666666666668,34633.333333333336,30566.666666666668,41166.666666666664,49850.0,18733.333333333332,14800.0
2022-02-13,11800.0,35583.333333333336,125083.33333333333,24233.333333333332,34966.666666666664,30583.333333333332,41883.333333333336,49950.0,18716.666666666668,14800.0
2022-02-14,11800.0,35550.0,125100.0,24150.0,35300.0,30600.0,42600.0,50050.0,18700.0,14800.0
2022-02-15,11800.0,35550.0,125100.0,24150.0,35750.0,30600.0,43050.0,50150.0,18700.0,14800.0
2022-02-16,11800.0,35500.0,125100.0,24050.0,35900.0,30600.0,43450.0,50200.0,18700.0,14800.0
2022-02-17,11800.0,35400.0,125100.0,23900.0,35900.0,30500.0,43650.0,50300.0,18700.0,14750.0
2022-02-18,11800.0,35450.0,125250.0,23900.0,36000.0,30550.0,43350.0,50300.0,18650.0,14750.0
2022-02-19,11800.0,35400.0,125116.66666666667,23983.333333333332,36116.666666666664,30600.0,44000.0,50866.666666666664,18616.666666666668,14750.0
2022-02-20,11800.0,35350.0,124983.33333333333,24066.666666666668,36233.333333333336,30650.0,44650.0,51433.333333333336,18583.333333333332,14750.0
2022-02-21,11800.0,35300.0,124850.0,24150.0,36350.0,30700.0,45300.0,52000.0,18550.0,14750.0
2022-02-22,11800.0,35350.0,125550.0,24200.0,36450.0,30650.0,46100.0,53000.0,18450.0,14750.0
2022-02-23,11800.0,35450.0,125400.0,24200.0,36550.0,30650.0,47050.0,54050.0,18400.0,14750.0
2022-02-24,11800.0,35350.0,125400.0,24200.0,36500.0,30700.0,47450.0,53900.0,18450.0,14750.0
2022-02-25,11800.0,35350.0,125550.0,24150.0,36600.0,30700.0,48000.0,54050.0,18400.0,14750.0
2022-02-26,11800.0,35425.0,125750.0,24150.0,36687.5,30700.0,48525.0,55037.5,18437.5,14750.0
2022-02-27,11800.0,35500.0,125950.0,24150.0,36775.0,30700.0,49050.0,56025.0,18475.0,14750.0
2022-02-28,11800.0,35575.0,126150.0,24150.0,36862.5,30700.0,49575.0,57012.5,18512.5,14750.0
2022-03-01,11800.0,35650.0,126350.0,24150.0,36950.0,30700.0,50100.0,58000.0,18550.0,14750.0
2022-03-02,11800.0,35700.0,126550.0,24200.0,37050.0,30700.0,50800.0,58750.0,18550.0,14750.0
2022-03-03,11800.0,35700.0,126725.0,24250.0,37175.0,30700.0,51325.0,59000.0,18500.0,14750.0
2022-03-04,11800.0,35700.0,126900.0,24300.0,37300.0,30700.0,51850.0,59250.0,18450.0,14750.0
2022-03-05,11800.0,35733.333333333336,126933.33333333333,24450.0,37366.666666666664,30716.666666666668,52633.333333333336,59900.0,18600.0,14750.0
2022-03-06,11800.0,35766.666666666664,126966.66666666667,24600.0,37433.333333333336,30733.333333333332,53416.666666666664,60550.0,18750.0,14750.0
2022-03-07,11800.0,35800.0,127000.0,24750.0,37500.0,30750.0,54200.0,61200.0,18900.0,14750.0
2022-03-08,11800.0,36000.0,127050.0,24850.0,37550.0,30950.0,54150.0,61050.0,18950.0,14750.0
2022-03-09,11800.0,36050.0,127300.0,25000.0,37600.0,30950.0,53950.0,60950.0,19150.0,14750.0
2022-03-10,11800.0,36200.0,127300.0,25000.0,37500.0,30950.0,53750.0,60250.0,19350.0,14750.0
2022-03-11,11800.0,36250.0,127350.0,25000.0,37550.0,31050.0,53850.0,60200.0,19350.0,14750.0
2022-03-12,11800.0,36366.666666666664,127366.66666666667,25033.333333333332,37466.666666666664,31183.333333333332,54016.666666666664,60283.333333333336,19333.333333333332,14766.666666666666
2022-03-13,11800.0,36483.333333333336,127383.33333333333,25066.666666666668,37383.333333333336,31316.666666666668,54183.333333333336,60366.666666666664,19316.666666666668,14783.333333333334
2022-03-14,11800.0,36600.0,127400.0,25100.0,37300.0,31450.0,54350.0,60450.0,19300.0,14800.0
2022-03-15,11800.0,36650.0,127400.0,25150.0,37250.0,31550.0,54450.0,59800.0,19250.0,14800.0
2022-03-16,11800.0,36700.0,127850.0,25150.0,37100.0,31700.0,54300.0,59400.0,19200.0,14800.0
2022-03-17,11750.0,36600.0,128450.0,24900.0,37300.0,31600.0,54550.0,58000.0,19600.0,14850.0
2022-03-18,11800.0,36650.0,127800.0,25150.0,36750.0,31950.0,55050.0,59050.0,20600.0,14900.0
2022-03-19,11800.0,36600.0,127800.0,25166.666666666668,36683.333333333336,32000.0,54950.0,58850.0,21133.333333333332,14916.666666666666
2022-03-20,11800.0,36550.0,127800.0,25183.333333333332,36616.666666666664,32050.0,54850.0,58650.0,21666.666666666668,14933.333333333334
2022-03-21,11800.0,36500.0,127800.0,25200.0,36550.0,32100.0,54750.0,58450.0,22200.0,14950.0
2022-03-22,11800.0,36550.0,127850.0,25200.0,36450.0,32150.0,54300.0,58200.0,22600.0,15000.0
2022-03-23,11800.0,36500.0,127900.0,25300.0,36150.0,32200.0,54100.0,57400.0,23000.0,15000.0
2022-03-24,11800.0,36500.0,127900.0,25300.0,36050.0,32300.0,53300.0,56550.0,23200.0,15000.0
2022-03-25,11800.0,36450.0,127950.0,25350.0,35900.0,32400.0,52450.0,56000.0,23400.0,15000.0
2022-03-26,11800.0,36466.666666666664,128050.0,25366.666666666668,35733.333333333336,32416.666666666668,52316.666666666664,55950.0,23433.333333333332,15016.666666666666
2022-03-27,11800.0,36483.333333333336,128150.0,25383.333333333332,35566.666666666664,32433.333333333332,52183.333333333336,55900.0,23466.666666666668,15033.333333333334
2022-03-28,11800.0,36500.0,128250.0,25400.0,35400.0,32450.0,52050.0,55850.0,23500.0,15050.0
2022-03-29,11800.0,36700.0,128550.0,25600.0,35200.0,32550.0,50850.0,55800.0,23750.0,15100.0
2022-03-30,11800.0,36900.0,129150.0,25650.0,35050.0,32550.0,51200.0,55900.0,23800.0,15100.0
2022-03-31,11800.0,37150.0,130100.0,25650.0,34850.0,32650.0,51100.0,56150.0,23900.0,15100.0
2022-04-01,11800.0,37600.0,130950.0,25700.0,34800.0,32800.0,51300.0,55950.0,23950.0,15150.0
2022-04-02,11800.0,37666.666666666664,131083.33333333334,25700.0,34783.333333333336,32833.333333333336,53050.0,56700.0,23966.666666666668,15150.0
2022-04-03,11800.0,37733.333333333336,131216.66666666666,25700.0,34766.666666666664,32866.666666666664,54800.0,57450.0,23983.333333333332,15150.0
2022-04-04,11800.0,37800.0,131350.0,25700.0,34750.0,32900.0,56550.0,58200.0,24000.0,15150.0
2022-04-05,11800.0,37850.0,131050.0,25700.0,34850.0,32900.0,56150.0,60000.0,24100.0,15200.0
2022-04-06,11800.0,37750.0,131150.0,25700.0,34850.0,33000.0,55450.0,59200.0,24100.0,15200.0
2022-04-07,11800.0,37700.0,130150.0,25700.0,34950.0,33050.0,54500.0,57600.0,24100.0,15200.0
2022-04-08,11800.0,37650.0,130450.0,25650.0,35000.0,33050.0,53500.0,56250.0,24150.0,15200.0
2022-04-09,11800.0,37600.0,130383.33333333333,25650.0,35016.666666666664,33016.666666666664,52716.666666666664,54966.666666666664,24200.0,15216.666666666666
2022-04-10,11800.0,37550.0,130316.66666666667,25650.0,35033.333333333336,32983.333333333336,51933.333333333336,53683.333333333336,24250.0,15233.333333333334
2022-04-11,11800.0,37500.0,130250.0,25650.0,35050.0,32950.0,51150.0,52400.0,24300.0,15250.0
2022-04-12,11800.0,37450.0,130150.0,25700.0,35050.0,32900.0,50300.0,50300.0,24250.0,15250.0
2022-04-13,11800.0,37450.0,130300.0,25650.0,35050.0,32850.0,49400.0,49200.0,24400.0,15250.0
2022-04-14,11800.0,37500.0,130650.0,25700.0,35000.0,32800.0,47850.0,47450.0,24500.0,15250.0
2022-04-15,12650.0,38750.0,140000.0,26750.0,36300.0,31350.0,45600.0,58150.0,24250.0,14750.0
2022-04-16,12383.333333333334,38283.333333333336,136900.0,26416.666666666668,35933.333333333336,31866.666666666668,45500.0,54516.666666666664,24333.333333333332,14933.333333333334
2022-04-17,12116.666666666666,37816.666666666664,133800.0,26083.333333333332,35566.666666666664,32383.333333333332,45400.0,50883.333333333336,24416.666666666668,15116.666666666666
2022-04-18,11850.0,37350.0,130700.0,25750.0,35200.0,32900.0,45300.0,47250.0,24500.0,15300.0
2022-04-19,11800.0,37500.0,130850.0,25800.0,35200.0,32950.0,45100.0,47050.0,24550.0,15300.0
2022-04-20,11800.0,37600.0,131000.0,26050.0,35300.0,32950.0,44600.0,46500.0,24600.0,15300.0
2022-04-21,11800.0,37600.0,131100.0,26400.0,35250.0,32900.0,44050.0,46100.0,24650.0,15300.0
2022-04-22,11800.0,37850.0,131450.0,26650.0,35350.0,32900.0,43650.0,45600.0,24650.0,15350.0
2022-04-23,11783.333333333334,38150.0,132033.33333333334,26833.333333333332,35683.333333333336,32883.333333333336,44283.333333333336,45566.666666666664,24633.333333333332,15350.0
2022-04-24,11766.666666666666,38450.0,132616.66666666666,27016.666666666668,36016.666666666664,32866.666666666664,44916.666666666664,45533.333333333336,24616.666666666668,15350.0
2022-04-25,11750.0,38750.0,133200.0,27200.0,36350.0,32850.0,45550.0,45500.0,24600.0,15350.0
2022-04-26,11750.0,39100.0,133700.0,27300.0,36800.0,32900.0,46500.0,45500.0,24600.0,15350.0
2022-04-27,11850.0,39600.0,135100.0,27450.0,37100.0,32900.0,47950.0,45750.0,24650.0,15350.0
2022-04-28,11850.0,40400.0,136600.0,27650.0,37500.0,32950.0,49200.0,46100.0,24600.0,15350.0
2022-04-29,13600.0,52100.0,157500.0,28950.0,41500.0,32500.0,46400.0,61900.0,25500.0,15500.0
2022-04-30,13630.0,51030.0,155250.0,29560.0,40000.0,32300.0,47750.0,62770.0,25540.0,15430.0
2022-05-01,13660.0,49960.0,153000.0,30170.0,38500.0,32100.0,49100.0,63640.0,25580.0,15360.0
2022-05-02,13690.0,48890.0,150750.0,30780.0,37000.0,31900.0,50450.0,64510.0,25620.0,15290.0
2022-05-03,13720.0,47820.0,148500.0,31390.0,35500.0,31700.0,51800.0,65380.0,25660.0,15220.0
2022-05-04,13750.0,46750.0,146250.0,32000.0,34000.0,31500.0,53150.0,66250.0,25700.0,15150.0
2022-05-05,12350.0,44000.0,138150.0,43000.0,42500.0,36500.0,78750.0,78750.0,22250.0,16100.0
2022-05-06,12350.0,45400.0,138150.0,43000.0,42250.0,35250.0,80000.0,80950.0,22250.0,16100.0
2022-05-07,12150.0,43900.0,137050.0,37850.0,41200.0,34450.0,68600.0,69450.0,23000.0,15850.0
2022-05-08,11950.0,42400.0,135950.0,32700.0,40150.0,33650.0,57200.0,57950.0,23750.0,15600.0
2022-05-09,11750.0,40900.0,134850.0,27550.0,39100.0,32850.0,45800.0,46450.0,24500.0,15350.0
2022-05-10,11750.0,40700.0,134700.0,27550.0,39500.0,32700.0,45350.0,46400.0,24500.0,15350.0
2022-05-11,11750.0,40400.0,134500.0,27500.0,39600.0,32600.0,44700.0,45800.0,24500.0,15350.0
2022-05-12,11750.0,40000.0,134550.0,27350.0,39800.0,32600.0,44600.0,45450.0,24450.0,15400.0
2022-05-13,11750.0,39650.0,134450.0,27450.0,40050.0,32700.0,43950.0,43900.0,24450.0,15400.0
2022-05-14,12416.666666666666,42266.666666666664,135050.0,28966.666666666668,38783.333333333336,33050.0,46466.666666666664,51983.333333333336,23916.666666666668,15316.666666666666
2022-05-15,13083.333333333334,44883.333333333336,135650.0,30483.333333333332,37516.666666666664,33400.0,48983.333333333336,60066.666666666664,23383.333333333332,15233.333333333334
2022-05-16,13750.0,47500.0,136250.0,32000.0,36250.0,33750.0,51500.0,68150.0,22850.0,15150.0
2022-05-17,11750.0,38600.0,134350.0,27500.0,41650.0,32450.0,44850.0,44550.0,24450.0,15400.0
2022-05-18,11750.0,38400.0,133900.0,27550.0,41900.0,32400.0,45350.0,45500.0,24400.0,15400.0
2022-05-19,11750.0,38150.0,134350.0,27650.0,41650.0,32300.0,45800.0,46250.0,24350.0,15400.0
2022-05-20,11750.0,37950.0,134350.0,27750.0,42000.0,32300.0,46050.0,47100.0,24250.0,15400.0
2022-05-21,11750.0,37783.333333333336,134366.66666666666,27866.666666666668,42133.333333333336,32216.666666666668,46516.666666666664,47783.333333333336,24216.666666666668,15400.0
2022-05-22,11750.0,37616.666666666664,134383.33333333334,27983.333333333332,42266.666666666664,32133.333333333332,46983.333333333336,48466.666666666664,24183.333333333332,15400.0
2022-05-23,11750.0,37450.0,134400.0,28100.0,42400.0,32050.0,47450.0,49150.0,24150.0,15400.0
2022-05-24,11750.0,37300.0,134400.0,28250.0,42350.0,31950.0,48450.0,49650.0,24150.0,15400.0
2022-05-25,11750.0,36900.0,134250.0,28400.0,42400.0,31850.0,48750.0,50450.0,24100.0,15400.0
2022-05-26,11750.0,36825.0,134275.0,28475.0,42425.0,31750.0,49550.0,51625.0,24050.0,15400.0
2022-05-27,11750.0,36750.0,134300.0,28550.0,42450.0,31650.0,50350.0,52800.0,24000.0,15400.0
2022-05-28,11750.0,36750.0,134283.33333333334,28600.0,42550.0,31566.666666666668,51366.666666666664,53716.666666666664,23983.333333333332,15383.333333333334
2022-05-29,11750.0,36750.0,134266.66666666666,28650.0,42650.0,31483.333333333332,52383.333333333336,54633.333333333336,23966.666666666668,15366.666666666666
2022-05-30,11750.0,36750.0,134250.0,28700.0,42750.0,31400.0,53400.0,55550.0,23950.0,15350.0
2022-05-31,11750.0,36900.0,134150.0,28650.0,42900.0,31250.0,54350.0,56700.0,23850.0,15350.0
2022-06-01,11750.0,37050.0,134175.0,28775.0,42975.0,31175.0,54725.0,57950.0,23850.0,15350.0
2022-06-02,11750.0,37200.0,134200.0,28900.0,43050.0,31100.0,55100.0,59200.0,23850.0,15350.0
2022-06-03,11750.0,37250.0,134200.0,28950.0,43000.0,31050.0,55000.0,60900.0,23900.0,15350.0
2022-06-04,11750.0,37500.0,134183.33333333334,29016.666666666668,43366.666666666664,30933.333333333332,55850.0,62900.0,23883.333333333332,15350.0
2022-06-05,11750.0,37750.0,134166.66666666666,29083.333333333332,43733.333333333336,30816.666666666668,56700.0,64900.0,23866.666666666668,15350.0
2022-06-06,11750.0,38000.0,134150.0,29150.0,44100.0,30700.0,57550.0,66900.0,23850.0,15350.0
2022-06-07,11750.0,38150.0,134100.0,29350.0,44650.0,30550.0,58850.0,68400.0,23800.0,15350.0
2022-06-08,11750.0,38350.0,134100.0,29350.0,45150.0,30450.0,60200.0,69850.0,23800.0,15350.0
2022-06-09,11750.0,38600.0,134150.0,29400.0,45450.0,30450.0,62200.0,71250.0,23850.0,15350.0
2022-06-10,11750.0,38600.0,133900.0,29300.0,46100.0,30350.0,63250.0,72100.0,23850.0,15350.0
2022-06-11,11750.0,38600.0,133866.66666666666,29283.333333333332,47000.0,30366.666666666668,65133.333333333336,73200.0,23800.0,15350.0
2022-06-12,11750.0,38600.0,133833.33333333334,29266.666666666668,47900.0,30383.333333333332,67016.66666666667,74300.0,23750.0,15350.0
2022-06-13,11750.0,38600.0,133800.0,29250.0,48800.0,30400.0,68900.0,75400.0,23700.0,15350.0
2022-06-14,11750.0,38700.0,133600.0,29300.0,49950.0,30150.0,70200.0,76450.0,23650.0,15350.0
2022-06-15,11750.0,38550.0,134000.0,29350.0,50250.0,30100.0,71650.0,77800.0,23600.0,15350.0
2022-06-16,11750.0,38450.0,134000.0,29350.0,50900.0,30050.0,71800.0,77900.0,23550.0,15350.0
2022-06-17,11750.0,38200.0,134100.0,29450.0,51300.0,29950.0,72000.0,79000.0,23600.0,15350.0
2022-06-18,11750.0,38016.666666666664,134100.0,29416.666666666668,52266.666666666664,29883.333333333332,72450.0,79350.0,23583.333333333332,15333.333333333334
2022-06-19,11750.0,37833.333333333336,134100.0,29383.333333333332,53233.333333333336,29816.666666666668,72900.0,79700.0,23566.666666666668,15316.666666666666
2022-06-20,11750.0,37650.0,134100.0,29350.0,54200.0,29750.0,73350.0,80050.0,23550.0,15300.0
2022-06-21,11750.0,37600.0,134050.0,29350.0,55150.0,29600.0,73600.0,80450.0,23450.0,15300.0
2022-06-22,11750.0,37200.0,134000.0,29300.0,56050.0,29550.0,73950.0,80300.0,23350.0,15300.0
2022-06-23,11750.0,37050.0,134050.0,29300.0,56900.0,29550.0,73850.0,80550.0,23300.0,15300.0
2022-06-24,11750.0,37000.0,133950.0,29250.0,58150.0,29450.0,73750.0,80850.0,23300.0,15300.0
2022-06-25,11750.0,36966.666666666664,133950.0,29216.666666666668,58333.333333333336,29383.333333333332,74550.0,81350.0,23300.0,15283.333333333334
2022-06-26,11750.0,36933.333333333336,133950.0,29183.333333333332,58516.666666666664,29316.666666666668,75350.0,81850.0,23300.0,15266.666666666666
2022-06-27,11750.0,36900.0,133950.0,29150.0,58700.0,29250.0,76150.0,82350.0,23300.0,15250.0
2022-06-28,11800.0,36850.0,134000.0,29150.0,59650.0,29300.0,75600.0,82850.0,23200.0,15300.0
2022-06-29,11750.0,36800.0,133950.0,29150.0,59850.0,29200.0,74800.0,82950.0,23150.0,15300.0
2022-06-30,11750.0,36750.0,134100.0,29100.0,60250.0,29150.0,74650.0,83250.0,23150.0,15250.0
2022-07-01,11750.0,36900.0,134100.0,29050.0,60800.0,29250.0,75050.0,83450.0,23100.0,15250.0
2022-07-02,11750.0,36850.0,134100.0,29066.666666666668,61150.0,29266.666666666668,76333.33333333333,84483.33333333333,23033.333333333332,15250.0
2022-07-03,11750.0,36800.0,134100.0,29083.333333333332,61500.0,29283.333333333332,77616.66666666667,85516.66666666667,22966.666666666668,15250.0
2022-07-04,11750.0,36750.0,134100.0,29100.0,61850.0,29300.0,78900.0,86550.0,22900.0,15250.0
2022-07-05,11750.0,36750.0,134100.0,29150.0,62250.0,29250.0,80150.0,87400.0,22850.0,15250.0
2022-07-06,11750.0,36850.0,134400.0,29100.0,62750.0,29250.0,80450.0,87500.0,22750.0,15250.0
2022-07-07,11750.0,37150.0,134500.0,29100.0,63100.0,29250.0,80900.0,86150.0,22750.0,15250.0
2022-07-08,11750.0,37550.0,135950.0,29250.0,64450.0,29400.0,82600.0,87050.0,22650.0,15250.0
2022-07-09,11750.0,37716.666666666664,135666.66666666666,29266.666666666668,64550.0,29450.0,84283.33333333333,88433.33333333333,22616.666666666668,15250.0
2022-07-10,11750.0,37883.333333333336,135383.33333333334,29283.333333333332,64650.0,29500.0,85966.66666666667,89816.66666666667,22583.333333333332,15250.0
2022-07-11,11750.0,38050.0,135100.0,29300.0,64750.0,29550.0,87650.0,91200.0,22550.0,15250.0
2022-07-12,11750.0,38050.0,135150.0,29350.0,64750.0,29450.0,89050.0,91750.0,22450.0,15250.0
2022-07-13,11750.0,37850.0,134950.0,29400.0,64800.0,29450.0,87400.0,91750.0,22400.0,15200.0
2022-07-14,11750.0,37550.0,134800.0,29350.0,64400.0,29350.0,84800.0,90000.0,22300.0,15250.0
2022-07-15,11750.0,37250.0,134700.0,29400.0,64550.0,29300.0,83250.0,87150.0,22250.0,15200.0
2022-07-16,11750.0,37083.333333333336,135400.0,29366.666666666668,64416.666666666664,29316.666666666668,82650.0,84666.66666666667,22166.666666666668,15200.0
2022-07-17,11750.0,36916.666666666664,136100.0,29333.333333333332,64283.333333333336,29333.333333333332,82050.0,82183.33333333333,22083.333333333332,15200.0
2022-07-18,11750.0,36750.0,136800.0,29300.0,64150.0,29350.0,81450.0,79700.0,22000.0,15200.0
2022-07-19,11750.0,36700.0,134050.0,29300.0,64000.0,29350.0,80750.0,78100.0,21800.0,15200.0
2022-07-20,11750.0,36600.0,134600.0,29300.0,63800.0,29400.0,80050.0,75850.0,21700.0,15200.0
2022-07-21,11750.0,36550.0,134300.0,29300.0,63100.0,29400.0,78650.0,73200.0,21650.0,15200.0
2022-07-22,11750.0,36400.0,134300.0,29350.0,62600.0,29400.0,77950.0,72700.0,21550.0,15200.0
2022-07-23,11750.0,36400.0,134216.66666666666,29383.333333333332,61433.333333333336,29416.666666666668,77150.0,71766.66666666667,21483.333333333332,15200.0
2022-07-24,11750.0,36400.0,134133.33333333334,29416.666666666668,60266.666666666664,29433.333333333332,76350.0,70833.33333333333,21416.666666666668,15200.0
2022-07-25,11750.0,36400.0,134050.0,29450.0,59100.0,29450.0,75550.0,69900.0,21350.0,15200.0
2022-07-26,11800.0,36450.0,134050.0,29450.0,58100.0,29500.0,75050.0,68250.0,21300.0,15200.0
2022-07-27,11750.0,36400.0,134050.0,29400.0,56950.0,29400.0,73950.0,67400.0,21250.0,15200.0
2022-07-28,11750.0,36150.0,134050.0,29450.0,55950.0,29400.0,74200.0,66700.0,21200.0,15200.0
2022-07-29,11800.0,35950.0,134100.0,29400.0,54800.0,29350.0,73600.0,65900.0,21150.0,15200.0
2022-07-30,11800.0,35900.0,134083.33333333334,29383.333333333332,53750.0,29333.333333333332,72833.33333333333,65383.333333333336,21066.666666666668,15200.0
2022-07-31,11800.0,35850.0,134066.66666666666,29366.666666666668,52700.0,29316.666666666668,72066.66666666667,64866.666666666664,20983.333333333332,15200.0
2022-08-01,11800.0,35800.0,134050.0,29350.0,51650.0,29300.0,71300.0,64350.0,20900.0,15200.0
2022-08-02,11800.0,35600.0,134050.0,29350.0,50650.0,29300.0,70750.0,63850.0,20800.0,15200.0
2022-08-03,11800.0,35450.0,134050.0,29350.0,50050.0,29350.0,70200.0,63350.0,20750.0,15200.0
2022-08-04,11800.0,35150.0,134050.0,29300.0,49150.0,29350.0,69550.0,63700.0,20750.0,15200.0
2022-08-05,11800.0,35150.0,134100.0,29300.0,48550.0,29250.0,69200.0,63550.0,20700.0,15200.0
2022-08-06,11800.0,35016.666666666664,134083.33333333334,29216.666666666668,48000.0,29250.0,69150.0,63750.0,20650.0,15200.0
2022-08-07,11800.0,34883.333333333336,134066.66666666666,29133.333333333332,47450.0,29250.0,69100.0,63950.0,20600.0,15200.0
2022-08-08,11800.0,34750.0,134050.0,29050.0,46900.0,29250.0,69050.0,64150.0,20550.0,15200.0
2022-08-09,11800.0,34700.0,134000.0,29000.0,46300.0,29200.0,68750.0,64300.0,20500.0,15250.0
2022-08-10,11800.0,34550.0,134050.0,29050.0,46000.0,29300.0,68150.0,63950.0,20500.0,15200.0
2022-08-11,11800.0,34500.0,134050.0,29150.0,45500.0,29250.0,66900.0,63850.0,20450.0,15200.0
2022-08-12,11850.0,34350.0,134000.0,29450.0,44600.0,29300.0,65700.0,63100.0,20450.0,15200.0
2022-08-13,11850.0,34350.0,134000.0,29616.666666666668,44116.666666666664,29266.666666666668,65033.333333333336,62700.0,20416.666666666668,15183.333333333334
2022-08-14,11850.0,34350.0,134000.0,29783.333333333332,43633.333333333336,29233.333333333332,64366.666666666664,62300.0,20383.333333333332,15166.666666666666
2022-08-15,11850.0,34350.0,134000.0,29950.0,43150.0,29200.0,63700.0,61900.0,20350.0,15150.0
2022-08-16,11850.0,34450.0,133900.0,30100.0,42550.0,29100.0,63200.0,61400.0,20350.0,15150.0
2022-08-17,11750.0,32400.0,141300.0,33550.0,46250.0,28850.0,65450.0,60600.0,20050.0,15250.0
2022-08-18,11850.0,34650.0,133850.0,30350.0,42100.0,29000.0,63250.0,61400.0,20300.0,15150.0
2022-08-19,11850.0,34800.0,133850.0,30450.0,41900.0,29000.0,63000.0,61250.0,20300.0,15150.0
2022-08-20,11850.0,34966.666666666664,133800.0,30533.333333333332,41333.333333333336,28916.666666666668,62616.666666666664,60683.333333333336,20300.0,15150.0
2022-08-21,11850.0,35133.333333333336,133750.0,30616.666666666668,40766.666666666664,28833.333333333332,62233.333333333336,60116.666666666664,20300.0,15150.0
2022-08-22,11850.0,35300.0,133700.0,30700.0,40200.0,28750.0,61850.0,59550.0,20300.0,15150.0
2022-08-23,11900.0,35350.0,133850.0,30850.0,39900.0,28650.0,60900.0,58850.0,20250.0,15150.0
2022-08-24,11900.0,35350.0,133850.0,31000.0,39500.0,28700.0,60450.0,58200.0,20200.0,15150.0
2022-08-25,11900.0,35400.0,133850.0,31300.0,39200.0,28650.0,60350.0,57300.0,20200.0,15150.0
2022-08-26,11900.0,35300.0,133900.0,31350.0,38650.0,28450.0,60250.0,56900.0,20200.0,15150.0
2022-08-27,11900.0,35200.0,133900.0,31400.0,38333.333333333336,28566.666666666668,60550.0,56566.666666666664,20183.333333333332,15150.0
2022-08-28,11900.0,35100.0,133900.0,31450.0,38016.666666666664,28683.333333333332,60850.0,56233.333333333336,20166.666666666668,15150.0
2022-08-29,11900.0,35000.0,133900.0,31500.0,37700.0,28800.0,61150.0,55900.0,20150.0,15150.0
2022-08-30,11900.0,34950.0,133900.0,31550.0,37300.0,28750.0,61650.0,55900.0,20050.0,15100.0
2022-08-31,11950.0,34850.0,133900.0,31500.0,36900.0,28750.0,62100.0,56350.0,20000.0,15150.0
2022-09-01,11950.0,34700.0,133900.0,31350.0,36500.0,28700.0,62400.0,57200.0,20000.0,15150.0
2022-09-02,11950.0,34500.0,133800.0,31300.0,36300.0,28600.0,62900.0,57250.0,19950.0,15100.0
2022-09-03,11950.0,34483.333333333336,133833.33333333334,31216.666666666668,36433.333333333336,28600.0,64933.333333333336,57750.0,19933.333333333332,15100.0
2022-09-04,11950.0,34466.666666666664,133866.66666666666,31133.333333333332,36566.666666666664,28600.0,66966.66666666667,58250.0,19916.666666666668,15100.0
2022-09-05,11950.0,34450.0,133900.0,31050.0,36700.0,28600.0,69000.0,58750.0,19900.0,15100.0
2022-09-06,11950.0,34550.0,133850.0,30950.0,36600.0,28600.0,70150.0,59650.0,19900.0,15100.0
2022-09-07,11950.0,34550.0,133900.0,30800.0,36550.0,28650.0,71200.0,59500.0,19900.0,15100.0
2022-09-08,11950.0,34650.0,133950.0,30750.0,36400.0,28800.0,70750.0,59550.0,19850.0,15100.0
2022-09-09,12000.0,34600.0,133900.0,30750.0,36450.0,28850.0,70050.0,60050.0,19850.0,15100.0
2022-09-10,12000.0,34650.0,133916.66666666666,30700.0,36550.0,28866.666666666668,68766.66666666667,60166.666666666664,19850.0,15100.0
2022-09-11,12000.0,34700.0,133933.33333333334,30650.0,36650.0,28883.333333333332,67483.33333333333,60283.333333333336,19850.0,15100.0
2022-09-12,12000.0,34750.0,133950.0,30600.0,36750.0,28900.0,66200.0,60400.0,19850.0,15100.0
2022-09-13,12000.0,34850.0,133900.0,30500.0,36850.0,28900.0,65500.0,60400.0,19750.0,15200.0
2022-09-14,12050.0,35000.0,133950.0,30450.0,36550.0,28850.0,63850.0,60300.0,19750.0,15100.0
2022-09-15,12050.0,35050.0,133900.0,30400.0,36500.0,28750.0,63400.0,59700.0,19750.0,15100.0
2022-09-16,12050.0,35050.0,134000.0,30300.0,36450.0,28750.0,62550.0,60100.0,19700.0,15100.0
2022-09-17,12050.0,35016.666666666664,133983.33333333334,30216.666666666668,36316.666666666664,28766.666666666668,62100.0,60416.666666666664,19666.666666666668,15100.0
2022-09-18,12050.0,34983.333333333336,133966.66666666666,30133.333333333332,36183.333333333336,28783.333333333332,61650.0,60733.333333333336,19633.333333333332,15100.0
2022-09-19,12050.0,34950.0,133950.0,30050.0,36050.0,28800.0,61200.0,61050.0,19600.0,15100.0
2022-09-20,12050.0,34900.0,133850.0,31050.0,35900.0,28750.0,60750.0,60550.0,19600.0,15100.0
2022-09-21,12050.0,34700.0,133900.0,29850.0,35800.0,28700.0,59900.0,60000.0,19600.0,15100.0
2022-09-22,12100.0,34650.0,133950.0,29700.0,35650.0,28750.0,58600.0,59600.0,19550.0,15100.0
2022-09-23,12100.0,34600.0,133750.0,29600.0,35600.0,28750.0,57400.0,59050.0,19550.0,15100.0
2022-09-24,12100.0,34616.666666666664,133783.33333333334,29450.0,35516.666666666664,28766.666666666668,56416.666666666664,58633.333333333336,19533.333333333332,15100.0
2022-09-25,12100.0,34633.333333333336,133816.66666666666,29300.0,35433.333333333336,28783.333333333332,55433.333333333336,58216.666666666664,19516.666666666668,15100.0
2022-09-26,12100.0,34650.0,133850.0,29150.0,35350.0,28800.0,54450.0,57800.0,19500.0,15100.0
2022-09-27,12100.0,34700.0,133750.0,28950.0,35500.0,28750.0,53800.0,57300.0,19500.0,15100.0
2022-09-28,12100.0,34550.0,133750.0,28800.0,35300.0,28650.0,52550.0,56750.0,19450.0,15100.0
2022-09-29,12100.0,34400.0,133750.0,28650.0,35200.0,28600.0,51650.0,56300.0,19450.0,15100.0
2022-09-30,12100.0,34350.0,133800.0,28500.0,35300.0,28600.0,51300.0,56300.0,19450.0,15100.0
2022-10-01,12116.666666666666,34283.333333333336,133766.66666666666,28416.666666666668,35233.333333333336,28583.333333333332,51050.0,56066.666666666664,19433.333333333332,15100.0
2022-10-02,12133.333333333334,34216.666666666664,133733.33333333334,28333.333333333332,35166.666666666664,28566.666666666668,50800.0,55833.333333333336,19416.666666666668,15100.0
2022-10-03,12150.0,34150.0,133700.0,28250.0,35100.0,28550.0,50550.0,55600.0,19400.0,15100.0
2022-10-04,12150.0,34000.0,133700.0,28100.0,35100.0,28500.0,50300.0,55600.0,19400.0,15100.0
2022-10-05,12150.0,33950.0,133650.0,28050.0,35050.0,28450.0,50800.0,55200.0,19350.0,15100.0
2022-10-06,12150.0,33950.0,133650.0,28000.0,35150.0,28350.0,50300.0,54450.0,19350.0,15100.0
2022-10-07,12150.0,34050.0,133750.0,28000.0,35300.0,28400.0,50600.0,54200.0,19350.0,15100.0
2022-10-08,12150.0,33966.666666666664,133700.0,28083.333333333332,35366.666666666664,28383.333333333332,51066.666666666664,54033.333333333336,19316.666666666668,15100.0
2022-10-09,12150.0,33883.333333333336,133650.0,28166.666666666668,35433.333333333336,28366.666666666668,51533.333333333336,53866.666666666664,19283.333333333332,15100.0
2022-10-10,12150.0,33800.0,133600.0,28250.0,35500.0,28350.0,52000.0,53700.0,19250.0,15100.0
2022-10-11,12150.0,33850.0,133700.0,28300.0,35650.0,28200.0,51550.0,53200.0,19250.0,15100.0
2022-10-12,12150.0,33900.0,133650.0,28250.0,35750.0,28300.0,51350.0,53200.0,19250.0,15100.0
2022-10-13,12150.0,33900.0,133600.0,28250.0,35700.0,28300.0,50950.0,52750.0,19250.0,15100.0
2022-10-14,12150.0,34000.0,133700.0,28250.0,35700.0,28200.0,50000.0,52000.0,19200.0,15050.0
2022-10-15,12150.0,33966.666666666664,133666.66666666666,28300.0,35716.666666666664,28150.0,48816.666666666664,51516.666666666664,19183.333333333332,15066.666666666666
2022-10-16,12150.0,33933.333333333336,133633.33333333334,28350.0,35733.333333333336,28100.0,47633.333333333336,51033.333333333336,19166.666666666668,15083.333333333334
2022-10-17,12150.0,33900.0,133600.0,28400.0,35750.0,28050.0,46450.0,50550.0,19150.0,15100.0
2022-10-18,12150.0,33800.0,133550.0,28450.0,35700.0,28050.0,45500.0,49800.0,19100.0,15100.0
2022-10-19,12150.0,33700.0,133600.0,28400.0,35500.0,27950.0,44650.0,48950.0,19050.0,15100.0
2022-10-20,12150.0,33700.0,133600.0,28400.0,35500.0,27950.0,43850.0,48150.0,19150.0,15100.0
2022-10-21,12150.0,33700.0,133600.0,28350.0,35500.0,27900.0,43150.0,47650.0,19150.0,15050.0
2022-10-22,12166.666666666666,33733.333333333336,133600.0,28350.0,35466.666666666664,27916.666666666668,42966.666666666664,47266.666666666664,19133.333333333332,15050.0
2022-10-23,12183.333333333334,33766.666666666664,133600.0,28350.0,35433.333333333336,27933.333333333332,42783.333333333336,46883.333333333336,19116.666666666668,15050.0
2022-10-24,12200.0,33800.0,133600.0,28350.0,35400.0,27950.0,42600.0,46500.0,19100.0,15050.0
2022-10-25,12200.0,33750.0,133500.0,28350.0,35350.0,27900.0,42050.0,46300.0,19100.0,15050.0
2022-10-26,12200.0,33800.0,133550.0,28350.0,35400.0,27900.0,41400.0,45800.0,19100.0,15050.0
2022-10-27,12200.0,33900.0,133700.0,28400.0,35350.0,27850.0,40800.0,45900.0,19000.0,15050.0
2022-10-28,12200.0,33850.0,133550.0,28400.0,35300.0,27850.0,40850.0,45700.0,19050.0,15050.0
2022-10-29,12200.0,33883.333333333336,133550.0,28400.0,35416.666666666664,27816.666666666668,40416.666666666664,45233.333333333336,19033.333333333332,15050.0
2022-10-30,12200.0,33916.666666666664,133550.0,28400.0,35533.333333333336,27783.333333333332,39983.333333333336,44766.666666666664,19016.666666666668,15050.0
2022-10-31,12200.0,33950.0,133550.0,28400.0,35650.0,27750.0,39550.0,44300.0,19000.0,15050.0
2022-11-01,12200.0,33950.0,133550.0,28400.0,35700.0,27900.0,39550.0,44250.0,19050.0,15050.0
2022-11-02,12200.0,33950.0,133550.0,28350.0,35750.0,27850.0,39150.0,44250.0,19050.0,15050.0
2022-11-03,12200.0,33900.0,133550.0,28300.0,35850.0,27900.0,38700.0,43600.0,19100.0,15050.0
2022-11-04,12200.0,33800.0,133550.0,28350.0,36050.0,27850.0,38600.0,43400.0,19100.0,15050.0
2022-11-05,12200.0,33933.333333333336,133566.66666666666,28383.333333333332,36150.0,27850.0,38333.333333333336,43400.0,19116.666666666668,15050.0
2022-11-06,12200.0,34066.666666666664,133583.33333333334,28416.666666666668,36250.0,27850.0,38066.666666666664,43400.0,19133.333333333332,15050.0
2022-11-07,12200.0,34200.0,133600.0,28450.0,36350.0,27850.0,37800.0,43400.0,19150.0,15050.0
2022-11-08,12200.0,34100.0,133600.0,28450.0,36500.0,27850.0,37200.0,43300.0,19150.0,15050.0
2022-11-09,12200.0,34100.0,133600.0,28550.0,36650.0,27850.0,37000.0,43100.0,19150.0,15050.0
2022-11-10,12200.0,34200.0,133700.0,28600.0,36850.0,27850.0,36900.0,43100.0,19150.0,15050.0
2022-11-11,12200.0,34300.0,133600.0,28650.0,37000.0,27800.0,36900.0,42950.0,19150.0,15050.0
2022-11-12,12200.0,34400.0,133600.0,28700.0,37150.0,27783.333333333332,36850.0,42900.0,19150.0,15050.0
2022-11-13,12200.0,34500.0,133600.0,28750.0,37300.0,27766.666666666668,36800.0,42850.0,19150.0,15050.0
2022-11-14,12200.0,34600.0,133600.0,28800.0,37450.0,27750.0,36750.0,42800.0,19150.0,15050.0
2022-11-15,12200.0,34700.0,133600.0,28800.0,37350.0,27650.0,36800.0,43050.0,19150.0,15100.0
2022-11-16,12250.0,34900.0,133600.0,28900.0,37400.0,27600.0,36550.0,42800.0,19150.0,15100.0
2022-11-17,12250.0,34900.0,133600.0,28950.0,37650.0,27650.0,36350.0,42350.0,19150.0,15100.0
2022-11-18,12250.0,34950.0,133600.0,28950.0,37800.0,27750.0,36450.0,42750.0,19150.0,15050.0
2022-11-19,12250.0,35000.0,133600.0,28983.333333333332,37800.0,27750.0,36700.0,43183.333333333336,19150.0,15066.666666666666
2022-11-20,12250.0,35050.0,133600.0,29016.666666666668,37800.0,27750.0,36950.0,43616.666666666664,19150.0,15083.333333333334
2022-11-21,12250.0,35100.0,133600.0,29050.0,37800.0,27750.0,37200.0,44050.0,19150.0,15100.0
2022-11-22,12250.0,35250.0,133600.0,29100.0,37800.0,27750.0,37250.0,43950.0,19150.0,15100.0
2022-11-23,12250.0,35250.0,133600.0,29150.0,37950.0,27650.0,37200.0,43800.0,19200.0,15100.0
2022-11-24,12250.0,35250.0,133600.0,29250.0,37850.0,27700.0,37150.0,43850.0,19200.0,15050.0
2022-11-25,12300.0,35150.0,133600.0,29300.0,37600.0,27600.0,37000.0,43700.0,19150.0,15050.0
2022-11-26,12300.0,35133.333333333336,133600.0,29450.0,37616.666666666664,27616.666666666668,36950.0,43983.333333333336,19166.666666666668,15050.0
2022-11-27,12300.0,35116.666666666664,133600.0,29600.0,37633.333333333336,27633.333333333332,36900.0,44266.666666666664,19183.333333333332,15050.0
2022-11-28,12300.0,35100.0,133600.0,29750.0,37650.0,27650.0,36850.0,44550.0,19200.0,15050.0
2022-11-29,12300.0,35200.0,133600.0,29900.0,37600.0,27600.0,36850.0,44500.0,19150.0,15050.0
2022-11-30,12300.0,35200.0,133600.0,29950.0,37650.0,27600.0,36750.0,44650.0,19150.0,15050.0
2022-12-01,12300.0,35250.0,133550.0,30050.0,37750.0,27650.0,36850.0,44400.0,19200.0,15350.0
2022-12-02,12350.0,35150.0,133550.0,30050.0,37750.0,27650.0,37000.0,44900.0,19200.0,15050.0
2022-12-03,12366.666666666666,35166.666666666664,133550.0,30183.333333333332,37800.0,27600.0,37233.333333333336,46016.666666666664,19200.0,15050.0
2022-12-04,12383.333333333334,35183.333333333336,133550.0,30316.666666666668,37850.0,27550.0,37466.666666666664,47133.333333333336,19200.0,15050.0
2022-12-05,12400.0,35200.0,133550.0,30450.0,37900.0,27500.0,37700.0,48250.0,19200.0,15050.0
2022-12-06,12400.0,35250.0,133600.0,30550.0,37950.0,27550.0,37850.0,48750.0,19150.0,15050.0
2022-12-07,12450.0,35300.0,133600.0,30700.0,38000.0,27650.0,38100.0,49650.0,19100.0,15050.0
2022-12-08,12450.0,35350.0,133800.0,30800.0,38000.0,27650.0,38250.0,50900.0,19100.0,15050.0
2022-12-09,12450.0,35550.0,133800.0,30900.0,37950.0,27600.0,38500.0,51700.0,19150.0,15050.0
2022-12-10,12466.666666666666,35633.333333333336,133800.0,30983.333333333332,38000.0,27683.333333333332,38650.0,51750.0,19133.333333333332,15050.0
2022-12-11,12483.333333333334,35716.666666666664,133800.0,31066.666666666668,38050.0,27766.666666666668,38800.0,51800.0,19116.666666666668,15050.0
2022-12-12,12500.0,35800.0,133800.0,31150.0,38100.0,27850.0,38950.0,51850.0,19100.0,15050.0
2022-12-13,12500.0,35900.0,133850.0,31250.0,38100.0,27950.0,39100.0,51750.0,19150.0,15050.0
2022-12-14,12550.0,36000.0,133800.0,31250.0,38200.0,28050.0,39150.0,51850.0,19150.0,15050.0
2022-12-15,12550.0,35950.0,134150.0,31250.0,38300.0,28150.0,38650.0,51900.0,19100.0,15050.0
2022-12-16,12550.0,36150.0,134150.0,31250.0,38350.0,28350.0,38350.0,51950.0,19150.0,15050.0
2022-12-17,12550.0,36266.666666666664,134166.66666666666,31250.0,38400.0,28383.333333333332,38500.0,52050.0,19150.0,15050.0
2022-12-18,12550.0,36383.333333333336,134183.33333333334,31250.0,38450.0,28416.666666666668,38650.0,52150.0,19150.0,15050.0
2022-12-19,12550.0,36500.0,134200.0,31250.0,38500.0,28450.0,38800.0,52250.0,19150.0,15050.0
2022-12-20,12550.0,36600.0,134250.0,31250.0,38650.0,28550.0,39350.0,53100.0,19200.0,15050.0
2022-12-21,12550.0,36900.0,134700.0,31200.0,38750.0,28700.0,39400.0,53350.0,19200.0,15050.0
2022-12-22,12550.0,37050.0,134850.0,31150.0,38750.0,28800.0,39500.0,53600.0,19200.0,15050.0
2022-12-23,12600.0,37150.0,134750.0,31150.0,38750.0,28850.0,39550.0,54600.0,19250.0,15050.0
2022-12-24,12600.0,37300.0,134816.66666666666,31166.666666666668,38666.666666666664,28866.666666666668,39600.0,54983.333333333336,19250.0,15050.0
2022-12-25,12600.0,37450.0,134883.33333333334,31183.333333333332,38583.333333333336,28883.333333333332,39650.0,55366.666666666664,19250.0,15050.0
2022-12-26,12600.0,37600.0,134950.0,31200.0,38500.0,28900.0,39700.0,55750.0,19250.0,15050.0
2022-12-27,12600.0,37600.0,134850.0,31150.0,38400.0,28900.0,39700.0,56000.0,19200.0,15050.0
2022-12-28,12600.0,37600.0,134800.0,31050.0,38550.0,29000.0,39800.0,56600.0,19250.0,15050.0
2022-12-29,12600.0,37600.0,134700.0,31050.0,38550.0,29050.0,40050.0,57100.0,19250.0,15050.0
2022-12-30,12600.0,37800.0,134850.0,31000.0,38550.0,29050.0,39700.0,57150.0,19250.0,15050.0
2022-12-31,12616.666666666666,37733.333333333336,134650.0,30933.333333333332,38666.666666666664,29033.333333333332,40583.333333333336,59350.0,19250.0,15050.0
2023-01-01,12633.333333333334,37666.666666666664,134450.0,30866.666666666668,38783.333333333336,29016.666666666668,41466.666666666664,61550.0,19250.0,15050.0
2023-01-02,12650.0,37600.0,134250.0,30800.0,38900.0,29000.0,42350.0,63750.0,19250.0,15050.0
2023-01-03,12650.0,37550.0,134250.0,30750.0,39000.0,29000.0,42450.0,64250.0,19250.0,15050.0
2023-01-04,12650.0,37100.0,133650.0,30650.0,38950.0,28950.0,41550.0,63450.0,19300.0,15050.0
2023-01-05,12650.0,37050.0,133850.0,30650.0,39000.0,29150.0,41000.0,62750.0,19250.0,15050.0
2023-01-06,12700.0,37100.0,133850.0,30700.0,39300.0,29150.0,41000.0,62050.0,19250.0,15050.0
2023-01-07,12700.0,36900.0,133900.0,30666.666666666668,39450.0,29183.333333333332,41366.666666666664,61916.666666666664,19250.0,15033.333333333334
2023-01-08,12700.0,36700.0,133950.0,30633.333333333332,39600.0,29216.666666666668,41733.333333333336,61783.333333333336,19250.0,15016.666666666666
2023-01-09,12700.0,36500.0,134000.0,30600.0,39750.0,29250.0,42100.0,61650.0,19250.0,15000.0
2023-01-10,12700.0,36300.0,133950.0,30550.0,39800.0,29300.0,42100.0,60250.0,19250.0,15050.0
2023-01-11,12750.0,36200.0,134000.0,30500.0,39950.0,29400.0,42050.0,59300.0,19250.0,15050.0
2023-01-12,12750.0,36200.0,134000.0,30500.0,40250.0,29500.0,41800.0,58450.0,19250.0,15050.0
2023-01-13,12750.0,36050.0,134100.0,30450.0,40400.0,29600.0,41750.0,57500.0,19300.0,15050.0
2023-01-14,12750.0,35900.0,134033.33333333334,30416.666666666668,40566.666666666664,29666.666666666668,41750.0,56800.0,19316.666666666668,15050.0
2023-01-15,12750.0,35750.0,133966.66666666666,30383.333333333332,40733.333333333336,29733.333333333332,41750.0,56100.0,19333.333333333332,15050.0
2023-01-16,12750.0,35600.0,133900.0,30350.0,40900.0,29800.0,41750.0,55400.0,19350.0,15050.0
2023-01-17,12800.0,35500.0,134150.0,30300.0,41000.0,29800.0,41250.0,54550.0,19350.0,15050.0
2023-01-18,12800.0,35250.0,134250.0,30200.0,41000.0,29900.0,41100.0,54200.0,19350.0,15050.0
2023-01-19,12800.0,35100.0,134100.0,30250.0,41200.0,29900.0,40800.0,54100.0,19350.0,15050.0
2023-01-20,12800.0,35050.0,134150.0,30150.0,41350.0,29800.0,40450.0,53500.0,19400.0,15050.0
2023-01-21,12816.666666666666,34916.666666666664,134400.0,30083.333333333332,41366.666666666664,29733.333333333332,40316.666666666664,53283.333333333336,19366.666666666668,15050.0
2023-01-22,12833.333333333334,34783.333333333336,134650.0,30016.666666666668,41383.333333333336,29666.666666666668,40183.333333333336,53066.666666666664,19333.333333333332,15050.0
2023-01-23,12850.0,34650.0,134900.0,29950.0,41400.0,29600.0,40050.0,52850.0,19300.0,15050.0
2023-01-24,12850.0,34700.0,134150.0,30100.0,41450.0,29800.0,40900.0,52400.0,19400.0,15050.0
2023-01-25,12850.0,34500.0,134200.0,30050.0,41350.0,29850.0,40850.0,52000.0,19400.0,15050.0
2023-01-26,12850.0,34450.0,134150.0,30050.0,41350.0,29750.0,40550.0,51750.0,19400.0,15050.0
2023-01-27,12850.0,34400.0,134150.0,30050.0,41350.0,29700.0,40850.0,51800.0,19400.0,15050.0
2023-01-28,12866.666666666666,34583.333333333336,134100.0,29983.333333333332,41483.333333333336,29766.666666666668,40816.666666666664,51316.666666666664,19416.666666666668,15050.0
2023-01-29,12883.333333333334,34766.666666666664,134050.0,29916.666666666668,41616.666666666664,29833.333333333332,40783.333333333336,50833.333333333336,19433.333333333332,15050.0
2023-01-30,12900.0,34950.0,134000.0,29850.0,41750.0,29900.0,40750.0,50350.0,19450.0,15050.0
2023-01-31,12900.0,34050.0,134000.0,29850.0,41850.0,29900.0,40600.0,50100.0,19450.0,15050.0
2023-02-01,12900.0,34050.0,134250.0,29750.0,42000.0,29950.0,40750.0,49900.0,19450.0,15050.0
2023-02-02,12950.0,33950.0,134250.0,29700.0,42050.0,30000.0,40700.0,49800.0,19400.0,15050.0
2023-02-03,12950.0,33750.0,134250.0,29650.0,42100.0,30100.0,41600.0,49700.0,19400.0,15050.0
2023-02-04,12966.666666666666,33783.333333333336,134200.0,29600.0,42316.666666666664,30133.333333333332,41983.333333333336,50316.666666666664,19400.0,15066.666666666666
2023-02-05,12983.333333333334,33816.666666666664,134150.0,29550.0,42533.333333333336,30166.666666666668,42366.666666666664,50933.333333333336,19400.0,15083.333333333334
2023-02-06,13000.0,33850.0,134100.0,29500.0,42750.0,30200.0,42750.0,51550.0,19400.0,15100.0
2023-02-07,13000.0,33950.0,134050.0,29450.0,42800.0,30250.0,42900.0,51800.0,19450.0,15100.0
2023-02-08,13050.0,34150.0,134050.0,29400.0,42750.0,30250.0,43150.0,51850.0,19400.0,15100.0
2023-02-09,13050.0,34200.0,134050.0,29400.0,42700.0,30250.0,43200.0,52000.0,19400.0,15100.0
2023-02-10,13050.0,34350.0,134050.0,29400.0,42700.0,30300.0,43050.0,51850.0,19400.0,15100.0
2023-02-11,13066.666666666666,34366.666666666664,133916.66666666666,29383.333333333332,42450.0,30283.333333333332,42916.666666666664,52116.666666666664,19416.666666666668,15100.0
2023-02-12,13083.333333333334,34383.333333333336,133783.33333333334,29366.666666666668,42200.0,30266.666666666668,42783.333333333336,52383.333333333336,19433.333333333332,15100.0
2023-02-13,13100.0,34400.0,133650.0,29350.0,41950.0,30250.0,42650.0,52650.0,19450.0,15100.0
2023-02-14,13100.0,34400.0,134100.0,29300.0,41700.0,30250.0,42900.0,53300.0,19450.0,15100.0
2023-02-15,13100.0,34450.0,134100.0,29250.0,41600.0,30250.0,42950.0,52800.0,19400.0,15100.0
2023-02-16,13100.0,34450.0,134100.0,29250.0,41300.0,30300.0,43500.0,53250.0,19400.0,15100.0
2023-02-17,13150.0,34500.0,134050.0,29200.0,40950.0,30300.0,43800.0,53350.0,19400.0,15100.0
2023-02-18,13166.666666666666,34416.666666666664,134066.66666666666,29150.0,40716.666666666664,30466.666666666668,44516.666666666664,53850.0,19400.0,15100.0
2023-02-19,13183.333333333334,34333.333333333336,134083.33333333334,29100.0,40483.333333333336,30633.333333333332,45233.333333333336,54350.0,19400.0,15100.0
2023-02-20,13200.0,34250.0,134100.0,29050.0,40250.0,30800.0,45950.0,54850.0,19400.0,15100.0
2023-02-21,13200.0,34200.0,134100.0,28950.0,40000.0,30950.0,46350.0,55300.0,19400.0,15100.0
2023-02-22,13200.0,34100.0,134100.0,28850.0,39750.0,31100.0,46950.0,55350.0,19400.0,15100.0
2023-02-23,13200.0,34000.0,133950.0,28850.0,39600.0,31200.0,47100.0,55450.0,19400.0,15100.0
2023-02-24,13250.0,33900.0,134200.0,28800.0,39450.0,31350.0,47500.0,55900.0,19400.0,15100.0
2023-02-25,13233.333333333334,33866.666666666664,134166.66666666666,28750.0,39233.333333333336,31466.666666666668,47250.0,55883.333333333336,19400.0,15100.0
2023-02-26,13216.666666666666,33833.333333333336,134133.33333333334,28700.0,39016.666666666664,31583.333333333332,47000.0,55866.666666666664,19400.0,15100.0
2023-02-27,13200.0,33800.0,134100.0,28650.0,38800.0,31700.0,46750.0,55850.0,19400.0,15100.0
2023-02-28,13200.0,33800.0,134100.0,28600.0,38750.0,31800.0,46500.0,55800.0,19400.0,15100.0
2023-03-01,13200.0,33750.0,134050.0,28550.0,38550.0,31800.0,46550.0,55800.0,19400.0,15100.0
2023-03-02,13200.0,33750.0,134050.0,28500.0,38450.0,31900.0,46450.0,56050.0,19400.0,15100.0
2023-03-03,13200.0,33700.0,134050.0,28450.0,38450.0,31950.0,46050.0,56500.0,19400.0,15100.0
2023-03-04,13200.0,33666.666666666664,134033.33333333334,28450.0,38483.333333333336,32133.333333333332,46183.333333333336,57066.666666666664,19416.666666666668,15100.0
2023-03-05,13200.0,33633.333333333336,134016.66666666666,28450.0,38516.666666666664,32316.666666666668,46316.666666666664,57633.333333333336,19433.333333333332,15100.0
2023-03-06,13200.0,33600.0,134000.0,28450.0,38550.0,32500.0,46450.0,58200.0,19450.0,15100.0
2023-03-07,13200.0,33550.0,134000.0,28500.0,38400.0,32850.0,46450.0,58200.0,19450.0,15100.0
2023-03-08,13250.0,33700.0,134000.0,28500.0,38400.0,33050.0,46550.0,58100.0,19450.0,15100.0
2023-03-09,13250.0,33750.0,134050.0,28650.0,38200.0,33200.0,46600.0,58700.0,19450.0,15100.0
2023-03-10,13250.0,33850.0,134000.0,28600.0,38300.0,33300.0,46750.0,58800.0,19450.0,15100.0
2023-03-11,13250.0,34000.0,134016.66666666666,28683.333333333332,38233.333333333336,33416.666666666664,47166.666666666664,59450.0,19450.0,15100.0
2023-03-12,13250.0,34150.0,134033.33333333334,28766.666666666668,38166.666666666664,33533.333333333336,47583.333333333336,60100.0,19450.0,15100.0
2023-03-13,13250.0,34300.0,134050.0,28850.0,38100.0,33650.0,48000.0,60750.0,19450.0,15100.0
2023-03-14,13300.0,34350.0,134100.0,29000.0,38050.0,33750.0,48300.0,61400.0,19500.0,15100.0
2023-03-15,13300.0,34600.0,134150.0,29250.0,37900.0,33800.0,48600.0,61150.0,19500.0,15100.0
2023-03-16,13300.0,34750.0,134150.0,29550.0,37900.0,33850.0,48350.0,61550.0,19550.0,15100.0
2023-03-17,13300.0,34800.0,134150.0,29650.0,37900.0,33850.0,48800.0,61850.0,19550.0,15100.0
2023-03-18,13316.666666666666,34933.333333333336,134350.0,29766.666666666668,37850.0,33833.333333333336,49050.0,61850.0,19550.0,15100.0
2023-03-19,13333.333333333334,35066.666666666664,134550.0,29883.333333333332,37800.0,33816.666666666664,49300.0,61850.0,19550.0,15100.0
2023-03-20,13350.0,35200.0,134750.0,30000.0,37750.0,33800.0,49550.0,61850.0,19550.0,15100.0
2023-03-21,13350.0,35350.0,135400.0,30150.0,37800.0,34400.0,50550.0,61300.0,19550.0,15100.0
2023-03-22,13200.0,34800.0,135050.0,30050.0,37800.0,33800.0,49800.0,60350.0,19450.0,15050.0
2023-03-23,13250.0,35250.0,134700.0,30100.0,37950.0,33900.0,50500.0,62650.0,19450.0,15050.0
2023-03-24,13350.0,35350.0,135100.0,30250.0,37600.0,34200.0,51600.0,62750.0,19550.0,15100.0
2023-03-25,13366.666666666666,35183.333333333336,134950.0,30250.0,37583.333333333336,34266.666666666664,50683.333333333336,61533.333333333336,19533.333333333332,15116.666666666666
2023-03-26,13383.333333333334,35016.666666666664,134800.0,30250.0,37566.666666666664,34333.333333333336,49766.666666666664,60316.666666666664,19516.666666666668,15133.333333333334
2023-03-27,13400.0,34850.0,134650.0,30250.0,37550.0,34400.0,48850.0,59100.0,19500.0,15150.0
2023-03-28,13400.0,34750.0,134800.0,30200.0,37450.0,34350.0,47300.0,56750.0,19500.0,15150.0
2023-03-29,13400.0,34600.0,134800.0,30200.0,37350.0,34350.0,45500.0,54200.0,19500.0,15150.0
2023-03-30,13400.0,34300.0,134750.0,30150.0,37100.0,34200.0,44350.0,52150.0,19500.0,15150.0
2023-03-31,13400.0,34250.0,134750.0,30200.0,36900.0,34100.0,43450.0,50200.0,19500.0,15150.0
2023-04-01,13400.0,34083.333333333336,134716.66666666666,30133.333333333332,36783.333333333336,34116.666666666664,42883.333333333336,49350.0,19483.333333333332,15133.333333333334
2023-04-02,13400.0,33916.666666666664,134683.33333333334,30066.666666666668,36666.666666666664,34133.333333333336,42316.666666666664,48500.0,19466.666666666668,15116.666666666666
2023-04-03,13400.0,33750.0,134650.0,30000.0,36550.0,34150.0,41750.0,47650.0,19450.0,15100.0
2023-04-04,13400.0,33700.0,134650.0,30000.0,36450.0,34100.0,41150.0,46600.0,19450.0,15100.0
2023-04-05,13400.0,33500.0,134750.0,30000.0,36350.0,34000.0,40800.0,46200.0,19450.0,15100.0
2023-04-06,13400.0,33550.0,134750.0,30000.0,36250.0,34000.0,40700.0,45400.0,19450.0,15100.0
2023-04-07,13250.0,32850.0,134600.0,29900.0,36450.0,33850.0,40450.0,43600.0,19600.0,15100.0
2023-04-08,13300.0,33133.333333333336,134700.0,29900.0,36450.0,33850.0,40500.0,43666.666666666664,19550.0,15116.666666666666
2023-04-09,13350.0,33416.666666666664,134800.0,29900.0,36450.0,33850.0,40550.0,43733.333333333336,19500.0,15133.333333333334
2023-04-10,13400.0,33700.0,134900.0,29900.0,36450.0,33850.0,40600.0,43800.0,19450.0,15150.0
2023-04-11,13400.0,33800.0,134950.0,29850.0,36350.0,33700.0,40450.0,43850.0,19500.0,15150.0
2023-04-12,13450.0,34100.0,135150.0,29800.0,36350.0,33600.0,40150.0,43400.0,19450.0,15150.0
2023-04-13,13400.0,34250.0,135250.0,29800.0,36350.0,33550.0,40150.0,43100.0,19450.0,15150.0
2023-04-14,13400.0,34350.0,135350.0,29800.0,36350.0,33650.0,40100.0,42650.0,19450.0,15150.0
2023-04-15,13400.0,34583.333333333336,135983.33333333334,29833.333333333332,36533.333333333336,33700.0,41666.666666666664,42916.666666666664,19466.666666666668,15150.0
2023-04-16,13400.0,34816.666666666664,136616.66666666666,29866.666666666668,36716.666666666664,33750.0,43233.333333333336,43183.333333333336,19483.333333333332,15150.0
2023-04-17,13400.0,35050.0,137250.0,29900.0,36900.0,33800.0,44800.0,43450.0,19500.0,15150.0
2023-04-18,13400.0,35600.0,138600.0,30000.0,37300.0,33950.0,46900.0,44100.0,19500.0,15150.0
2023-04-19,13400.0,35750.0,137100.0,30150.0,37100.0,34200.0,46050.0,42350.0,19600.0,15200.0
2023-04-20,13400.0,35700.0,136800.0,30150.0,37150.0,34200.0,46200.0,42400.0,19500.0,15200.0
2023-04-21,13400.0,35700.0,136900.0,30150.0,37200.0,34200.0,46150.0,42350.0,19600.0,15200.0
2023-04-22,13400.0,35700.0,136850.0,30133.333333333332,37166.666666666664,34216.666666666664,46200.0,42316.666666666664,19600.0,15200.0
2023-04-23,13400.0,35700.0,136800.0,30116.666666666668,37133.333333333336,34233.333333333336,46250.0,42283.333333333336,19600.0,15200.0
2023-04-24,13400.0,35700.0,136750.0,30100.0,37100.0,34250.0,46300.0,42250.0,19600.0,15200.0
2023-04-25,13400.0,35800.0,136600.0,30100.0,37050.0,34200.0,46250.0,42150.0,19600.0,15150.0
2023-04-26,13400.0,37050.0,137500.0,30100.0,39000.0,34600.0,47800.0,44550.0,19500.0,15150.0
2023-04-27,13400.0,37300.0,136850.0,30050.0,39500.0,35100.0,46350.0,43550.0,19450.0,15150.0
2023-04-28,13400.0,37150.0,136700.0,30050.0,39900.0,35300.0,44200.0,41600.0,19500.0,15150.0
2023-04-29,13200.0,36600.0,135750.0,29900.0,40083.333333333336,35483.333333333336,42483.333333333336,39800.0,19566.666666666668,15133.333333333334
2023-04-30,13000.0,36050.0,134800.0,29750.0,40266.666666666664,35666.666666666664,40766.666666666664,38000.0,19633.333333333332,15116.666666666666
2023-05-01,12800.0,35500.0,133850.0,29600.0,40450.0,35850.0,39050.0,36200.0,19700.0,15100.0
2023-05-02,13400.0,36400.0,135800.0,29900.0,40700.0,35450.0,41000.0,39900.0,19450.0,15150.0
2023-05-03,13400.0,36250.0,135800.0,29850.0,41200.0,35500.0,40200.0,39200.0,19450.0,15150.0
2023-05-04,13400.0,36250.0,135750.0,29900.0,41350.0,35550.0,39850.0,38350.0,19450.0,15150.0
2023-05-05,13400.0,36200.0,135750.0,29950.0,41500.0,35750.0,39650.0,38300.0,19450.0,15150.0
2023-05-06,13400.0,36233.333333333336,135700.0,30033.333333333332,41683.333333333336,36050.0,39533.333333333336,38850.0,19450.0,15150.0
2023-05-07,13400.0,36266.666666666664,135650.0,30116.666666666668,41866.666666666664,36350.0,39416.666666666664,39400.0,19450.0,15150.0
2023-05-08,13400.0,36300.0,135600.0,30200.0,42050.0,36650.0,39300.0,39950.0,19450.0,15150.0
2023-05-09,13400.0,36400.0,135600.0,30300.0,42300.0,37250.0,39700.0,40700.0,19450.0,15200.0
2023-05-10,13400.0,36500.0,135350.0,30350.0,42500.0,37450.0,39900.0,40700.0,19450.0,15200.0
2023-05-11,13450.0,36650.0,135450.0,30450.0,42650.0,37600.0,39900.0,40950.0,19450.0,15200.0
2023-05-12,13450.0,36800.0,135450.0,30700.0,42700.0,37850.0,39950.0,40750.0,19450.0,15200.0
2023-05-13,13450.0,36950.0,135416.66666666666,30850.0,42766.666666666664,37966.666666666664,40600.0,40800.0,19450.0,15200.0
2023-05-14,13450.0,37100.0,135383.33333333334,31000.0,42833.333333333336,38083.333333333336,41250.0,40850.0,19450.0,15200.0
2023-05-15,13450.0,37250.0,135350.0,31150.0,42900.0,38200.0,41900.0,40900.0,19450.0,15200.0
2023-05-16,13450.0,37450.0,135450.0,31300.0,43050.0,38450.0,42400.0,41300.0,19450.0,15200.0
2023-05-17,13450.0,37500.0,135350.0,31450.0,42850.0,38600.0,42700.0,41200.0,19450.0,15200.0
2023-05-18,13450.0,37550.0,135350.0,31400.0,42100.0,38550.0,42300.0,40350.0,19500.0,15150.0
2023-05-19,13450.0,37850.0,135300.0,31600.0,42850.0,38700.0,43050.0,40900.0,19450.0,15200.0
2023-05-20,13450.0,37983.333333333336,135283.33333333334,31666.666666666668,42633.333333333336,38633.333333333336,43066.666666666664,41216.666666666664,19450.0,15216.666666666666
2023-05-21,13450.0,38116.666666666664,135266.66666666666,31733.333333333332,42416.666666666664,38566.666666666664,43083.333333333336,41533.333333333336,19450.0,15233.333333333334
2023-05-22,13450.0,38250.0,135250.0,31800.0,42200.0,38500.0,43100.0,41850.0,19450.0,15250.0
2023-05-23,13450.0,38400.0,135250.0,31850.0,42100.0,38750.0,43450.0,42000.0,19450.0,15250.0
2023-05-24,13450.0,38450.0,135250.0,31900.0,41750.0,38750.0,43250.0,41950.0,19450.0,15250.0
2023-05-25,13500.0,38700.0,135200.0,31900.0,41450.0,38750.0,43250.0,42150.0,19450.0,15250.0
2023-05-26,13500.0,38650.0,135250.0,31900.0,41250.0,38700.0,43600.0,42250.0,19500.0,15250.0
2023-05-27,13500.0,38766.666666666664,135200.0,31916.666666666668,41050.0,38783.333333333336,43683.333333333336,42216.666666666664,19500.0,15250.0
2023-05-28,13500.0,38883.333333333336,135150.0,31933.333333333332,40850.0,38866.666666666664,43766.666666666664,42183.333333333336,19500.0,15250.0
2023-05-29,13500.0,39000.0,135100.0,31950.0,40650.0,38950.0,43850.0,42150.0,19500.0,15250.0
2023-05-30,13500.0,39000.0,135150.0,31900.0,40650.0,39050.0,44050.0,42550.0,19500.0,15250.0
2023-05-31,13500.0,39000.0,135100.0,31900.0,40450.0,39100.0,43700.0,42800.0,19450.0,15250.0
2023-06-01,13550.0,39450.0,135100.0,32050.0,40750.0,39250.0,44700.0,43100.0,19600.0,15300.0
2023-06-02,13500.0,39150.0,134700.0,31950.0,40700.0,39150.0,43800.0,42700.0,19500.0,15300.0
2023-06-03,13500.0,39283.333333333336,134866.66666666666,31916.666666666668,40500.0,39183.333333333336,43666.666666666664,43016.666666666664,19483.333333333332,15300.0
2023-06-04,13500.0,39416.666666666664,135033.33333333334,31883.333333333332,40300.0,39216.666666666664,43533.333333333336,43333.333333333336,19466.666666666668,15300.0
2023-06-05,13500.0,39550.0,135200.0,31850.0,40100.0,39250.0,43400.0,43650.0,19450.0,15300.0
2023-06-06,13500.0,39700.0,135200.0,31850.0,40100.0,39300.0,43300.0,43700.0,19450.0,15300.0
2023-06-07,13500.0,39850.0,135200.0,31900.0,40200.0,39300.0,43200.0,44100.0,19450.0,15300.0
2023-06-08,13500.0,39800.0,135050.0,31900.0,40200.0,39350.0,42850.0,43900.0,19450.0,15300.0
2023-06-09,13500.0,39700.0,135050.0,31850.0,40200.0,39350.0,42500.0,43650.0,19400.0,15300.0
2023-06-10,13500.0,39733.333333333336,135050.0,31816.666666666668,40266.666666666664,39350.0,42583.333333333336,43583.333333333336,19400.0,15300.0
2023-06-11,13500.0,39766.666666666664,135050.0,31783.333333333332,40333.333333333336,39350.0,42666.666666666664,43516.666666666664,19400.0,15300.0
2023-06-12,13500.0,39800.0,135050.0,31750.0,40400.0,39350.0,42750.0,43450.0,19400.0,15300.0
2023-06-13,13500.0,39800.0,135050.0,31750.0,40500.0,39450.0,42450.0,43200.0,19400.0,15300.0
2023-06-14,13500.0,39650.0,135050.0,31700.0,40550.0,39500.0,42150.0,43400.0,19400.0,15300.0
2023-06-15,13500.0,39600.0,135050.0,31700.0,40500.0,39450.0,42250.0,43400.0,19350.0,15300.0
2023-06-16,13500.0,39500.0,135100.0,31700.0,40550.0,39450.0,41950.0,43000.0,19350.0,15300.0
2023-06-17,13516.666666666666,39583.333333333336,135066.66666666666,31683.333333333332,40616.666666666664,39483.333333333336,42200.0,43100.0,19333.333333333332,15316.666666666666
2023-06-18,13533.333333333334,39666.666666666664,135033.33333333334,31666.666666666668,40683.333333333336,39516.666666666664,42450.0,43200.0,19316.666666666668,15333.333333333334
2023-06-19,13550.0,39750.0,135000.0,31650.0,40750.0,39550.0,42700.0,43300.0,19300.0,15350.0
2023-06-20,13550.0,39850.0,135000.0,31650.0,40900.0,39500.0,43100.0,43200.0,19300.0,15300.0
2023-06-21,13550.0,39700.0,135100.0,31600.0,40900.0,39500.0,42700.0,43850.0,19300.0,15300.0
2023-06-22,13550.0,39750.0,135150.0,31550.0,40850.0,39550.0,42550.0,43850.0,19300.0,15300.0
2023-06-23,13550.0,39800.0,135150.0,31550.0,40800.0,39500.0,43000.0,44350.0,19250.0,15300.0
2023-06-24,13550.0,39950.0,135216.66666666666,31600.0,40900.0,39500.0,44583.333333333336,45000.0,19250.0,15300.0
2023-06-25,13550.0,40100.0,135283.33333333334,31650.0,41000.0,39500.0,46166.666666666664,45650.0,19250.0,15300.0
2023-06-26,13550.0,40250.0,135350.0,31700.0,41100.0,39500.0,47750.0,46300.0,19250.0,15300.0
2023-06-27,13550.0,40500.0,136100.0,31700.0,41350.0,39700.0,50200.0,47350.0,19250.0,15300.0
2023-06-28,13550.0,40650.0,135900.0,31900.0,41450.0,39800.0,50450.0,47650.0,19350.0,15350.0
2023-06-29,13600.0,40550.0,135450.0,31950.0,41500.0,39800.0,50650.0,47550.0,19350.0,15400.0
2023-06-30,13650.0,40650.0,135700.0,31850.0,41450.0,39800.0,50600.0,47600.0,19350.0,15350.0
2023-07-01,13616.666666666666,40516.666666666664,135650.0,31816.666666666668,41400.0,40083.333333333336,50850.0,47516.666666666664,19316.666666666668,15333.333333333334
2023-07-02,13583.333333333334,40383.333333333336,135600.0,31783.333333333332,41350.0,40366.666666666664,51100.0,47433.333333333336,19283.333333333332,15316.666666666666
2023-07-03,13550.0,40250.0,135550.0,31750.0,41300.0,40650.0,51350.0,47350.0,19250.0,15300.0
2023-07-04,13550.0,40200.0,135350.0,31750.0,41400.0,41300.0,52800.0,47400.0,19200.0,15300.0
2023-07-05,13550.0,40150.0,135200.0,31750.0,41300.0,41850.0,51850.0,46700.0,19200.0,15300.0
2023-07-06,13550.0,40150.0,135100.0,31750.0,41250.0,42050.0,50950.0,46100.0,19200.0,15300.0
2023-07-07,13550.0,40100.0,135000.0,31750.0,41200.0,42350.0,50100.0,45500.0,19200.0,15300.0
2023-07-08,13550.0,40066.666666666664,135016.66666666666,31750.0,40950.0,42533.333333333336,49250.0,45266.666666666664,19216.666666666668,15316.666666666666
2023-07-09,13550.0,40033.333333333336,135033.33333333334,31750.0,40700.0,42716.666666666664,48400.0,45033.333333333336,19233.333333333332,15333.333333333334
2023-07-10,13550.0,40000.0,135050.0,31750.0,40450.0,42900.0,47550.0,44800.0,19250.0,15350.0
2023-07-11,13550.0,39950.0,135050.0,31850.0,40500.0,42950.0,47400.0,44500.0,19200.0,15350.0
2023-07-12,13550.0,39650.0,135100.0,31900.0,40200.0,42900.0,46600.0,44050.0,19200.0,15350.0
2023-07-13,13550.0,39500.0,135100.0,31900.0,40000.0,42900.0,45850.0,43650.0,19200.0,15350.0
2023-07-14,13550.0,39250.0,134600.0,31850.0,39700.0,43050.0,45550.0,43400.0,19200.0,15350.0
2023-07-15,13550.0,39083.333333333336,134600.0,31866.666666666668,39400.0,42933.333333333336,45216.666666666664,43416.666666666664,19200.0,15350.0
2023-07-16,13550.0,38916.666666666664,134600.0,31883.333333333332,39100.0,42816.666666666664,44883.333333333336,43433.333333333336,19200.0,15350.0
2023-07-17,13550.0,38750.0,134600.0,31900.0,38800.0,42700.0,44550.0,43450.0,19200.0,15350.0
2023-07-18,13550.0,38800.0,135050.0,31950.0,38300.0,42700.0,44550.0,43550.0,19200.0,15350.0
2023-07-19,13450.0,39500.0,134650.0,32150.0,38400.0,42300.0,43150.0,42800.0,19250.0,15350.0
2023-07-20,13550.0,38500.0,135050.0,31950.0,37450.0,42600.0,43800.0,43350.0,19200.0,15350.0
2023-07-21,13550.0,38350.0,135050.0,31950.0,37150.0,42900.0,43550.0,43200.0,19200.0,15350.0
2023-07-22,13550.0,38150.0,135050.0,31983.333333333332,36900.0,42933.333333333336,43133.333333333336,43433.333333333336,19183.333333333332,15350.0
2023-07-23,13550.0,37950.0,135050.0,32016.666666666668,36650.0,42966.666666666664,42716.666666666664,43666.666666666664,19166.666666666668,15350.0
2023-07-24,13550.0,37750.0,135050.0,32050.0,36400.0,43000.0,42300.0,43900.0,19150.0,15350.0
2023-07-25,13550.0,37550.0,135050.0,32000.0,35900.0,42950.0,42050.0,44200.0,19200.0,15350.0
2023-07-26,13550.0,37100.0,135100.0,32100.0,35500.0,42700.0,41700.0,43850.0,19150.0,15350.0
2023-07-27,13550.0,36850.0,135100.0,32050.0,35300.0,42550.0,41100.0,43750.0,19150.0,15400.0
2023-07-28,13550.0,36600.0,135100.0,32050.0,35200.0,42550.0,41200.0,43850.0,19150.0,15400.0
2023-07-29,13550.0,36350.0,135083.33333333334,32033.333333333332,35050.0,42483.333333333336,41333.333333333336,44400.0,19150.0,15400.0
2023-07-30,13550.0,36100.0,135066.66666666666,32016.666666666668,34900.0,42416.666666666664,41466.666666666664,44950.0,19150.0,15400.0
2023-07-31,13550.0,35850.0,135050.0,32000.0,34750.0,42350.0,41600.0,45500.0,19150.0,15400.0
2023-08-01,13550.0,35600.0,135050.0,32000.0,34450.0,42350.0,41550.0,46000.0,19150.0,15400.0
2023-08-02,13550.0,35400.0,135050.0,32000.0,34150.0,42350.0,41400.0,46150.0,19150.0,15400.0
2023-08-03,13550.0,35400.0,135050.0,32000.0,34100.0,42250.0,41550.0,46400.0,19150.0,15400.0
2023-08-04,13550.0,35250.0,135050.0,31950.0,34000.0,42150.0,41750.0,46900.0,19150.0,15400.0
2023-08-05,13550.0,35233.333333333336,135083.33333333334,31933.333333333332,33833.333333333336,42066.666666666664,41950.0,47216.666666666664,19150.0,15400.0
2023-08-06,13550.0,35216.666666666664,135116.66666666666,31916.666666666668,33666.666666666664,41983.333333333336,42150.0,47533.333333333336,19150.0,15400.0
2023-08-07,13550.0,35200.0,135150.0,31900.0,33500.0,41900.0,42350.0,47850.0,19150.0,15400.0
2023-08-08,13550.0,35350.0,135150.0,31900.0,33200.0,41750.0,42450.0,47750.0,19150.0,15400.0
2023-08-09,13550.0,35500.0,135050.0,31900.0,33100.0,41750.0,42350.0,47700.0,19150.0,15400.0
2023-08-10,13550.0,35750.0,135050.0,31850.0,32900.0,41700.0,42700.0,47700.0,19150.0,15400.0
2023-08-11,13550.0,36000.0,135100.0,31850.0,32750.0,41700.0,42850.0,48250.0,19150.0,15400.0
2023-08-12,13566.666666666666,36116.666666666664,135100.0,31800.0,32650.0,41616.666666666664,43100.0,48133.333333333336,19133.333333333332,15400.0
2023-08-13,13583.333333333334,36233.333333333336,135100.0,31750.0,32550.0,41533.333333333336,43350.0,48016.666666666664,19116.666666666668,15400.0
2023-08-14,13600.0,36350.0,135100.0,31700.0,32450.0,41450.0,43600.0,47900.0,19100.0,15400.0
2023-08-15,13600.0,36450.0,135050.0,31600.0,32300.0,41450.0,43850.0,48000.0,19100.0,15400.0
2023-08-16,13600.0,36500.0,135050.0,31600.0,32250.0,41350.0,44050.0,47700.0,19100.0,15400.0
2023-08-17,13650.0,36450.0,134900.0,31700.0,31700.0,41200.0,43500.0,47200.0,19200.0,15400.0
2023-08-18,13600.0,36350.0,135050.0,31500.0,31900.0,41200.0,44150.0,47550.0,19100.0,15400.0
2023-08-19,13600.0,36366.666666666664,135016.66666666666,31433.333333333332,31716.666666666668,41100.0,44683.333333333336,47516.666666666664,19100.0,15400.0
2023-08-20,13600.0,36383.333333333336,134983.33333333334,31366.666666666668,31533.333333333332,41000.0,45216.666666666664,47483.333333333336,19100.0,15400.0
2023-08-21,13600.0,36400.0,134950.0,31300.0,31350.0,40900.0,45750.0,47450.0,19100.0,15400.0
2023-08-22,13650.0,36400.0,134950.0,31200.0,31200.0,40850.0,46150.0,47450.0,19100.0,15400.0
2023-08-23,13650.0,36400.0,134950.0,31100.0,31050.0,40850.0,46100.0,46800.0,19100.0,15400.0
2023-08-24,13700.0,36450.0,134900.0,31100.0,30900.0,40750.0,46100.0,46150.0,19100.0,15400.0
2023-08-25,13700.0,36250.0,135050.0,31100.0,30500.0,40600.0,46400.0,45750.0,19100.0,15400.0
2023-08-26,13716.666666666666,36166.666666666664,135050.0,30966.666666666668,30350.0,40533.333333333336,46650.0,45000.0,19100.0,15416.666666666666
2023-08-27,13733.333333333334,36083.333333333336,135050.0,30833.333333333332,30200.0,40466.666666666664,46900.0,44250.0,19100.0,15433.333333333334
2023-08-28,13750.0,36000.0,135050.0,30700.0,30050.0,40400.0,47150.0,43500.0,19100.0,15450.0
2023-08-29,13750.0,35950.0,135050.0,30650.0,29900.0,40350.0,47200.0,43200.0,19100.0,15450.0
2023-08-30,13800.0,35850.0,135000.0,30600.0,29700.0,40300.0,47200.0,42800.0,19050.0,15450.0
2023-08-31,13800.0,35700.0,134950.0,30450.0,29400.0,40150.0,46800.0,42500.0,19050.0,15450.0
2023-09-01,13800.0,35500.0,134950.0,30300.0,29350.0,40100.0,46600.0,42000.0,19050.0,15450.0
2023-09-02,13833.333333333334,35466.666666666664,134950.0,30300.0,29183.333333333332,40100.0,46300.0,41666.666666666664,19033.333333333332,15450.0
2023-09-03,13866.666666666666,35433.333333333336,134950.0,30300.0,29016.666666666668,40100.0,46000.0,41333.333333333336,19016.666666666668,15450.0
2023-09-04,13900.0,35400.0,134950.0,30300.0,28850.0,40100.0,45700.0,41000.0,19000.0,15450.0
2023-09-05,13950.0,35450.0,134950.0,30350.0,28700.0,40000.0,45250.0,41000.0,19000.0,15450.0
2023-09-06,13950.0,35350.0,135350.0,30300.0,28450.0,39950.0,44950.0,41150.0,18950.0,15450.0
2023-09-07,14000.0,35300.0,134950.0,30200.0,28400.0,39700.0,44800.0,41050.0,19000.0,15450.0
2023-09-08,14000.0,35300.0,134950.0,30250.0,28400.0,39650.0,44050.0,40650.0,19000.0,15450.0
2023-09-09,14016.666666666666,35333.333333333336,134783.33333333334,30200.0,28316.666666666668,39616.666666666664,43650.0,40750.0,19000.0,15466.666666666666
2023-09-10,14033.333333333334,35366.666666666664,134616.66666666666,30150.0,28233.333333333332,39583.333333333336,43250.0,40850.0,19000.0,15483.333333333334
2023-09-11,14050.0,35400.0,134450.0,30100.0,28150.0,39550.0,42850.0,40950.0,19000.0,15500.0
2023-09-12,14100.0,35450.0,134900.0,30100.0,28050.0,39500.0,42400.0,40600.0,19000.0,15500.0
2023-09-13,14100.0,35400.0,134900.0,30000.0,27900.0,39450.0,42050.0,40550.0,19000.0,15500.0
2023-09-14,14150.0,35400.0,134900.0,29950.0,27750.0,39300.0,41650.0,40350.0,19000.0,15500.0
2023-09-15,14200.0,35650.0,135200.0,30000.0,27800.0,39250.0,42000.0,40900.0,18950.0,15600.0
2023-09-16,14200.0,35516.666666666664,135100.0,29933.333333333332,27666.666666666668,39200.0,41650.0,41150.0,18966.666666666668,15600.0
2023-09-17,14200.0,35383.333333333336,135000.0,29866.666666666668,27533.333333333332,39150.0,41300.0,41400.0,18983.333333333332,15600.0
2023-09-18,14200.0,35250.0,134900.0,29800.0,27400.0,39100.0,40950.0,41650.0,19000.0,15600.0
2023-09-19,14250.0,35200.0,134900.0,29700.0,27200.0,39000.0,41050.0,41700.0,19000.0,15600.0
2023-09-20,14250.0,35200.0,134900.0,29750.0,27200.0,38950.0,40900.0,41450.0,19000.0,15650.0
2023-09-21,14250.0,35150.0,134950.0,29750.0,27200.0,38850.0,40850.0,41450.0,19000.0,15700.0
2023-09-22,14300.0,35100.0,134850.0,29700.0,27150.0,38900.0,40600.0,41000.0,19000.0,15700.0
2023-09-23,14316.666666666666,35250.0,134866.66666666666,29633.333333333332,27100.0,38850.0,41100.0,41466.666666666664,18983.333333333332,15733.333333333334
2023-09-24,14333.333333333334,35400.0,134883.33333333334,29566.666666666668,27050.0,38800.0,41600.0,41933.333333333336,18966.666666666668,15766.666666666666
2023-09-25,14350.0,35550.0,134900.0,29500.0,27000.0,38750.0,42100.0,42400.0,18950.0,15800.0
2023-09-26,14350.0,35700.0,134950.0,29450.0,26950.0,38600.0,42600.0,42650.0,18950.0,15800.0
2023-09-27,14350.0,35650.0,134950.0,29400.0,27050.0,38650.0,42900.0,42650.0,18900.0,15850.0
2023-09-28,14400.0,36400.0,134850.0,29550.0,26950.0,38550.0,41950.0,41450.0,19000.0,15850.0
2023-09-29,14400.0,35550.0,134900.0,29100.0,26850.0,38400.0,42800.0,42500.0,18800.0,15850.0
2023-09-30,14400.0,35650.0,134883.33333333334,29150.0,26866.666666666668,38466.666666666664,43283.333333333336,43500.0,18833.333333333332,15883.333333333334
2023-10-01,14400.0,35750.0,134866.66666666666,29200.0,26883.333333333332,38533.333333333336,43766.666666666664,44500.0,18866.666666666668,15916.666666666666
2023-10-02,14400.0,35850.0,134850.0,29250.0,26900.0,38600.0,44250.0,45500.0,18900.0,15950.0
2023-10-03,14450.0,35800.0,134850.0,29200.0,26950.0,38550.0,44600.0,46250.0,18900.0,16000.0
2023-10-04,14450.0,35850.0,134850.0,29150.0,26950.0,38500.0,44550.0,46850.0,18900.0,16000.0
2023-10-05,14500.0,35800.0,134850.0,29200.0,27000.0,38450.0,44700.0,47950.0,18900.0,16000.0
2023-10-06,14500.0,35800.0,134850.0,29200.0,27000.0,38450.0,44700.0,48500.0,18900.0,16000.0
2023-10-07,14516.666666666666,35933.333333333336,134850.0,29200.0,27050.0,38433.333333333336,44866.666666666664,49283.333333333336,18883.333333333332,16016.666666666666
2023-10-08,14533.333333333334,36066.666666666664,134850.0,29200.0,27100.0,38416.666666666664,45033.333333333336,50066.666666666664,18866.666666666668,16033.333333333334
2023-10-09,14550.0,36200.0,134850.0,29200.0,27150.0,38400.0,45200.0,50850.0,18850.0,16050.0
2023-10-10,14550.0,36400.0,134850.0,29150.0,27100.0,38400.0,45750.0,51550.0,18850.0,16050.0
2023-10-11,14550.0,36550.0,134850.0,29100.0,27000.0,38400.0,45250.0,51800.0,18850.0,16050.0
2023-10-12,14550.0,36450.0,134850.0,29100.0,27000.0,38450.0,44750.0,52050.0,18850.0,16250.0
2023-10-13,14550.0,36500.0,134850.0,29050.0,27000.0,38400.0,44450.0,52350.0,18850.0,16050.0
2023-10-14,14566.666666666666,36500.0,134783.33333333334,29016.666666666668,27000.0,38433.333333333336,44700.0,52800.0,18850.0,16066.666666666666
2023-10-15,14583.333333333334,36500.0,134716.66666666666,28983.333333333332,27000.0,38466.666666666664,44950.0,53250.0,18850.0,16083.333333333334
2023-10-16,14600.0,36500.0,134650.0,28950.0,27000.0,38500.0,45200.0,53700.0,18850.0,16100.0
2023-10-17,14600.0,36550.0,134700.0,28900.0,26850.0,38500.0,45400.0,54450.0,18800.0,16100.0
2023-10-18,14600.0,36400.0,134800.0,28900.0,26900.0,38450.0,45300.0,54300.0,18800.0,16100.0
2023-10-19,14650.0,36400.0,134800.0,28900.0,26900.0,38450.0,45250.0,54300.0,18800.0,16100.0
2023-10-20,14650.0,36300.0,134800.0,28900.0,26850.0,38450.0,45300.0,54500.0,18800.0,16150.0
2023-10-21,14650.0,36283.333333333336,134816.66666666666,28883.333333333332,26816.666666666668,38416.666666666664,45750.0,55333.333333333336,18800.0,16166.666666666666
2023-10-22,14650.0,36266.666666666664,134833.33333333334,28866.666666666668,26783.333333333332,38383.333333333336,46200.0,56166.666666666664,18800.0,16183.333333333334
2023-10-23,14650.0,36250.0,134850.0,28850.0,26750.0,38350.0,46650.0,57000.0,18800.0,16200.0
2023-10-24,14650.0,36250.0,134700.0,28800.0,26700.0,38300.0,46750.0,57650.0,18800.0,16250.0
2023-10-25,14650.0,36150.0,134700.0,28800.0,26550.0,38200.0,46950.0,57700.0,18800.0,16300.0
2023-10-26,14650.0,36100.0,134700.0,28700.0,26500.0,38150.0,47650.0,58400.0,18800.0,16300.0
2023-10-27,14650.0,35950.0,134600.0,28650.0,26500.0,38100.0,49350.0,59900.0,18800.0,16300.0
2023-10-28,14650.0,35850.0,134566.66666666666,28650.0,26616.666666666668,38066.666666666664,50566.666666666664,61416.666666666664,18800.0,16316.666666666666
2023-10-29,14650.0,35750.0,134533.33333333334,28650.0,26733.333333333332,38033.333333333336,51783.333333333336,62933.333333333336,18800.0,16333.333333333334
2023-10-30,14650.0,35650.0,134500.0,28650.0,26850.0,38000.0,53000.0,64450.0,18800.0,16350.0
2023-10-31,14650.0,35550.0,134500.0,28600.0,27000.0,38050.0,54250.0,65750.0,18800.0,16450.0
2023-11-01,14650.0,35550.0,134500.0,28450.0,27250.0,37950.0,54600.0,65650.0,18800.0,16450.0
2023-11-02,14650.0,35450.0,134500.0,28400.0,27350.0,37950.0,54950.0,66050.0,18800.0,16500.0
2023-11-03,14650.0,35500.0,134400.0,28350.0,27800.0,37950.0,55500.0,67100.0,18800.0,16500.0
2023-11-04,14650.0,35466.666666666664,134433.33333333334,28433.333333333332,28150.0,37916.666666666664,56716.666666666664,67816.66666666667,18800.0,16516.666666666668
2023-11-05,14650.0,35433.333333333336,134466.66666666666,28516.666666666668,28500.0,37883.333333333336,57933.333333333336,68533.33333333333,18800.0,16533.333333333332
2023-11-06,14650.0,35400.0,134500.0,28600.0,28850.0,37850.0,59150.0,69250.0,18800.0,16550.0
2023-11-07,14650.0,35450.0,134500.0,28600.0,29300.0,37850.0,60350.0,69650.0,18800.0,16550.0
2023-11-08,14650.0,35700.0,134500.0,28700.0,29800.0,37750.0,61450.0,69950.0,18800.0,16600.0
2023-11-09,14650.0,35450.0,134500.0,28750.0,29950.0,37700.0,62100.0,70500.0,18800.0,16650.0
2023-11-10,14650.0,35600.0,134500.0,28800.0,29950.0,37700.0,63200.0,70450.0,18800.0,16650.0
2023-11-11,14650.0,35633.333333333336,134500.0,28816.666666666668,30133.333333333332,37716.666666666664,63583.333333333336,70533.33333333333,18800.0,16700.0
2023-11-12,14650.0,35666.666666666664,134500.0,28833.333333333332,30316.666666666668,37733.333333333336,63966.666666666664,70616.66666666667,18800.0,16750.0
2023-11-13,14650.0,35700.0,134500.0,28850.0,30500.0,37750.0,64350.0,70700.0,18800.0,16800.0
2023-11-14,14650.0,35650.0,134500.0,28800.0,30750.0,37700.0,64400.0,71000.0,18800.0,16850.0
2023-11-15,14650.0,35600.0,134500.0,28850.0,31000.0,37750.0,64600.0,71600.0,18800.0,16950.0
2023-11-16,14650.0,35600.0,134500.0,28900.0,31050.0,37650.0,64500.0,71700.0,18800.0,17050.0
2023-11-17,14650.0,35600.0,134550.0,28900.0,31200.0,37600.0,64700.0,71650.0,18800.0,17050.0
2023-11-18,14650.0,35566.666666666664,134533.33333333334,28933.333333333332,31333.333333333332,37583.333333333336,64983.333333333336,72266.66666666667,18800.0,17083.333333333332
2023-11-19,14650.0,35533.333333333336,134516.66666666666,28966.666666666668,31466.666666666668,37566.666666666664,65266.666666666664,72883.33333333333,18800.0,17116.666666666668
2023-11-20,14650.0,35500.0,134500.0,29000.0,31600.0,37550.0,65550.0,73500.0,18800.0,17150.0
2023-11-21,14650.0,35450.0,134500.0,28950.0,31750.0,37500.0,67000.0,76000.0,18800.0,17250.0
2023-11-22,14650.0,35250.0,134500.0,29000.0,31900.0,37650.0,67800.0,76550.0,18800.0,17250.0
2023-11-23,14650.0,35350.0,134500.0,29050.0,31950.0,37600.0,68100.0,77550.0,18800.0,17350.0
2023-11-24,14650.0,35650.0,134450.0,29150.0,32000.0,37700.0,67400.0,77700.0,18850.0,17350.0
2023-11-25,14650.0,35483.333333333336,134433.33333333334,29100.0,32050.0,37616.666666666664,67733.33333333333,78066.66666666667,18833.333333333332,17366.666666666668
2023-11-26,14650.0,35316.666666666664,134416.66666666666,29050.0,32100.0,37533.333333333336,68066.66666666667,78433.33333333333,18816.666666666668,17383.333333333332
2023-11-27,14650.0,35150.0,134400.0,29000.0,32150.0,37450.0,68400.0,78800.0,18800.0,17400.0
2023-11-28,14600.0,34900.0,134000.0,29150.0,32250.0,37600.0,68950.0,79700.0,18850.0,17450.0
2023-11-29,14700.0,35350.0,135500.0,29250.0,32000.0,37650.0,69250.0,80050.0,18950.0,17450.0
2023-11-30,14650.0,34750.0,134250.0,29200.0,32200.0,37400.0,70600.0,80600.0,18850.0,17500.0
2023-12-01,14650.0,35000.0,134250.0,29150.0,32300.0,37500.0,71400.0,80350.0,18800.0,17500.0
2023-12-02,14666.666666666666,35100.0,134350.0,29133.333333333332,32450.0,37533.333333333336,72816.66666666667,80700.0,18800.0,17516.666666666668
2023-12-03,14683.333333333334,35200.0,134450.0,29116.666666666668,32600.0,37566.666666666664,74233.33333333333,81050.0,18800.0,17533.333333333332
2023-12-04,14700.0,35300.0,134550.0,29100.0,32750.0,37600.0,75650.0,81400.0,18800.0,17550.0
2023-12-05,14700.0,35400.0,134550.0,29100.0,32950.0,37700.0,76050.0,82350.0,18800.0,17600.0
2023-12-06,14700.0,35550.0,134950.0,29150.0,33150.0,37700.0,76500.0,82700.0,18800.0,17600.0
2023-12-07,14650.0,35350.0,134100.0,29150.0,33350.0,37850.0,77100.0,83350.0,18800.0,17650.0
2023-12-08,14700.0,35600.0,134550.0,29100.0,33500.0,37850.0,77100.0,83550.0,18800.0,17900.0
2023-12-09,14700.0,35600.0,134550.0,29116.666666666668,33683.333333333336,37933.333333333336,77866.66666666667,83383.33333333333,18800.0,17833.333333333332
2023-12-10,14700.0,35600.0,134550.0,29133.333333333332,33866.666666666664,38016.666666666664,78633.33333333333,83216.66666666667,18800.0,17766.666666666668
2023-12-11,14700.0,35600.0,134550.0,29150.0,34050.0,38100.0,79400.0,83050.0,18800.0,17700.0
2023-12-12,14700.0,35650.0,134650.0,29200.0,35200.0,38200.0,79050.0,82950.0,18800.0,17700.0
2023-12-13,14650.0,35400.0,135300.0,29300.0,34150.0,38500.0,78500.0,84550.0,18900.0,17700.0
2023-12-14,14700.0,35650.0,134650.0,29200.0,34500.0,38550.0,77350.0,82750.0,18750.0,17700.0
2023-12-15,14700.0,35700.0,134650.0,29250.0,34650.0,38500.0,76500.0,82300.0,18750.0,17700.0
2023-12-16,14683.333333333334,35666.666666666664,134466.66666666666,29266.666666666668,34983.333333333336,38633.333333333336,74650.0,81733.33333333333,18766.666666666668,17716.666666666668
2023-12-17,14666.666666666666,35633.333333333336,134283.33333333334,29283.333333333332,35316.666666666664,38766.666666666664,72800.0,81166.66666666667,18783.333333333332,17733.333333333332
2023-12-18,14650.0,35600.0,134100.0,29300.0,35650.0,38900.0,70950.0,80600.0,18800.0,17750.0
2023-12-19,14700.0,35900.0,134500.0,29250.0,36050.0,38900.0,69950.0,79050.0,18750.0,17700.0
2023-12-20,14700.0,35850.0,134500.0,29250.0,36550.0,39100.0,68300.0,78950.0,18750.0,17700.0
2023-12-21,14650.0,35750.0,134100.0,29400.0,36950.0,39350.0,67200.0,78950.0,18800.0,17750.0
2023-12-22,14650.0,36000.0,134300.0,29400.0,37300.0,39500.0,66600.0,78650.0,18800.0,17750.0
2023-12-23,14350.0,34266.666666666664,132166.66666666666,28400.0,36350.0,38866.666666666664,63133.333333333336,76616.66666666667,18566.666666666668,17650.0
2023-12-24,14050.0,32533.333333333332,130033.33333333333,27400.0,35400.0,38233.333333333336,59666.666666666664,74583.33333333333,18333.333333333332,17550.0
2023-12-25,13750.0,30800.0,127900.0,26400.0,34450.0,37600.0,56200.0,72550.0,18100.0,17450.0
2023-12-26,13750.0,30700.0,131550.0,26650.0,35350.0,37950.0,53050.0,69350.0,18250.0,17500.0
2023-12-27,14700.0,36750.0,134700.0,29350.0,39250.0,40200.0,66150.0,78700.0,19050.0,17750.0
2023-12-28,14700.0,36850.0,134800.0,29350.0,39650.0,40400.0,66300.0,77500.0,18750.0,17750.0
2023-12-29,14650.0,36850.0,133750.0,29450.0,40300.0,40700.0,65000.0,76700.0,18800.0,17750.0
2023-12-30,14616.666666666666,36883.333333333336,134033.33333333334,29250.0,40200.0,40483.333333333336,63816.666666666664,75050.0,18766.666666666668,17733.333333333332
2023-12-31,14583.333333333334,36916.666666666664,134316.66666666666,29050.0,40100.0,40266.666666666664,62633.333333333336,73400.0,18733.333333333332,17716.666666666668
2024-01-01,14550.0,36950.0,134600.0,28850.0,40000.0,40050.0,61450.0,71750.0,18700.0,17700.0
2024-01-02,14700.0,37550.0,134650.0,29350.0,41250.0,41150.0,67050.0,76300.0,18750.0,17750.0
2024-01-03,14700.0,37650.0,134700.0,29250.0,41600.0,41250.0,64800.0,74450.0,18750.0,17750.0
2024-01-04,14750.0,37650.0,134650.0,29200.0,42000.0,41350.0,63400.0,72500.0,18750.0,17750.0
2024-01-05,14750.0,37650.0,134650.0,29150.0,42050.0,41400.0,61650.0,70400.0,18750.0,17750.0
2024-01-06,14750.0,37566.666666666664,134566.66666666666,29083.333333333332,42050.0,41333.333333333336,60416.666666666664,68416.66666666667,18750.0,17750.0
2024-01-07,14750.0,37483.333333333336,134483.33333333334,29016.666666666668,42050.0,41266.666666666664,59183.333333333336,66433.33333333333,18750.0,17750.0
2024-01-08,14750.0,37400.0,134400.0,28950.0,42050.0,41200.0,57950.0,64450.0,18750.0,17750.0
2024-01-09,14750.0,37450.0,134350.0,28950.0,42200.0,41350.0,57350.0,62450.0,18750.0,17750.0
2024-01-10,14800.0,37450.0,134400.0,28950.0,42100.0,41350.0,56750.0,60400.0,18750.0,17750.0
2024-01-11,14750.0,37300.0,133900.0,28900.0,42050.0,41100.0,56200.0,59350.0,18750.0,17800.0
2024-01-12,14750.0,37250.0,134500.0,28900.0,41950.0,41350.0,54950.0,56650.0,18750.0,17800.0
2024-01-13,14766.666666666666,37166.666666666664,134483.33333333334,28850.0,41866.666666666664,41333.333333333336,54950.0,56150.0,18733.333333333332,17783.333333333332
2024-01-14,14783.333333333334,37083.333333333336,134466.66666666666,28800.0,41783.333333333336,41316.666666666664,54950.0,55650.0,18716.666666666668,17766.666666666668
2024-01-15,14800.0,37000.0,134450.0,28750.0,41700.0,41300.0,54950.0,55150.0,18700.0,17750.0
2024-01-16,14800.0,37100.0,134450.0,28750.0,41400.0,41350.0,55150.0,53950.0,18700.0,17750.0
2024-01-17,14800.0,37100.0,134450.0,28800.0,41250.0,41450.0,55450.0,53500.0,18750.0,17750.0
2024-01-18,14800.0,37100.0,134450.0,28850.0,41100.0,41450.0,54850.0,52200.0,18750.0,17750.0
2024-01-19,14800.0,37000.0,134450.0,28950.0,40850.0,41350.0,54400.0,51400.0,18750.0,17750.0
2024-01-20,14816.666666666666,36916.666666666664,134450.0,28966.666666666668,40700.0,41283.333333333336,54833.333333333336,51166.666666666664,18766.666666666668,17750.0
2024-01-21,14833.333333333334,36833.333333333336,134450.0,28983.333333333332,40550.0,41216.666666666664,55266.666666666664,50933.333333333336,18783.333333333332,17750.0
2024-01-22,14850.0,36750.0,134450.0,29000.0,40400.0,41150.0,55700.0,50700.0,18800.0,17750.0
2024-01-23,14850.0,36600.0,134450.0,29100.0,40050.0,41100.0,56600.0,49900.0,18800.0,17800.0
2024-01-24,14850.0,36400.0,134450.0,29050.0,39800.0,41250.0,56800.0,49800.0,18800.0,17800.0
2024-01-25,14850.0,36200.0,134450.0,29050.0,39650.0,41150.0,56100.0,48250.0,18800.0,17800.0
2024-01-26,14850.0,36100.0,134450.0,29050.0,39450.0,41100.0,55700.0,48000.0,18800.0,17850.0
2024-01-27,14866.666666666666,36033.333333333336,134450.0,29050.0,39250.0,41133.333333333336,55516.666666666664,47433.333333333336,18800.0,17833.333333333332
2024-01-28,14883.333333333334,35966.666666666664,134450.0,29050.0,39050.0,41166.666666666664,55333.333333333336,46866.666666666664,18800.0,17816.666666666668
2024-01-29,14900.0,35900.0,134450.0,29050.0,38850.0,41200.0,55150.0,46300.0,18800.0,17800.0
2024-01-30,14950.0,35950.0,134450.0,29050.0,38550.0,41050.0,55300.0,45500.0,18800.0,17800.0
2024-01-31,14950.0,36050.0,134450.0,29050.0,38450.0,41100.0,55250.0,44900.0,18800.0,17800.0
2024-02-01,14950.0,36050.0,134450.0,29050.0,38350.0,41050.0,55150.0,44400.0,18800.0,17800.0
2024-02-02,15000.0,36300.0,134450.0,29050.0,38200.0,41100.0,55850.0,44700.0,18800.0,17850.0
2024-02-03,15050.0,36483.333333333336,134466.66666666666,29066.666666666668,38083.333333333336,41000.0,56466.666666666664,45000.0,18800.0,17850.0
2024-02-04,15100.0,36666.666666666664,134483.33333333334,29083.333333333332,37966.666666666664,40900.0,57083.333333333336,45300.0,18800.0,17850.0
2024-02-05,15150.0,36850.0,134500.0,29100.0,37850.0,40800.0,57700.0,45600.0,18800.0,17850.0
2024-02-06,15150.0,36950.0,134550.0,29100.0,37800.0,40750.0,58050.0,45600.0,18800.0,17850.0
2024-02-07,15150.0,37100.0,134550.0,28950.0,37350.0,40600.0,59050.0,45650.0,18750.0,17800.0
2024-02-08,15150.0,37250.0,135050.0,29150.0,37700.0,40750.0,59200.0,45850.0,18800.0,17850.0
2024-02-09,15150.0,37300.0,134850.0,29200.0,37700.0,40600.0,58550.0,45550.0,18800.0,17850.0
2024-02-10,15183.333333333334,37366.666666666664,134750.0,29216.666666666668,37566.666666666664,40583.333333333336,59150.0,46466.666666666664,18816.666666666668,17850.0
2024-02-11,15216.666666666666,37433.333333333336,134650.0,29233.333333333332,37433.333333333336,40566.666666666664,59750.0,47383.333333333336,18833.333333333332,17850.0
2024-02-12,15250.0,37500.0,134550.0,29250.0,37300.0,40550.0,60350.0,48300.0,18850.0,17850.0
2024-02-13,15300.0,37700.0,134550.0,29300.0,37000.0,40600.0,61200.0,48500.0,18850.0,17850.0
2024-02-14,15300.0,37500.0,134650.0,29200.0,36850.0,40500.0,61550.0,47450.0,18850.0,17850.0
2024-02-15,15350.0,37750.0,134550.0,29400.0,36850.0,40550.0,63650.0,52350.0,18850.0,17850.0
2024-02-16,15400.0,37650.0,134550.0,29500.0,36850.0,40650.0,65450.0,56000.0,18900.0,17900.0
2024-02-17,15416.666666666666,37566.666666666664,134533.33333333334,29600.0,36966.666666666664,40766.666666666664,66383.33333333333,57816.666666666664,18900.0,17900.0
2024-02-18,15433.333333333334,37483.333333333336,134516.66666666666,29700.0,37083.333333333336,40883.333333333336,67316.66666666667,59633.333333333336,18900.0,17900.0
2024-02-19,15450.0,37400.0,134500.0,29800.0,37200.0,41000.0,68250.0,61450.0,18900.0,17900.0
2024-02-20,15550.0,37300.0,134500.0,29950.0,37350.0,41000.0,69750.0,63100.0,18900.0,17900.0
2024-02-21,15550.0,37250.0,134500.0,29950.0,37450.0,40850.0,70350.0,63200.0,18900.0,17900.0
2024-02-22,15600.0,37200.0,134500.0,29950.0,37550.0,40900.0,71650.0,62900.0,18950.0,17900.0
2024-02-23,15650.0,37350.0,134550.0,30100.0,37650.0,40900.0,72800.0,62300.0,18950.0,17900.0
2024-02-24,15683.333333333334,37416.666666666664,134583.33333333334,30283.333333333332,37566.666666666664,40866.666666666664,73000.0,61800.0,18950.0,17900.0
2024-02-25,15716.666666666666,37483.333333333336,134616.66666666666,30466.666666666668,37483.333333333336,40833.333333333336,73200.0,61300.0,18950.0,17900.0
2024-02-26,15750.0,37550.0,134650.0,30650.0,37400.0,40800.0,73400.0,60800.0,18950.0,17900.0
2024-02-27,15800.0,37700.0,134600.0,30850.0,37350.0,40750.0,74000.0,61400.0,18950.0,17900.0
2024-02-28,15850.0,37800.0,134500.0,31000.0,37350.0,40750.0,73350.0,61050.0,19000.0,17950.0
2024-02-29,15850.0,38150.0,134500.0,31200.0,37300.0,40850.0,72550.0,60750.0,18950.0,17950.0
2024-03-01,15900.0,38400.0,134450.0,31400.0,37050.0,40800.0,71150.0,60600.0,19000.0,18000.0
2024-03-02,15916.666666666666,38516.666666666664,134516.66666666666,31500.0,37016.666666666664,40916.666666666664,70466.66666666667,60750.0,19000.0,18016.666666666668
2024-03-03,15933.333333333334,38633.333333333336,134583.33333333334,31600.0,36983.333333333336,41033.333333333336,69783.33333333333,60900.0,19000.0,18033.333333333332
2024-03-04,15950.0,38750.0,134650.0,31700.0,36950.0,41150.0,69100.0,61050.0,19000.0,18050.0
2024-03-05,15950.0,38900.0,134650.0,31700.0,36850.0,41200.0,69150.0,61500.0,19000.0,18050.0
2024-03-06,15950.0,39000.0,134650.0,31850.0,36700.0,41250.0,69000.0,61200.0,19000.0,18050.0
2024-03-07,15950.0,39200.0,134900.0,31950.0,36650.0,41450.0,68550.0,61150.0,19000.0,18050.0
2024-03-08,15950.0,39350.0,135050.0,32000.0,36700.0,41400.0,69000.0,60950.0,19000.0,18100.0
2024-03-09,15950.0,39350.0,134933.33333333334,31983.333333333332,36700.0,41383.333333333336,68966.66666666667,60866.666666666664,19000.0,18100.0
2024-03-10,15950.0,39350.0,134816.66666666666,31966.666666666668,36700.0,41366.666666666664,68933.33333333333,60783.333333333336,19000.0,18100.0
2024-03-11,15950.0,39350.0,134700.0,31950.0,36700.0,41350.0,68900.0,60700.0,19000.0,18100.0
2024-03-12,15950.0,39350.0,134950.0,31950.0,36650.0,41350.0,69100.0,60750.0,19000.0,18100.0
2024-03-13,16000.0,39450.0,136050.0,32550.0,36700.0,42300.0,74100.0,64800.0,19000.0,18150.0
2024-03-14,16000.0,39350.0,135700.0,32550.0,36750.0,42550.0,73600.0,64300.0,19050.0,18150.0
2024-03-15,16000.0,39300.0,135750.0,32550.0,37100.0,43000.0,71900.0,64300.0,19050.0,18200.0
2024-03-16,16000.0,39150.0,135666.66666666666,32566.666666666668,36966.666666666664,43133.333333333336,68550.0,62583.333333333336,19050.0,18200.0
2024-03-17,16000.0,39000.0,135583.33333333334,32583.333333333332,36833.333333333336,43266.666666666664,65200.0,60866.666666666664,19050.0,18200.0
2024-03-18,16000.0,38850.0,135500.0,32600.0,36700.0,43400.0,61850.0,59150.0,19050.0,18200.0
2024-03-19,16000.0,38700.0,135250.0,32650.0,36700.0,43500.0,59200.0,57900.0,19050.0,18200.0
2024-03-20,16000.0,38550.0,135200.0,32700.0,36800.0,43750.0,57050.0,55950.0,19050.0,18200.0
2024-03-21,15950.0,38600.0,135250.0,32700.0,36700.0,43700.0,54850.0,54450.0,19050.0,18200.0
2024-03-22,15950.0,38600.0,135100.0,32650.0,36750.0,43700.0,53000.0,53250.0,19050.0,18200.0
2024-03-23,15950.0,38500.0,135166.66666666666,32583.333333333332,36650.0,43650.0,52050.0,52716.666666666664,19066.666666666668,18216.666666666668
2024-03-24,15950.0,38400.0,135233.33333333334,32516.666666666668,36550.0,43600.0,51100.0,52183.333333333336,19083.333333333332,18233.333333333332
2024-03-25,15950.0,38300.0,135300.0,32450.0,36450.0,43550.0,50150.0,51650.0,19100.0,18250.0
2024-03-26,15900.0,38150.0,135350.0,32350.0,36650.0,43650.0,49900.0,51350.0,19100.0,18250.0
2024-03-27,15900.0,38000.0,135150.0,32250.0,36950.0,43700.0,49500.0,51100.0,19100.0,18250.0
2024-03-28,15900.0,38050.0,135150.0,32150.0,37100.0,43800.0,49000.0,50850.0,19100.0,18300.0
2024-03-29,15900.0,38000.0,136500.0,32150.0,37200.0,43750.0,48500.0,50850.0,19100.0,18300.0
2024-03-30,15883.333333333334,37983.333333333336,136150.0,32033.333333333332,37583.333333333336,43733.333333333336,48900.0,50783.333333333336,19100.0,18300.0
2024-03-31,15866.666666666666,37966.666666666664,135800.0,31916.666666666668,37966.666666666664,43716.666666666664,49300.0,50716.666666666664,19100.0,18300.0
2024-04-01,15850.0,37950.0,135450.0,31800.0,38350.0,43700.0,49700.0,50650.0,19100.0,18300.0
2024-04-02,15850.0,38200.0,135700.0,31800.0,39250.0,43850.0,50600.0,51400.0,19100.0,18300.0
2024-04-03,15800.0,38400.0,135950.0,31700.0,39850.0,43900.0,50700.0,51450.0,19100.0,18300.0
2024-04-04,15800.0,38500.0,136400.0,31750.0,40300.0,43850.0,50500.0,51200.0,19100.0,18300.0
2024-04-05,15800.0,38900.0,137050.0,31800.0,41850.0,44150.0,51550.0,51850.0,19100.0,18300.0
2024-04-06,15800.0,38900.0,137100.0,31816.666666666668,42000.0,44200.0,51933.333333333336,52133.333333333336,19116.666666666668,18300.0
2024-04-07,15800.0,38900.0,137150.0,31833.333333333332,42150.0,44250.0,52316.666666666664,52416.666666666664,19133.333333333332,18300.0
2024-04-08,15800.0,38900.0,137200.0,31850.0,42300.0,44300.0,52700.0,52700.0,19150.0,18300.0
2024-04-09,15800.0,38900.0,137200.0,31850.0,42200.0,44250.0,52750.0,52700.0,19150.0,18300.0
2024-04-10,15800.0,38900.0,137250.0,31800.0,42150.0,44200.0,52200.0,52450.0,19150.0,18300.0
2024-04-11,15800.0,38900.0,137150.0,31800.0,42150.0,44250.0,52100.0,52500.0,19150.0,18300.0
2024-04-12,15800.0,38850.0,137000.0,31800.0,42050.0,44300.0,52250.0,52900.0,19150.0,18300.0
2024-04-13,15800.0,38850.0,137133.33333333334,31816.666666666668,42333.333333333336,44316.666666666664,52266.666666666664,52800.0,19133.333333333332,18300.0
2024-04-14,15800.0,38850.0,137266.66666666666,31833.333333333332,42616.666666666664,44333.333333333336,52283.333333333336,52700.0,19116.666666666668,18300.0
2024-04-15,15800.0,38850.0,137400.0,31850.0,42900.0,44350.0,52300.0,52600.0,19100.0,18300.0
2024-04-16,15700.0,40150.0,136900.0,31650.0,52050.0,46450.0,50900.0,54450.0,19150.0,18350.0
2024-04-17,15700.0,40250.0,136800.0,31500.0,54150.0,46550.0,49850.0,53900.0,19150.0,18350.0
2024-04-18,15700.0,40100.0,136550.0,31450.0,55200.0,46700.0,48900.0,52800.0,19150.0,18400.0
2024-04-19,15650.0,39800.0,136200.0,31400.0,55850.0,46650.0,48100.0,52550.0,19150.0,18450.0
2024-04-20,15633.333333333334,39683.333333333336,136250.0,31333.333333333332,56283.333333333336,46766.666666666664,48000.0,52733.333333333336,19133.333333333332,18483.333333333332
2024-04-21,15616.666666666666,39566.666666666664,136300.0,31266.666666666668,56716.666666666664,46883.333333333336,47900.0,52916.666666666664,19116.666666666668,18516.666666666668
2024-04-22,15600.0,39450.0,136350.0,31200.0,57150.0,47000.0,47800.0,53100.0,19100.0,18550.0
2024-04-23,15600.0,39200.0,136050.0,31150.0,57200.0,47250.0,48000.0,52900.0,19150.0,18600.0
2024-04-24,15550.0,38950.0,135850.0,30950.0,56900.0,46950.0,47450.0,51100.0,19100.0,18550.0
2024-04-25,15500.0,38900.0,135950.0,31100.0,57050.0,47300.0,47900.0,52200.0,19150.0,18650.0
2024-04-26,15500.0,38750.0,136000.0,31150.0,57200.0,47300.0,49000.0,52450.0,19150.0,18650.0
2024-04-27,15500.0,38550.0,135916.66666666666,31150.0,56966.666666666664,47383.333333333336,50283.333333333336,52550.0,19150.0,18683.333333333332
2024-04-28,15500.0,38350.0,135833.33333333334,31150.0,56733.333333333336,47466.666666666664,51566.666666666664,52650.0,19150.0,18716.666666666668
2024-04-29,15500.0,38150.0,135750.0,31150.0,56500.0,47550.0,52850.0,52750.0,19150.0,18750.0
2024-04-30,15500.0,38000.0,135750.0,31250.0,56250.0,47600.0,53350.0,52800.0,19150.0,18750.0
2024-05-01,15400.0,37850.0,135850.0,31100.0,56000.0,47300.0,52700.0,52400.0,19100.0,18700.0
2024-05-02,15450.0,38000.0,135750.0,31300.0,55450.0,47350.0,54650.0,52800.0,19150.0,18800.0
2024-05-03,15450.0,38050.0,135950.0,31350.0,54900.0,47250.0,54900.0,52500.0,19150.0,18850.0
2024-05-04,15450.0,38216.666666666664,135883.33333333334,31400.0,54333.333333333336,47100.0,54600.0,52350.0,19133.333333333332,18850.0
2024-05-05,15450.0,38383.333333333336,135816.66666666666,31450.0,53766.666666666664,46950.0,54300.0,52200.0,19116.666666666668,18850.0
2024-05-06,15450.0,38550.0,135750.0,31500.0,53200.0,46800.0,54000.0,52050.0,19100.0,18850.0
2024-05-07,15450.0,38600.0,135700.0,31450.0,52900.0,46850.0,53800.0,51900.0,19100.0,18850.0
2024-05-08,15450.0,38750.0,135800.0,31450.0,52450.0,46450.0,53100.0,51650.0,19150.0,18850.0
2024-05-09,15450.0,39000.0,135200.0,31500.0,52400.0,46250.0,53200.0,51300.0,19150.0,18850.0
2024-05-10,15450.0,39050.0,135050.0,31500.0,52400.0,46250.0,53300.0,51300.0,19150.0,18850.0
2024-05-11,15450.0,39083.333333333336,135266.66666666666,31483.333333333332,52000.0,46333.333333333336,52800.0,51133.333333333336,19133.333333333332,18850.0
2024-05-12,15450.0,39116.666666666664,135483.33333333334,31466.666666666668,51600.0,46416.666666666664,52300.0,50966.666666666664,19116.666666666668,18850.0
2024-05-13,15450.0,39150.0,135700.0,31450.0,51200.0,46500.0,51800.0,50800.0,19100.0,18850.0
2024-05-14,15450.0,39100.0,135650.0,31500.0,51200.0,46550.0,51950.0,50850.0,19100.0,18900.0
2024-05-15,15450.0,39000.0,135650.0,31500.0,50950.0,46550.0,52300.0,51300.0,19100.0,18900.0
2024-05-16,15400.0,39350.0,135750.0,31500.0,50850.0,46550.0,51850.0,51750.0,19150.0,18900.0
2024-05-17,15400.0,39300.0,135650.0,31500.0,50700.0,46600.0,52400.0,51150.0,19100.0,18900.0
2024-05-18,15400.0,39183.333333333336,135633.33333333334,31450.0,50566.666666666664,46466.666666666664,52233.333333333336,50950.0,19100.0,18883.333333333332
2024-05-19,15400.0,39066.666666666664,135616.66666666666,31400.0,50433.333333333336,46333.333333333336,52066.666666666664,50750.0,19100.0,18866.666666666668
2024-05-20,15400.0,38950.0,135600.0,31350.0,50300.0,46200.0,51900.0,50550.0,19100.0,18850.0
2024-05-21,15400.0,38950.0,135600.0,31350.0,50150.0,46200.0,51800.0,50950.0,19100.0,18850.0
2024-05-22,15400.0,38900.0,135600.0,31300.0,50000.0,46300.0,51600.0,50700.0,19100.0,18850.0
2024-05-23,15400.0,38800.0,135750.0,31300.0,50150.0,46200.0,51850.0,50750.0,19100.0,18850.0
2024-05-24,15400.0,38750.0,135700.0,31300.0,50150.0,46300.0,51850.0,50800.0,19100.0,18850.0
2024-05-25,15383.333333333334,38766.666666666664,135650.0,31216.666666666668,49866.666666666664,46200.0,51783.333333333336,50883.333333333336,19100.0,18833.333333333332
2024-05-26,15366.666666666666,38783.333333333336,135600.0,31133.333333333332,49583.333333333336,46100.0,51716.666666666664,50966.666666666664,19100.0,18816.666666666668
2024-05-27,15350.0,38800.0,135550.0,31050.0,49300.0,46000.0,51650.0,51050.0,19100.0,18800.0
2024-05-28,15350.0,38700.0,135550.0,31050.0,49050.0,46000.0,52250.0,51100.0,19100.0,18800.0
2024-05-29,15350.0,38600.0,135650.0,31000.0,48800.0,45950.0,52950.0,50750.0,19100.0,18800.0
2024-05-30,15350.0,38450.0,135550.0,30950.0,48600.0,45850.0,52550.0,50750.0,19100.0,18800.0
2024-05-31,15350.0,38400.0,135050.0,31000.0,48350.0,45900.0,52450.0,50800.0,19100.0,18800.0
2024-06-01,15350.0,38200.0,135250.0,30950.0,48033.333333333336,45800.0,52966.666666666664,50933.333333333336,19100.0,18783.333333333332
2024-06-02,15350.0,38000.0,135450.0,30900.0,47716.666666666664,45700.0,53483.333333333336,51066.666666666664,19100.0,18766.666666666668
2024-06-03,15350.0,37800.0,135650.0,30850.0,47400.0,45600.0,54000.0,51200.0,19100.0,18750.0
2024-06-04,15350.0,37750.0,135300.0,30900.0,47400.0,45400.0,54050.0,50750.0,19100.0,18750.0
2024-06-05,15400.0,37850.0,135850.0,30950.0,47200.0,45450.0,55100.0,51550.0,19100.0,18800.0
2024-06-06,15350.0,37300.0,135500.0,30750.0,46700.0,45400.0,54300.0,51100.0,19100.0,18750.0
2024-06-07,15350.0,37250.0,135500.0,30800.0,46600.0,45350.0,54700.0,51350.0,19100.0,18700.0
2024-06-08,15350.0,37183.333333333336,135483.33333333334,30783.333333333332,46566.666666666664,45316.666666666664,55616.666666666664,52466.666666666664,19100.0,18700.0
2024-06-09,15350.0,37116.666666666664,135466.66666666666,30766.666666666668,46533.333333333336,45283.333333333336,56533.333333333336,53583.333333333336,19100.0,18700.0
2024-06-10,15350.0,37050.0,135450.0,30750.0,46500.0,45250.0,57450.0,54700.0,19100.0,18700.0
2024-06-11,15350.0,36950.0,135550.0,30700.0,46050.0,44950.0,58550.0,55350.0,19100.0,18700.0
2024-06-12,15350.0,37050.0,135500.0,30700.0,45900.0,44750.0,60150.0,55450.0,19100.0,18700.0
2024-06-13,15250.0,37050.0,134600.0,30750.0,45500.0,44750.0,60450.0,54450.0,19100.0,18650.0
2024-06-14,15350.0,37700.0,135100.0,30750.0,45600.0,44650.0,63250.0,56450.0,19150.0,18650.0
2024-06-15,15350.0,37733.333333333336,135433.33333333334,30750.0,45533.333333333336,44616.666666666664,63266.666666666664,56500.0,19133.333333333332,18666.666666666668
2024-06-16,15350.0,37766.666666666664,135766.66666666666,30750.0,45466.666666666664,44583.333333333336,63283.333333333336,56550.0,19116.666666666668,18683.333333333332
2024-06-17,15350.0,37800.0,136100.0,30750.0,45400.0,44550.0,63300.0,56600.0,19100.0,18700.0
2024-06-18,15350.0,37600.0,135650.0,30850.0,45700.0,44750.0,63150.0,56900.0,19150.0,18700.0
2024-06-19,15350.0,38100.0,135550.0,30700.0,45050.0,44600.0,68800.0,58900.0,19100.0,18650.0
2024-06-20,15350.0,38100.0,135550.0,30650.0,44750.0,44550.0,68950.0,58550.0,19100.0,18650.0
2024-06-21,15300.0,37750.0,135850.0,30600.0,44250.0,44400.0,67450.0,57600.0,19050.0,18600.0
2024-06-22,15283.333333333334,37633.333333333336,135616.66666666666,30583.333333333332,43983.333333333336,44333.333333333336,65250.0,56383.333333333336,19066.666666666668,18600.0
2024-06-23,15266.666666666666,37516.666666666664,135383.33333333334,30566.666666666668,43716.666666666664,44266.666666666664,63050.0,55166.666666666664,19083.333333333332,18600.0
2024-06-24,15250.0,37400.0,135150.0,30550.0,43450.0,44200.0,60850.0,53950.0,19100.0,18600.0
2024-06-25,15300.0,37650.0,135250.0,30650.0,43250.0,44100.0,60350.0,54400.0,19150.0,18600.0
2024-06-26,15350.0,37550.0,135500.0,30550.0,42900.0,43950.0,57900.0,53450.0,19100.0,18600.0
2024-06-27,15300.0,37250.0,135400.0,30350.0,42150.0,43350.0,56050.0,51650.0,19050.0,18550.0
2024-06-28,15350.0,37550.0,135500.0,30550.0,42500.0,43900.0,54700.0,52250.0,19150.0,18600.0
2024-06-29,15350.0,37350.0,135283.33333333334,30533.333333333332,42033.333333333336,43766.666666666664,53916.666666666664,52416.666666666664,19150.0,18583.333333333332
2024-06-30,15350.0,37150.0,135066.66666666666,30516.666666666668,41566.666666666664,43633.333333333336,53133.333333333336,52583.333333333336,19150.0,18566.666666666668
2024-07-01,15350.0,36950.0,134850.0,30500.0,41100.0,43500.0,52350.0,52750.0,19150.0,18550.0
2024-07-02,15350.0,37000.0,135350.0,30500.0,40850.0,43500.0,52150.0,52700.0,19150.0,18550.0
2024-07-03,15350.0,37000.0,135450.0,30550.0,40350.0,43500.0,52100.0,54150.0,19150.0,18550.0
2024-07-04,15350.0,36650.0,135250.0,30500.0,39950.0,43300.0,52350.0,53900.0,19150.0,18500.0
2024-07-05,15350.0,36950.0,135400.0,30450.0,39700.0,43350.0,52900.0,55050.0,19200.0,18550.0
